series,term,early_df,late_df,early_title_share_pct,late_title_share_pct,log_odds_late_minus_early,z_score,trend
Zograf Readings,философия,14,29,3.18,6.44,0.722,2.251,late
Zograf Readings,термин,11,2,2.5,0.44,-1.5693,-2.249,early
Zograf Readings,история,9,22,2.05,4.89,0.8692,2.246,late
Zograf Readings,этимология,1,8,0.23,1.78,1.7278,1.951,late
Zograf Readings,классификация,7,1,1.59,0.22,-1.6457,-1.84,early
Zograf Readings,ланка,7,1,1.59,0.22,-1.6457,-1.84,early
Zograf Readings,народный,7,1,1.59,0.22,-1.6457,-1.84,early
Zograf Readings,царь,7,1,1.59,0.22,-1.6457,-1.84,early
Zograf Readings,концепт,6,0,1.36,0.0,-2.6011,-1.772,early
Zograf Readings,коллекция,3,10,0.68,2.22,1.0918,1.769,late
Zograf Readings,слово,3,10,0.68,2.22,1.0918,1.769,late
Zograf Readings,язык,13,24,2.95,5.33,0.5983,1.765,late
Zograf Readings,век,11,4,2.5,0.89,-0.9771,-1.757,early
Zograf Readings,бхакти,0,6,0.0,1.33,2.5559,1.742,late
Zograf Readings,вивекананда,0,6,0.0,1.33,2.5559,1.742,late
Zograf Readings,предмет,0,6,0.0,1.33,2.5559,1.742,late
Zograf Readings,текст,38,26,8.64,5.78,-0.4267,-1.691,early
Zograf Readings,панини,2,8,0.45,1.78,1.2147,1.688,late
Zograf Readings,возрождение,6,1,1.36,0.22,-1.5003,-1.656,early
Zograf Readings,конференция,6,1,1.36,0.22,-1.5003,-1.656,early
Zograf Readings,лебедев,5,0,1.14,0.0,-2.4318,-1.646,early
Zograf Readings,происхождение,5,0,1.14,0.0,-2.4318,-1.646,early
Zograf Readings,христианский,5,0,1.14,0.0,-2.4318,-1.646,early
Zograf Readings,ганди,0,5,0.0,1.11,2.3866,1.616,late
Zograf Readings,мантра,0,5,0.0,1.11,2.3866,1.616,late
Zograf Readings,приветственный,0,5,0.0,1.11,2.3866,1.616,late
Zograf Readings,родство,0,5,0.0,1.11,2.3866,1.616,late
Zograf Readings,свами,0,5,0.0,1.11,2.3866,1.616,late
Zograf Readings,след,0,5,0.0,1.11,2.3866,1.616,late
Zograf Readings,тантризм,0,5,0.0,1.11,2.3866,1.616,late
Zograf Readings,комментарий,1,6,0.23,1.33,1.455,1.606,late
Zograf Readings,лалитавистара,1,6,0.23,1.33,1.455,1.606,late
Zograf Readings,обряд,1,6,0.23,1.33,1.455,1.606,late
Zograf Readings,понимание,1,6,0.23,1.33,1.455,1.606,late
Zograf Readings,русский,1,6,0.23,1.33,1.455,1.606,late
Zograf Readings,божество,4,0,0.91,0.0,-2.2288,-1.495,early
Zograf Readings,выступление,4,0,0.91,0.0,-2.2288,-1.495,early
Zograf Readings,изменение,4,0,0.91,0.0,-2.2288,-1.495,early
Zograf Readings,китайский,4,0,0.91,0.0,-2.2288,-1.495,early
Zograf Readings,реальность,4,0,0.91,0.0,-2.2288,-1.495,early
Zograf Readings,символика,4,0,0.91,0.0,-2.2288,-1.495,early
Zograf Readings,эволюция,4,0,0.91,0.0,-2.2288,-1.495,early
Zograf Readings,мотив,2,7,0.45,1.56,1.0873,1.489,late
Zograf Readings,куллуи,0,4,0.0,0.89,2.1837,1.465,late
Zograf Readings,маэ,0,4,0.0,0.89,2.1837,1.465,late
Zograf Readings,толкование,0,4,0.0,0.89,2.1837,1.465,late
Zograf Readings,храм,0,4,0.0,0.89,2.1837,1.465,late
Zograf Readings,культура,8,3,1.82,0.67,-0.9214,-1.451,early
Zograf Readings,восприятие,5,1,1.14,0.22,-1.3309,-1.445,early
Zograf Readings,дхарма,5,1,1.14,0.22,-1.3309,-1.445,early
Zograf Readings,жанр,5,1,1.14,0.22,-1.3309,-1.445,early
Zograf Readings,человек,5,1,1.14,0.22,-1.3309,-1.445,early
Zograf Readings,ритуал,5,11,1.14,2.44,0.7285,1.405,late
Zograf Readings,западный,1,5,0.23,1.11,1.2857,1.396,late
Zograf Readings,племя,1,5,0.23,1.11,1.2857,1.396,late
Zograf Readings,прием,1,5,0.23,1.11,1.2857,1.396,late
Zograf Readings,рушдить,1,5,0.23,1.11,1.2857,1.396,late
Zograf Readings,ранний,9,4,2.05,0.89,-0.7814,-1.365,early
Zograf Readings,ригведа,9,4,2.05,0.89,-0.7814,-1.365,early
Zograf Readings,открытие,6,2,1.36,0.44,-0.9872,-1.327,early
Zograf Readings,стиль,6,2,1.36,0.44,-0.9872,-1.327,early
Zograf Readings,творчество,6,2,1.36,0.44,-0.9872,-1.327,early
Zograf Readings,актуальный,3,0,0.68,0.0,-1.9752,-1.306,early
Zograf Readings,видеоматериал,3,0,0.68,0.0,-1.9752,-1.306,early
Zograf Readings,вишишта-адвайта-ведант,3,0,0.68,0.0,-1.9752,-1.306,early
Zograf Readings,герасим,3,0,0.68,0.0,-1.9752,-1.306,early
Zograf Readings,герой,3,0,0.68,0.0,-1.9752,-1.306,early
Zograf Readings,джаясь,3,0,0.68,0.0,-1.9752,-1.306,early
Zograf Readings,изображение,3,0,0.68,0.0,-1.9752,-1.306,early
Zograf Readings,калика-пурана,3,0,0.68,0.0,-1.9752,-1.306,early
Zograf Readings,калькутта,3,0,0.68,0.0,-1.9752,-1.306,early
Zograf Readings,критика,3,0,0.68,0.0,-1.9752,-1.306,early
Zograf Readings,легенда,3,0,0.68,0.0,-1.9752,-1.306,early
Zograf Readings,мысль,3,0,0.68,0.0,-1.9752,-1.306,early
Zograf Readings,ордалия,3,0,0.68,0.0,-1.9752,-1.306,early
Zograf Readings,политика,3,0,0.68,0.0,-1.9752,-1.306,early
Zograf Readings,предварительный,3,0,0.68,0.0,-1.9752,-1.306,early
Zograf Readings,принцип,3,0,0.68,0.0,-1.9752,-1.306,early
Zograf Readings,символический,3,0,0.68,0.0,-1.9752,-1.306,early
Zograf Readings,современность,3,0,0.68,0.0,-1.9752,-1.306,early
Zograf Readings,согласно,3,0,0.68,0.0,-1.9752,-1.306,early
Zograf Readings,сообщение,3,0,0.68,0.0,-1.9752,-1.306,early
Zograf Readings,старый,3,0,0.68,0.0,-1.9752,-1.306,early
Zograf Readings,телугу,3,0,0.68,0.0,-1.9752,-1.306,early
Zograf Readings,исток,4,9,0.91,2.0,0.7358,1.286,late
Zograf Readings,практика,4,9,0.91,2.0,0.7358,1.286,late
Zograf Readings,рамаяна,4,9,0.91,2.0,0.7358,1.286,late
Zograf Readings,индия,58,72,13.18,16.0,0.2251,1.281,late
Zograf Readings,асанга,0,3,0.0,0.67,1.9301,1.277,late
Zograf Readings,вальмик,0,3,0.0,0.67,1.9301,1.277,late
Zograf Readings,востоковед,0,3,0.0,0.67,1.9301,1.277,late
Zograf Readings,город,0,3,0.0,0.67,1.9301,1.277,late
Zograf Readings,действие,0,3,0.0,0.67,1.9301,1.277,late
Zograf Readings,дипанкара,0,3,0.0,0.67,1.9301,1.277,late
Zograf Readings,инклюзивизм,0,3,0.0,0.67,1.9301,1.277,late
Zograf Readings,йогический,0,3,0.0,0.67,1.9301,1.277,late
Zograf Readings,керала,0,3,0.0,0.67,1.9301,1.277,late
Zograf Readings,когнитивный,0,3,0.0,0.67,1.9301,1.277,late
Zograf Readings,махаяна,0,3,0.0,0.67,1.9301,1.277,late
Zograf Readings,мифологический,0,3,0.0,0.67,1.9301,1.277,late
Zograf Readings,онтология,0,3,0.0,0.67,1.9301,1.277,late
Zograf Readings,ошо,0,3,0.0,0.67,1.9301,1.277,late
Zograf Readings,парибхаша,0,3,0.0,0.67,1.9301,1.277,late
Zograf Readings,предание,0,3,0.0,0.67,1.9301,1.277,late
Zograf Readings,рыба,0,3,0.0,0.67,1.9301,1.277,late
Zograf Readings,салман,0,3,0.0,0.67,1.9301,1.277,late
Zograf Readings,сериал,0,3,0.0,0.67,1.9301,1.277,late
Zograf Readings,сикх,0,3,0.0,0.67,1.9301,1.277,late
Zograf Readings,сит,0,3,0.0,0.67,1.9301,1.277,late
Zograf Readings,сурешвара,0,3,0.0,0.67,1.9301,1.277,late
Zograf Readings,умапати,0,3,0.0,0.67,1.9301,1.277,late
Zograf Readings,фон,0,3,0.0,0.67,1.9301,1.277,late
Zograf Readings,художник,0,3,0.0,0.67,1.9301,1.277,late
Zograf Readings,шивачарья,0,3,0.0,0.67,1.9301,1.277,late
Zograf Readings,экспедиция,0,3,0.0,0.67,1.9301,1.277,late
Zograf Readings,контекст,7,13,1.59,2.89,0.5786,1.27,late
Zograf Readings,миф,7,13,1.59,2.89,0.5786,1.27,late
Zograf Readings,фольклор,2,6,0.45,1.33,0.9419,1.266,late
Zograf Readings,тибет,11,6,2.5,1.33,-0.6049,-1.233,early
Zograf Readings,культурный,7,3,1.59,0.67,-0.7939,-1.226,early
Zograf Readings,поэма,7,3,1.59,0.67,-0.7939,-1.226,early
Zograf Readings,рукопись,7,3,1.59,0.67,-0.7939,-1.226,early
Zograf Readings,мыслитель,4,1,0.91,0.22,-1.128,-1.196,early
Zograf Readings,надпись,4,1,0.91,0.22,-1.128,-1.196,early
Zograf Readings,описание,4,1,0.91,0.22,-1.128,-1.196,early
Zograf Readings,поэтический,4,1,0.91,0.22,-1.128,-1.196,early
Zograf Readings,программа,4,1,0.91,0.22,-1.128,-1.196,early
Zograf Readings,религиозно-философский,4,1,0.91,0.22,-1.128,-1.196,early
Zograf Readings,способ,4,1,0.91,0.22,-1.128,-1.196,early
Zograf Readings,понятие,3,7,0.68,1.56,0.7485,1.156,late
Zograf Readings,вариант,1,4,0.23,0.89,1.0828,1.148,late
Zograf Readings,вода,1,4,0.23,0.89,1.0828,1.148,late
Zograf Readings,наследие,1,4,0.23,0.89,1.0828,1.148,late
Zograf Readings,протоиндийский,1,4,0.23,0.89,1.0828,1.148,late
Zograf Readings,индуизм,8,4,1.82,0.89,-0.6678,-1.146,early
Zograf Readings,будда,9,5,2.05,1.11,-0.5785,-1.08,early
Zograf Readings,богиня,5,2,1.14,0.44,-0.8179,-1.072,early
Zograf Readings,версия,5,2,1.14,0.44,-0.8179,-1.072,early
Zograf Readings,вишну,5,2,1.14,0.44,-0.8179,-1.072,early
Zograf Readings,глава,5,2,1.14,0.44,-0.8179,-1.072,early
Zograf Readings,взгляд,2,5,0.45,1.11,0.7726,1.013,late
Zograf Readings,грамматика,2,5,0.45,1.11,0.7726,1.013,late
Zograf Readings,маэ_ран,2,5,0.45,1.11,0.7726,1.013,late
Zograf Readings,три,2,5,0.45,1.11,0.7726,1.013,late
Zograf Readings,индуистский,5,9,1.14,2.0,0.5329,0.995,late
Zograf Readings,ритуальный,5,9,1.14,2.0,0.5329,0.995,late
Zograf Readings,веданта,6,3,1.36,0.67,-0.6485,-0.978,early
Zograf Readings,древний,6,3,1.36,0.67,-0.6485,-0.978,early
Zograf Readings,классический,6,3,1.36,0.67,-0.6485,-0.978,early
Zograf Readings,санскрит,16,22,3.64,4.89,0.3008,0.928,late
Zograf Readings,тагор,3,6,0.68,1.33,0.6032,0.91,late
Zograf Readings,терминология,3,6,0.68,1.33,0.6032,0.91,late
Zograf Readings,сказание,7,4,1.59,0.89,-0.5404,-0.906,early
Zograf Readings,абхидхармакош,3,1,0.68,0.22,-0.8744,-0.896,early
Zograf Readings,адивась,3,1,0.68,0.22,-0.8744,-0.896,early
Zograf Readings,деревня,3,1,0.68,0.22,-0.8744,-0.896,early
Zograf Readings,дополнение,3,1,0.68,0.22,-0.8744,-0.896,early
Zograf Readings,корень,3,1,0.68,0.22,-0.8744,-0.896,early
Zograf Readings,кришна,3,1,0.68,0.22,-0.8744,-0.896,early
Zograf Readings,натьяшастр,3,1,0.68,0.22,-0.8744,-0.896,early
Zograf Readings,раджастхан,3,1,0.68,0.22,-0.8744,-0.896,early
Zograf Readings,рассказ,3,1,0.68,0.22,-0.8744,-0.896,early
Zograf Readings,сингал,3,1,0.68,0.22,-0.8744,-0.896,early
Zograf Readings,состав,3,1,0.68,0.22,-0.8744,-0.896,early
Zograf Readings,сосуд,3,1,0.68,0.22,-0.8744,-0.896,early
Zograf Readings,фигура,3,1,0.68,0.22,-0.8744,-0.896,early
Zograf Readings,эпизод,3,1,0.68,0.22,-0.8744,-0.896,early
Zograf Readings,архитектура,1,3,0.23,0.67,0.8293,0.85,late
Zograf Readings,восточный,1,3,0.23,0.67,0.8293,0.85,late
Zograf Readings,дравидология,1,3,0.23,0.67,0.8293,0.85,late
Zograf Readings,дхармакиртеть,1,3,0.23,0.67,0.8293,0.85,late
Zograf Readings,живой,1,3,0.23,0.67,0.8293,0.85,late
Zograf Readings,канонический,1,3,0.23,0.67,0.8293,0.85,late
Zograf Readings,махабхарат,8,5,1.82,1.11,-0.4649,-0.85,early
Zograf Readings,мерварт,1,3,0.23,0.67,0.8293,0.85,late
Zograf Readings,народ,1,3,0.23,0.67,0.8293,0.85,late
Zograf Readings,наука,1,3,0.23,0.67,0.8293,0.85,late
Zograf Readings,памятник,1,3,0.23,0.67,0.8293,0.85,late
Zograf Readings,письменность,1,3,0.23,0.67,0.8293,0.85,late
Zograf Readings,почитание,1,3,0.23,0.67,0.8293,0.85,late
Zograf Readings,синтез,1,3,0.23,0.67,0.8293,0.85,late
Zograf Readings,труд,1,3,0.23,0.67,0.8293,0.85,late
Zograf Readings,концепция,9,6,2.05,1.33,-0.4092,-0.804,early
Zograf Readings,возможный,4,2,0.91,0.44,-0.6149,-0.78,early
Zograf Readings,диаспора,4,2,0.91,0.44,-0.6149,-0.78,early
Zograf Readings,кашмирский,4,2,0.91,0.44,-0.6149,-0.78,early
Zograf Readings,мифология,4,2,0.91,0.44,-0.6149,-0.78,early
Zograf Readings,начало,4,2,0.91,0.44,-0.6149,-0.78,early
Zograf Readings,сутра,4,2,0.91,0.44,-0.6149,-0.78,early
Zograf Readings,танец,4,2,0.91,0.44,-0.6149,-0.78,early
Zograf Readings,формула,4,2,0.91,0.44,-0.6149,-0.78,early
Zograf Readings,функция,4,2,0.91,0.44,-0.6149,-0.78,early
Zograf Readings,эпический,4,2,0.91,0.44,-0.6149,-0.78,early
Zograf Readings,южная_индия,4,2,0.91,0.44,-0.6149,-0.78,early
Zograf Readings,традиционный,10,7,2.27,1.56,-0.3662,-0.766,early
Zograf Readings,игра,2,4,0.45,0.89,0.5697,0.722,late
Zograf Readings,йога,2,4,0.45,0.89,0.5697,0.722,late
Zograf Readings,мунда,2,4,0.45,0.89,0.5697,0.722,late
Zograf Readings,смысл,2,4,0.45,0.89,0.5697,0.722,late
Zograf Readings,сравнительный,2,4,0.45,0.89,0.5697,0.722,late
Zograf Readings,тантрический,2,4,0.45,0.89,0.5697,0.722,late
Zograf Readings,трактат,2,4,0.45,0.89,0.5697,0.722,late
Zograf Readings,фонд,2,4,0.45,0.89,0.5697,0.722,late
Zograf Readings,шива,2,4,0.45,0.89,0.5697,0.722,late
Zograf Readings,канон,5,3,1.14,0.67,-0.4792,-0.701,early
Zograf Readings,формирование,5,3,1.14,0.67,-0.4792,-0.701,early
Zograf Readings,васубандх,6,4,1.36,0.89,-0.395,-0.644,early
Zograf Readings,минаев,6,4,1.36,0.89,-0.395,-0.644,early
Zograf Readings,южный,3,5,0.68,1.11,0.4339,0.635,late
Zograf Readings,учение,8,11,1.82,2.44,0.2862,0.633,late
Zograf Readings,книга,7,5,1.59,1.11,-0.3375,-0.601,early
Zograf Readings,директор,4,6,0.91,1.33,0.3496,0.57,late
Zograf Readings,древнеиндийский,9,7,2.05,1.56,-0.2638,-0.54,early
Zograf Readings,хинди,9,7,2.05,1.56,-0.2638,-0.54,early
Zograf Readings,роман,5,7,1.14,1.56,0.292,0.52,late
Zograf Readings,средневековый,5,7,1.14,1.56,0.292,0.52,late
Zograf Readings,аватар,2,1,0.45,0.22,-0.5356,-0.519,early
Zograf Readings,акт,2,1,0.45,0.22,-0.5356,-0.519,early
Zograf Readings,ассам,2,1,0.45,0.22,-0.5356,-0.519,early
Zograf Readings,атомизм,2,1,0.45,0.22,-0.5356,-0.519,early
Zograf Readings,баул,2,1,0.45,0.22,-0.5356,-0.519,early
Zograf Readings,вид,2,1,0.45,0.22,-0.5356,-0.519,early
Zograf Readings,глагольный,2,1,0.45,0.22,-0.5356,-0.519,early
Zograf Readings,группа,2,1,0.45,0.22,-0.5356,-0.519,early
Zograf Readings,гуджарат,2,1,0.45,0.22,-0.5356,-0.519,early
Zograf Readings,далджито,2,1,0.45,0.22,-0.5356,-0.519,early
Zograf Readings,дерево,2,1,0.45,0.22,-0.5356,-0.519,early
Zograf Readings,дешик,2,1,0.45,0.22,-0.5356,-0.519,early
Zograf Readings,джатака,2,1,0.45,0.22,-0.5356,-0.519,early
Zograf Readings,другой,2,1,0.45,0.22,-0.5356,-0.519,early
Zograf Readings,животное,2,1,0.45,0.22,-0.5356,-0.519,early
Zograf Readings,жизнеописание,2,1,0.45,0.22,-0.5356,-0.519,early
Zograf Readings,завершать,2,1,0.45,0.22,-0.5356,-0.519,early
Zograf Readings,индоиранский,2,1,0.45,0.22,-0.5356,-0.519,early
Zograf Readings,картина,2,1,0.45,0.22,-0.5356,-0.519,early
Zograf Readings,ладакх,2,1,0.45,0.22,-0.5356,-0.519,early
Zograf Readings,между,2,1,0.45,0.22,-0.5356,-0.519,early
Zograf Readings,москва,2,1,0.45,0.22,-0.5356,-0.519,early
Zograf Readings,награ,2,1,0.45,0.22,-0.5356,-0.519,early
Zograf Readings,найти,2,1,0.45,0.22,-0.5356,-0.519,early
Zograf Readings,непосредственный,2,1,0.45,0.22,-0.5356,-0.519,early
Zograf Readings,парс,2,1,0.45,0.22,-0.5356,-0.519,early
Zograf Readings,передача,2,1,0.45,0.22,-0.5356,-0.519,early
Zograf Readings,письмо,2,1,0.45,0.22,-0.5356,-0.519,early
Zograf Readings,полевой,2,1,0.45,0.22,-0.5356,-0.519,early
Zograf Readings,посвящение,2,1,0.45,0.22,-0.5356,-0.519,early
Zograf Readings,пословица,2,1,0.45,0.22,-0.5356,-0.519,early
Zograf Readings,поэтика,2,1,0.45,0.22,-0.5356,-0.519,early
Zograf Readings,природа,2,1,0.45,0.22,-0.5356,-0.519,early
Zograf Readings,просветление,2,1,0.45,0.22,-0.5356,-0.519,early
Zograf Readings,размышление,2,1,0.45,0.22,-0.5356,-0.519,early
Zograf Readings,рациональность,2,1,0.45,0.22,-0.5356,-0.519,early
Zograf Readings,садхана,2,1,0.45,0.22,-0.5356,-0.519,early
Zograf Readings,свет,2,1,0.45,0.22,-0.5356,-0.519,early
Zograf Readings,содержание,2,1,0.45,0.22,-0.5356,-0.519,early
Zograf Readings,создание,2,1,0.45,0.22,-0.5356,-0.519,early
Zograf Readings,специфический,2,1,0.45,0.22,-0.5356,-0.519,early
Zograf Readings,строфа,2,1,0.45,0.22,-0.5356,-0.519,early
Zograf Readings,так,2,1,0.45,0.22,-0.5356,-0.519,early
Zograf Readings,часть,2,1,0.45,0.22,-0.5356,-0.519,early
Zograf Readings,элемент,2,1,0.45,0.22,-0.5356,-0.519,early
Zograf Readings,азия,1,2,0.23,0.44,0.4906,0.475,late
Zograf Readings,айодхие,1,2,0.23,0.44,0.4906,0.475,late
Zograf Readings,библиотека,1,2,0.23,0.44,0.4906,0.475,late
Zograf Readings,война,1,2,0.23,0.44,0.4906,0.475,late
Zograf Readings,восток,1,2,0.23,0.44,0.4906,0.475,late
Zograf Readings,иконографический,1,2,0.23,0.44,0.4906,0.475,late
Zograf Readings,йогини-тантра,1,2,0.23,0.44,0.4906,0.475,late
Zograf Readings,компаративный,1,2,0.23,0.44,0.4906,0.475,late
Zograf Readings,мать,1,2,0.23,0.44,0.4906,0.475,late
Zograf Readings,мессершмидт,1,2,0.23,0.44,0.4906,0.475,late
Zograf Readings,мистический,1,2,0.23,0.44,0.4906,0.475,late
Zograf Readings,научный,1,2,0.23,0.44,0.4906,0.475,late
Zograf Readings,обучение,1,2,0.23,0.44,0.4906,0.475,late
Zograf Readings,орисса,1,2,0.23,0.44,0.4906,0.475,late
Zograf Readings,отражение,1,2,0.23,0.44,0.4906,0.475,late
Zograf Readings,пали,1,2,0.23,0.44,0.4906,0.475,late
Zograf Readings,парадигма,1,2,0.23,0.44,0.4906,0.475,late
Zograf Readings,повод,1,2,0.23,0.44,0.4906,0.475,late
Zograf Readings,поздний,1,2,0.23,0.44,0.4906,0.475,late
Zograf Readings,поле,1,2,0.23,0.44,0.4906,0.475,late
Zograf Readings,последний,1,2,0.23,0.44,0.4906,0.475,late
Zograf Readings,потоп,1,2,0.23,0.44,0.4906,0.475,late
Zograf Readings,рабиндранат,1,2,0.23,0.44,0.4906,0.475,late
Zograf Readings,ракурс,1,2,0.23,0.44,0.4906,0.475,late
Zograf Readings,результат,1,2,0.23,0.44,0.4906,0.475,late
Zograf Readings,рельеф,1,2,0.23,0.44,0.4906,0.475,late
Zograf Readings,ренессанс,1,2,0.23,0.44,0.4906,0.475,late
Zograf Readings,североиндийский,1,2,0.23,0.44,0.4906,0.475,late
Zograf Readings,синоним,1,2,0.23,0.44,0.4906,0.475,late
Zograf Readings,скульптура,1,2,0.23,0.44,0.4906,0.475,late
Zograf Readings,словарь,1,2,0.23,0.44,0.4906,0.475,late
Zograf Readings,сотериологический,1,2,0.23,0.44,0.4906,0.475,late
Zograf Readings,средство,1,2,0.23,0.44,0.4906,0.475,late
Zograf Readings,существование,1,2,0.23,0.44,0.4906,0.475,late
Zograf Readings,такой,1,2,0.23,0.44,0.4906,0.475,late
Zograf Readings,тень,1,2,0.23,0.44,0.4906,0.475,late
Zograf Readings,третий,1,2,0.23,0.44,0.4906,0.475,late
Zograf Readings,фрагмент,1,2,0.23,0.44,0.4906,0.475,late
Zograf Readings,цикл,1,2,0.23,0.44,0.4906,0.475,late
Zograf Readings,четыре,1,2,0.23,0.44,0.4906,0.475,late
Zograf Readings,шайв-бхакть,1,2,0.23,0.44,0.4906,0.475,late
Zograf Readings,шиваитский,1,2,0.23,0.44,0.4906,0.475,late
Zograf Readings,бенгальский,13,11,2.95,2.44,-0.188,-0.469,early
Zograf Readings,религия,7,9,1.59,2.0,0.2181,0.447,late
Zograf Readings,британский,3,2,0.68,0.44,-0.3613,-0.436,early
Zograf Readings,вакьяпадий,3,2,0.68,0.44,-0.3613,-0.436,early
Zograf Readings,ведды,3,2,0.68,0.44,-0.3613,-0.436,early
Zograf Readings,время,3,2,0.68,0.44,-0.3613,-0.436,early
Zograf Readings,дискуссия,3,2,0.68,0.44,-0.3613,-0.436,early
Zograf Readings,европейский,3,2,0.68,0.44,-0.3613,-0.436,early
Zograf Readings,женский,3,2,0.68,0.44,-0.3613,-0.436,early
Zograf Readings,метафора,3,2,0.68,0.44,-0.3613,-0.436,early
Zograf Readings,непал,3,2,0.68,0.44,-0.3613,-0.436,early
Zograf Readings,общество,3,2,0.68,0.44,-0.3613,-0.436,early
Zograf Readings,произведение,3,2,0.68,0.44,-0.3613,-0.436,early
Zograf Readings,проповедь,3,2,0.68,0.44,-0.3613,-0.436,early
Zograf Readings,размер,3,2,0.68,0.44,-0.3613,-0.436,early
Zograf Readings,священный,3,2,0.68,0.44,-0.3613,-0.436,early
Zograf Readings,стихотворный,3,2,0.68,0.44,-0.3613,-0.436,early
Zograf Readings,храмовый,3,2,0.68,0.44,-0.3613,-0.436,early
Zograf Readings,шиваизм,3,2,0.68,0.44,-0.3613,-0.436,early
Zograf Readings,тамильский,9,11,2.05,2.44,0.1727,0.394,late
Zograf Readings,абхинавагупта,4,3,0.91,0.67,-0.2762,-0.388,early
Zograf Readings,бенгалия,4,3,0.91,0.67,-0.2762,-0.388,early
Zograf Readings,бхартрихари,4,3,0.91,0.67,-0.2762,-0.388,early
Zograf Readings,композиция,4,3,0.91,0.67,-0.2762,-0.388,early
Zograf Readings,культ,4,3,0.91,0.67,-0.2762,-0.388,early
Zograf Readings,речь,4,3,0.91,0.67,-0.2762,-0.388,early
Zograf Readings,сознание,4,3,0.91,0.67,-0.2762,-0.388,early
Zograf Readings,упанишад,4,3,0.91,0.67,-0.2762,-0.388,early
Zograf Readings,школа,4,3,0.91,0.67,-0.2762,-0.388,early
Zograf Readings,брахман,2,3,0.45,0.67,0.3162,0.382,late
Zograf Readings,идея,2,3,0.45,0.67,0.3162,0.382,late
Zograf Readings,категория,2,3,0.45,0.67,0.3162,0.382,late
Zograf Readings,лингвистика,2,3,0.45,0.67,0.3162,0.382,late
Zograf Readings,оберхаммер,2,3,0.45,0.67,0.3162,0.382,late
Zograf Readings,освобождение,2,3,0.45,0.67,0.3162,0.382,late
Zograf Readings,раманудж,2,3,0.45,0.67,0.3162,0.382,late
Zograf Readings,центральный,2,3,0.45,0.67,0.3162,0.382,late
Zograf Readings,бог,5,4,1.14,0.89,-0.2256,-0.355,early
Zograf Readings,жизнь,5,4,1.14,0.89,-0.2256,-0.355,early
Zograf Readings,современный,11,13,2.5,2.89,0.1419,0.354,late
Zograf Readings,два,6,5,1.36,1.11,-0.1921,-0.331,early
Zograf Readings,представление,6,5,1.36,1.11,-0.1921,-0.331,early
Zograf Readings,бхагавадгита,3,4,0.68,0.89,0.231,0.324,late
Zograf Readings,искусство,3,4,0.68,0.89,0.231,0.324,late
Zograf Readings,лексика,3,4,0.68,0.89,0.231,0.324,late
Zograf Readings,непальский,3,4,0.68,0.89,0.231,0.324,late
Zograf Readings,первый,3,4,0.68,0.89,0.231,0.324,late
Zograf Readings,развитие,3,4,0.68,0.89,0.231,0.324,late
Zograf Readings,реконструкция,3,4,0.68,0.89,0.231,0.324,late
Zograf Readings,форма,3,4,0.68,0.89,0.231,0.324,late
Zograf Readings,образ,15,17,3.41,3.78,0.1027,0.295,late
Zograf Readings,драма,4,5,0.91,1.11,0.1803,0.284,late
Zograf Readings,неварский,4,5,0.91,1.11,0.1803,0.284,late
Zograf Readings,теория,4,5,0.91,1.11,0.1803,0.284,late
Zograf Readings,эпос,4,5,0.91,1.11,0.1803,0.284,late
Zograf Readings,традиция,17,19,3.86,4.22,0.0895,0.272,late
Zograf Readings,театр,5,6,1.14,1.33,0.1466,0.253,late
Zograf Readings,тантра,7,8,1.59,1.78,0.1046,0.209,late
Zograf Readings,ивр_ран,8,9,1.82,2.0,0.0906,0.192,late
Zograf Readings,перевод,9,10,2.05,2.22,0.0794,0.177,late
Zograf Readings,буддизм,29,29,6.59,6.44,-0.024,-0.092,early
Zograf Readings,литература,15,15,3.41,3.33,-0.0232,-0.065,early
Zograf Readings,поэзия,15,15,3.41,3.33,-0.0232,-0.065,early
Zograf Readings,ведийский,12,12,2.73,2.67,-0.0231,-0.058,early
Zograf Readings,новый,10,10,2.27,2.22,-0.023,-0.053,early
Zograf Readings,сюжет,10,10,2.27,2.22,-0.023,-0.053,early
Zograf Readings,источник,7,7,1.59,1.56,-0.0228,-0.044,early
Zograf Readings,семантика,5,5,1.14,1.11,-0.0227,-0.038,early
Zograf Readings,собрание,5,5,1.14,1.11,-0.0227,-0.038,early
Zograf Readings,гимн,4,4,0.91,0.89,-0.0227,-0.034,early
Zograf Readings,знание,4,4,0.91,0.89,-0.0227,-0.034,early
Zograf Readings,индоевропейский,4,4,0.91,0.89,-0.0227,-0.034,early
Zograf Readings,мир,4,4,0.91,0.89,-0.0227,-0.034,early
Zograf Readings,система,4,4,0.91,0.89,-0.0227,-0.034,early
Zograf Readings,шанкара,4,4,0.91,0.89,-0.0227,-0.034,early
Zograf Readings,абхидхарма,3,3,0.68,0.67,-0.0226,-0.03,early
Zograf Readings,иконография,3,3,0.68,0.67,-0.0226,-0.03,early
Zograf Readings,параллель,3,3,0.68,0.67,-0.0226,-0.03,early
Zograf Readings,фольклорный,3,3,0.68,0.67,-0.0226,-0.03,early
Zograf Readings,что,3,3,0.68,0.67,-0.0226,-0.03,early
Zograf Readings,влияние,2,2,0.45,0.44,-0.0225,-0.025,early
Zograf Readings,герменевтика,2,2,0.45,0.44,-0.0225,-0.025,early
Zograf Readings,глаз,2,2,0.45,0.44,-0.0225,-0.025,early
Zograf Readings,дискурс,2,2,0.45,0.44,-0.0225,-0.025,early
Zograf Readings,доктрина,2,2,0.45,0.44,-0.0225,-0.025,early
Zograf Readings,духовный,2,2,0.45,0.44,-0.0225,-0.025,early
Zograf Readings,кали,2,2,0.45,0.44,-0.0225,-0.025,early
Zograf Readings,кинематограф,2,2,0.45,0.44,-0.0225,-0.025,early
Zograf Readings,колониальный,2,2,0.45,0.44,-0.0225,-0.025,early
Zograf Readings,комплекс,2,2,0.45,0.44,-0.0225,-0.025,early
Zograf Readings,модель,2,2,0.45,0.44,-0.0225,-0.025,early
Zograf Readings,натарадж,2,2,0.45,0.44,-0.0225,-0.025,early
Zograf Readings,определение,2,2,0.45,0.44,-0.0225,-0.025,early
Zograf Readings,основа,2,2,0.45,0.44,-0.0225,-0.025,early
Zograf Readings,основной,2,2,0.45,0.44,-0.0225,-0.025,early
Zograf Readings,познание,2,2,0.45,0.44,-0.0225,-0.025,early
Zograf Readings,проза,2,2,0.45,0.44,-0.0225,-0.025,early
Zograf Readings,рождение,2,2,0.45,0.44,-0.0225,-0.025,early
Zograf Readings,сборник,2,2,0.45,0.44,-0.0225,-0.025,early
Zograf Readings,сказка,2,2,0.45,0.44,-0.0225,-0.025,early
Zograf Readings,социальный,2,2,0.45,0.44,-0.0225,-0.025,early
Zograf Readings,судьба,2,2,0.45,0.44,-0.0225,-0.025,early
Zograf Readings,схема,2,2,0.45,0.44,-0.0225,-0.025,early
Zograf Readings,типология,2,2,0.45,0.44,-0.0225,-0.025,early
Zograf Readings,эпистемология,2,2,0.45,0.44,-0.0225,-0.025,early
Zograf Readings,этнографический,2,2,0.45,0.44,-0.0225,-0.025,early
Roerich Readings,текст,29,17,12.66,7.0,-0.6441,-2.135,early
Roerich Readings,концепция,7,1,3.06,0.41,-1.6955,-1.896,early
Roerich Readings,литература,12,5,5.24,2.06,-0.9132,-1.785,early
Roerich Readings,бхакти,1,7,0.44,2.88,1.575,1.761,late
Roerich Readings,кашмирский,5,0,2.18,0.0,-2.4791,-1.678,early
Roerich Readings,русский,0,5,0.0,2.06,2.3594,1.597,late
Roerich Readings,монгольский,1,6,0.44,2.47,1.4277,1.576,late
Roerich Readings,восприятие,4,0,1.75,0.0,-2.274,-1.525,early
Roerich Readings,субъект,4,0,1.75,0.0,-2.274,-1.525,early
Roerich Readings,шиваизм,4,0,1.75,0.0,-2.274,-1.525,early
Roerich Readings,описание,5,1,2.18,0.41,-1.3764,-1.494,early
Roerich Readings,рамаяна,5,1,2.18,0.41,-1.3764,-1.494,early
Roerich Readings,сакральный,5,1,2.18,0.41,-1.3764,-1.494,early
Roerich Readings,идея,0,4,0.0,1.65,2.1546,1.445,late
Roerich Readings,имперский,0,4,0.0,1.65,2.1546,1.445,late
Roerich Readings,формирование,0,4,0.0,1.65,2.1546,1.445,late
Roerich Readings,эпоха,0,4,0.0,1.65,2.1546,1.445,late
Roerich Readings,язык,15,9,6.55,3.7,-0.5787,-1.404,early
Roerich Readings,санскрит,10,18,4.37,7.41,0.5394,1.396,late
Roerich Readings,начало,1,5,0.44,2.06,1.2564,1.364,late
Roerich Readings,новый,1,5,0.44,2.06,1.2564,1.364,late
Roerich Readings,поэтический,1,5,0.44,2.06,1.2564,1.364,late
Roerich Readings,вастувидие,3,0,1.31,0.0,-2.0183,-1.335,early
Roerich Readings,жанр,3,0,1.31,0.0,-2.0183,-1.335,early
Roerich Readings,ишварапратьябхиджень-вимаршиня,3,0,1.31,0.0,-2.0183,-1.335,early
Roerich Readings,легенда,3,0,1.31,0.0,-2.0183,-1.335,early
Roerich Readings,миф,3,0,1.31,0.0,-2.0183,-1.335,early
Roerich Readings,непальский,3,0,1.31,0.0,-2.0183,-1.335,early
Roerich Readings,персонаж,3,0,1.31,0.0,-2.0183,-1.335,early
Roerich Readings,песня,3,0,1.31,0.0,-2.0183,-1.335,early
Roerich Readings,стиль,3,0,1.31,0.0,-2.0183,-1.335,early
Roerich Readings,строительство,3,0,1.31,0.0,-2.0183,-1.335,early
Roerich Readings,архитектура,0,3,0.0,1.23,1.8991,1.256,late
Roerich Readings,буддология,0,3,0.0,1.23,1.8991,1.256,late
Roerich Readings,гималайский,0,3,0.0,1.23,1.8991,1.256,late
Roerich Readings,дискурс,0,3,0.0,1.23,1.8991,1.256,late
Roerich Readings,доклад,0,3,0.0,1.23,1.8991,1.256,late
Roerich Readings,замечание,0,3,0.0,1.23,1.8991,1.256,late
Roerich Readings,картина,0,3,0.0,1.23,1.8991,1.256,late
Roerich Readings,летопись,0,3,0.0,1.23,1.8991,1.256,late
Roerich Readings,минаев,0,3,0.0,1.23,1.8991,1.256,late
Roerich Readings,парадигма,0,3,0.0,1.23,1.8991,1.256,late
Roerich Readings,период,0,3,0.0,1.23,1.8991,1.256,late
Roerich Readings,поворот,0,3,0.0,1.23,1.8991,1.256,late
Roerich Readings,путешествие,0,3,0.0,1.23,1.8991,1.256,late
Roerich Readings,тантрический,0,3,0.0,1.23,1.8991,1.256,late
Roerich Readings,эволюция,0,3,0.0,1.23,1.8991,1.256,late
Roerich Readings,эпос,0,3,0.0,1.23,1.8991,1.256,late
Roerich Readings,южная_индия,0,3,0.0,1.23,1.8991,1.256,late
Roerich Readings,диалект,4,1,1.75,0.41,-1.1713,-1.242,early
Roerich Readings,исток,4,1,1.75,0.41,-1.1713,-1.242,early
Roerich Readings,раннебуддийский,4,1,1.75,0.41,-1.1713,-1.242,early
Roerich Readings,танка,4,1,1.75,0.41,-1.1713,-1.242,early
Roerich Readings,религия,2,6,0.87,2.47,0.9125,1.226,late
Roerich Readings,традиция,23,17,10.04,7.0,-0.3872,-1.226,early
Roerich Readings,индия,21,30,9.17,12.35,0.326,1.158,late
Roerich Readings,культура,5,10,2.18,4.12,0.6073,1.154,late
Roerich Readings,надпись,5,2,2.18,0.82,-0.8615,-1.129,early
Roerich Readings,непал,5,2,2.18,0.82,-0.8615,-1.129,early
Roerich Readings,пространство,5,2,2.18,0.82,-0.8615,-1.129,early
Roerich Readings,термин,5,2,2.18,0.82,-0.8615,-1.129,early
Roerich Readings,джатака,1,4,0.44,1.65,1.0516,1.115,late
Roerich Readings,искусство,1,4,0.44,1.65,1.0516,1.115,late
Roerich Readings,классификация,1,4,0.44,1.65,1.0516,1.115,late
Roerich Readings,происхождение,1,4,0.44,1.65,1.0516,1.115,late
Roerich Readings,священный,1,4,0.44,1.65,1.0516,1.115,late
Roerich Readings,шива,1,4,0.44,1.65,1.0516,1.115,late
Roerich Readings,буддизм,21,16,9.17,6.58,-0.3519,-1.075,early
Roerich Readings,изображение,6,3,2.62,1.23,-0.6923,-1.044,early
Roerich Readings,ранний,6,3,2.62,1.23,-0.6923,-1.044,early
Roerich Readings,тибет,13,9,5.68,3.7,-0.4313,-1.018,early
Roerich Readings,антология,3,1,1.31,0.41,-0.9156,-0.938,early
Roerich Readings,буддист,3,1,1.31,0.41,-0.9156,-0.938,early
Roerich Readings,ив_ран,3,1,1.31,0.41,-0.9156,-0.938,early
Roerich Readings,ирландский,3,1,1.31,0.41,-0.9156,-0.938,early
Roerich Readings,кочевник,3,1,1.31,0.41,-0.9156,-0.938,early
Roerich Readings,практика,3,1,1.31,0.41,-0.9156,-0.938,early
Roerich Readings,прием,3,1,1.31,0.41,-0.9156,-0.938,early
Roerich Readings,путь,3,1,1.31,0.41,-0.9156,-0.938,early
Roerich Readings,ритуальный,3,1,1.31,0.41,-0.9156,-0.938,early
Roerich Readings,символика,3,1,1.31,0.41,-0.9156,-0.938,early
Roerich Readings,источник,9,6,3.93,2.47,-0.4538,-0.891,early
Roerich Readings,тамильский,9,6,3.93,2.47,-0.4538,-0.891,early
Roerich Readings,коллекция,3,6,1.31,2.47,0.5716,0.862,late
Roerich Readings,кабинет,4,2,1.75,0.82,-0.6563,-0.832,early
Roerich Readings,сутра,4,2,1.75,0.82,-0.6563,-0.832,early
Roerich Readings,текстовый,4,2,1.75,0.82,-0.6563,-0.832,early
Roerich Readings,бог,1,3,0.44,1.23,0.7961,0.816,late
Roerich Readings,живопись,1,3,0.44,1.23,0.7961,0.816,late
Roerich Readings,западный,1,3,0.44,1.23,0.7961,0.816,late
Roerich Readings,иконография,1,3,0.44,1.23,0.7961,0.816,late
Roerich Readings,лалитавистара,1,3,0.44,1.23,0.7961,0.816,late
Roerich Readings,натьяшастр,1,3,0.44,1.23,0.7961,0.816,late
Roerich Readings,несколько,1,3,0.44,1.23,0.7961,0.816,late
Roerich Readings,отражение,1,3,0.44,1.23,0.7961,0.816,late
Roerich Readings,скульптура,1,3,0.44,1.23,0.7961,0.816,late
Roerich Readings,смена,1,3,0.44,1.23,0.7961,0.816,late
Roerich Readings,царство,1,3,0.44,1.23,0.7961,0.816,late
Roerich Readings,культ,4,7,1.75,2.88,0.4632,0.777,late
Roerich Readings,философия,4,7,1.75,2.88,0.4632,0.777,late
Roerich Readings,азия,5,3,2.18,1.23,-0.5208,-0.762,early
Roerich Readings,первый,5,3,2.18,1.23,-0.5208,-0.762,early
Roerich Readings,трактат,6,4,2.62,1.65,-0.4369,-0.712,early
Roerich Readings,калачакр-тантра,2,4,0.87,1.65,0.5364,0.68,late
Roerich Readings,мир,2,4,0.87,1.65,0.5364,0.68,late
Roerich Readings,юрий_рерих,11,15,4.8,6.17,0.2537,0.652,late
Roerich Readings,пураны,9,7,3.93,2.88,-0.3064,-0.627,early
Roerich Readings,образ,7,10,3.06,4.12,0.2882,0.603,late
Roerich Readings,аурангабад,2,1,0.87,0.41,-0.5747,-0.556,early
Roerich Readings,васубандх,2,1,0.87,0.41,-0.5747,-0.556,early
Roerich Readings,война,2,1,0.87,0.41,-0.5747,-0.556,early
Roerich Readings,воплощение,2,1,0.87,0.41,-0.5747,-0.556,early
Roerich Readings,восточный,2,1,0.87,0.41,-0.5747,-0.556,early
Roerich Readings,глава,2,1,0.87,0.41,-0.5747,-0.556,early
Roerich Readings,гость,2,1,0.87,0.41,-0.5747,-0.556,early
Roerich Readings,заимствование,2,1,0.87,0.41,-0.5747,-0.556,early
Roerich Readings,изменение,2,1,0.87,0.41,-0.5747,-0.556,early
Roerich Readings,иконографический,2,1,0.87,0.41,-0.5747,-0.556,early
Roerich Readings,каутилья,2,1,0.87,0.41,-0.5747,-0.556,early
Roerich Readings,махабхарат,2,1,0.87,0.41,-0.5747,-0.556,early
Roerich Readings,письмо,2,1,0.87,0.41,-0.5747,-0.556,early
Roerich Readings,понимание,2,1,0.87,0.41,-0.5747,-0.556,early
Roerich Readings,почетный,2,1,0.87,0.41,-0.5747,-0.556,early
Roerich Readings,поэтика,2,1,0.87,0.41,-0.5747,-0.556,early
Roerich Readings,праджняпарамит,2,1,0.87,0.41,-0.5747,-0.556,early
Roerich Readings,реконструкция,2,1,0.87,0.41,-0.5747,-0.556,early
Roerich Readings,соотношение,2,1,0.87,0.41,-0.5747,-0.556,early
Roerich Readings,социальный,2,1,0.87,0.41,-0.5747,-0.556,early
Roerich Readings,тантра,2,1,0.87,0.41,-0.5747,-0.556,early
Roerich Readings,человек,2,1,0.87,0.41,-0.5747,-0.556,early
Roerich Readings,чтение,2,1,0.87,0.41,-0.5747,-0.556,early
Roerich Readings,что,2,1,0.87,0.41,-0.5747,-0.556,early
Roerich Readings,элемент,2,1,0.87,0.41,-0.5747,-0.556,early
Roerich Readings,артхашастр,3,2,1.31,0.82,-0.4006,-0.484,early
Roerich Readings,вастувидья,3,2,1.31,0.82,-0.4006,-0.484,early
Roerich Readings,два,3,2,1.31,0.82,-0.4006,-0.484,early
Roerich Readings,могольский,3,2,1.31,0.82,-0.4006,-0.484,early
Roerich Readings,мотив,3,2,1.31,0.82,-0.4006,-0.484,early
Roerich Readings,музей,3,2,1.31,0.82,-0.4006,-0.484,early
Roerich Readings,наука,3,2,1.31,0.82,-0.4006,-0.484,early
Roerich Readings,поэма,3,2,1.31,0.82,-0.4006,-0.484,early
Roerich Readings,современный,3,2,1.31,0.82,-0.4006,-0.484,early
Roerich Readings,школа,3,2,1.31,0.82,-0.4006,-0.484,early
Roerich Readings,эпический,3,2,1.31,0.82,-0.4006,-0.484,early
Roerich Readings,японский,3,2,1.31,0.82,-0.4006,-0.484,early
Roerich Readings,ведийский,4,3,1.75,1.23,-0.3157,-0.443,early
Roerich Readings,археология,1,2,0.44,0.82,0.4555,0.441,late
Roerich Readings,божество,1,2,0.44,0.82,0.4555,0.441,late
Roerich Readings,век,1,2,0.44,0.82,0.4555,0.441,late
Roerich Readings,версия,1,2,0.44,0.82,0.4555,0.441,late
Roerich Readings,датировка,1,2,0.44,0.82,0.4555,0.441,late
Roerich Readings,европейский,1,2,0.44,0.82,0.4555,0.441,late
Roerich Readings,жизнь,1,2,0.44,0.82,0.4555,0.441,late
Roerich Readings,игра,1,2,0.44,0.82,0.4555,0.441,late
Roerich Readings,код,1,2,0.44,0.82,0.4555,0.441,late
Roerich Readings,конец,1,2,0.44,0.82,0.4555,0.441,late
Roerich Readings,монастырь,1,2,0.44,0.82,0.4555,0.441,late
Roerich Readings,музыкальный,1,2,0.44,0.82,0.4555,0.441,late
Roerich Readings,обращение,1,2,0.44,0.82,0.4555,0.441,late
Roerich Readings,памятник,1,2,0.44,0.82,0.4555,0.441,late
Roerich Readings,передача,1,2,0.44,0.82,0.4555,0.441,late
Roerich Readings,пещерный,1,2,0.44,0.82,0.4555,0.441,late
Roerich Readings,символический,1,2,0.44,0.82,0.4555,0.441,late
Roerich Readings,система,1,2,0.44,0.82,0.4555,0.441,late
Roerich Readings,средство,1,2,0.44,0.82,0.4555,0.441,late
Roerich Readings,стилистика,1,2,0.44,0.82,0.4555,0.441,late
Roerich Readings,стих,1,2,0.44,0.82,0.4555,0.441,late
Roerich Readings,утпаладев,1,2,0.44,0.82,0.4555,0.441,late
Roerich Readings,шастр,1,2,0.44,0.82,0.4555,0.441,late
Roerich Readings,шраута-ритуал,1,2,0.44,0.82,0.4555,0.441,late
Roerich Readings,контекст,5,4,2.18,1.65,-0.2653,-0.417,early
Roerich Readings,центральный,5,4,2.18,1.65,-0.2653,-0.417,early
Roerich Readings,китайский,6,5,2.62,2.06,-0.232,-0.4,early
Roerich Readings,будда,7,6,3.06,2.47,-0.2083,-0.389,early
Roerich Readings,перевод,7,6,3.06,2.47,-0.2083,-0.389,early
Roerich Readings,рерих,7,6,3.06,2.47,-0.2083,-0.389,early
Roerich Readings,древнеиндийский,8,7,3.49,2.88,-0.1907,-0.381,early
Roerich Readings,поэзия,7,9,3.06,3.7,0.1839,0.376,late
Roerich Readings,история,10,9,4.37,3.7,-0.1662,-0.371,early
Roerich Readings,древний,8,10,3.49,4.12,0.1585,0.344,late
Roerich Readings,средневековый,8,10,3.49,4.12,0.1585,0.344,late
Roerich Readings,комментарий,2,3,0.87,1.23,0.2809,0.339,late
Roerich Readings,культурный,2,3,0.87,1.23,0.2809,0.339,late
Roerich Readings,область,2,3,0.87,1.23,0.2809,0.339,late
Roerich Readings,обряд,2,3,0.87,1.23,0.2809,0.339,late
Roerich Readings,понятие,2,3,0.87,1.23,0.2809,0.339,late
Roerich Readings,принцип,2,3,0.87,1.23,0.2809,0.339,late
Roerich Readings,семантика,2,3,0.87,1.23,0.2809,0.339,late
Roerich Readings,теория,2,3,0.87,1.23,0.2809,0.339,late
Roerich Readings,традиционный,2,3,0.87,1.23,0.2809,0.339,late
Roerich Readings,япония,2,3,0.87,1.23,0.2809,0.339,late
Roerich Readings,абхинавагупта,3,4,1.31,1.65,0.1955,0.274,late
Roerich Readings,драма,3,4,1.31,1.65,0.1955,0.274,late
Roerich Readings,параллель,3,4,1.31,1.65,0.1955,0.274,late
Roerich Readings,представление,3,4,1.31,1.65,0.1955,0.274,late
Roerich Readings,сюжет,3,4,1.31,1.65,0.1955,0.274,late
Roerich Readings,этимология,3,4,1.31,1.65,0.1955,0.274,late
Roerich Readings,храм,4,5,1.75,2.06,0.1446,0.228,late
Roerich Readings,пали,9,9,3.93,3.7,-0.0616,-0.134,early
Roerich Readings,канон,6,6,2.62,2.47,-0.0608,-0.11,early
Roerich Readings,ритуал,6,6,2.62,2.47,-0.0608,-0.11,early
Roerich Readings,собрание,4,4,1.75,1.65,-0.0602,-0.09,early
Roerich Readings,время,3,3,1.31,1.23,-0.06,-0.079,early
Roerich Readings,джайнский,3,3,1.31,1.23,-0.06,-0.079,early
Roerich Readings,классический,3,3,1.31,1.23,-0.06,-0.079,early
Roerich Readings,слово,3,3,1.31,1.23,-0.06,-0.079,early
Roerich Readings,зеркало,2,2,0.87,0.82,-0.0597,-0.067,early
Roerich Readings,между,2,2,0.87,0.82,-0.0597,-0.067,early
Roerich Readings,москва,2,2,0.87,0.82,-0.0597,-0.067,early
Roerich Readings,речь,2,2,0.87,0.82,-0.0597,-0.067,early
Roerich Readings,цикл,2,2,0.87,0.82,-0.0597,-0.067,early
Roerich Readings,часть,2,2,0.87,0.82,-0.0597,-0.067,early
