ym,posts
2015-03,23
2015-04,29
2015-05,26
2015-06,15
2015-07,34
2015-08,47
2015-09,96
2015-10,151
2015-11,113
2015-12,48
2016-01,37
2016-02,45
2016-03,27
2016-04,42
2016-05,45
2016-06,39
2016-07,11
2016-08,50
2016-09,106
2016-10,74
2016-11,77
2016-12,60
2017-01,50
2017-02,34
2017-03,35
2017-04,67
2017-05,31
2017-06,47
2017-07,48
2017-08,1
2017-09,39
2017-10,67
2017-11,68
2017-12,29
2018-01,42
2018-02,14
2018-03,33
2018-04,33
2018-05,54
2018-06,57
2018-07,42
2018-08,43
2018-09,56
2018-10,55
2018-11,75
2018-12,60
2019-01,65
2019-02,131
2019-03,96
2019-04,95
2019-05,43
2019-06,95
2019-07,74
2019-08,70
2019-09,45
2019-10,27
2019-11,48
2019-12,57
2020-01,61
2020-02,55
2020-03,51
2020-04,68
2020-05,59
2020-06,65
2020-07,72
2020-08,52
2020-09,67
2020-10,49
2020-11,80
2020-12,93
2021-01,107
2021-02,65
2021-03,81
2021-04,73
2021-05,69
2021-06,44
2021-07,58
2021-08,30
2021-09,40
2021-10,34
2021-11,56
2021-12,62
2022-01,62
2022-02,60
2022-03,55
2022-04,63
2022-05,65
2022-06,59
2022-07,50
2022-08,51
2022-09,83
2022-10,76
2022-11,89
2022-12,70
2023-01,66
2023-02,58
2023-03,71
2023-04,53
2023-05,67
2023-06,58
2023-07,70
2023-08,70
2023-09,79
2023-10,77
2023-11,59
2023-12,60
2024-01,53
2024-02,37
2024-03,57
2024-04,61
2024-05,61
2024-06,52
2024-07,49
2024-08,57
2024-09,61
2024-10,65
2024-11,59
2024-12,58
2025-01,55
2025-02,66
2025-03,67
2025-04,39
2025-05,47
2025-06,46
2025-07,38
2025-08,39
2025-09,43
2025-10,38
2025-11,26
2025-12,38
2026-01,45
2026-02,35
2026-03,43
2026-04,24
2026-05,23
2026-06,21
2026-07,22
