id,url,date,year,excerpt,likes,reposts,comments,views
14290,https://vk.com/wall-88831040_14290,2022-05-22T14:08:32,2022,"🔥 Первый полный русский перевод ""Книги тысячи и одной ночи"" 🔥

Книга тысячи и одной ночи. 1: Ночи 1-38; Москва; Ленинград; Academia; 1929; Художественная литература; Арабская литература; Фольклор; Ска",371,524,29,16723
12638,https://vk.com/wall-88831040_12638,2021-11-28T20:40:56,2021,"☢ Полный перевод Ригведы на русский язык ☢

30 лет жизни санскритолога Татьяны Яковлевны Елизаренковой отданы
переводу вед. Скан высокого качества выкладывается в рунете впервые.

Ригведа : Мандалы I-",417,337,32,10492
6912,https://vk.com/wall-88831040_6912,2019-07-05T09:13:22,2019,"Лингвистический энциклопедический словарь / Гл. ред. В. Н. Ярцева. — М.: Сов. энциклопедия, 1990. — 683 с.",69,235,5,18258
19033,https://vk.com/wall-88831040_19033,2023-07-04T21:26:51,2023,Не худшие прописи деванагари,267,217,37,5974
23448,https://vk.com/wall-88831040_23448,2025-02-12T08:09:09,2025,"Чтобы записаться на онлайн-курс ""Йога-сутры"" Патанджали с А.В. Парибком (начало 1-го марта) с сертификатом, пишите https://t.me/rusamskrtam",471,140,215,27054
15984,https://vk.com/wall-88831040_15984,2022-10-01T07:26:13,2022,"Читаешь Пелевина?
Прочти и упанишады.",193,121,14,4177
13272,https://vk.com/wall-88831040_13272,2022-01-29T08:00:00,2022,,207,120,13,3094
14072,https://vk.com/wall-88831040_14072,2022-05-07T07:30:00,2022,А ты смог бы так?,184,113,22,7306
16460,https://vk.com/wall-88831040_16460,2022-11-05T12:00:00,2022,Подборка индийских книг (1/3),141,113,19,3121
10940,https://vk.com/wall-88831040_10940,2021-01-08T18:32:00,2021,"Введение в науку о языке / А. Е. Кибрик и др.; под ред. О. В. Федоровой и С. Г. Татевосова – М.: Буки Веди, 2019. – 672 с. – ISBN 978-5-4465-2188-3. 

Издание представляет собой учебник для студентов,",96,111,2,4707
19536,https://vk.com/wall-88831040_19536,2023-08-09T10:00:00,2023,"📖 Боги, брахманы, люди. Четыре тысячи лет индуизма: Перевод с чешского. 1969. 📖

Книга чешских индологов рассказывает о возникновении и развитии одной из самых древних религий на земле — индуизма, его",159,109,14,4716
19736,https://vk.com/wall-88831040_19736,2023-08-29T20:43:59,2023,"Шейнман-Топштейн,С.Я. Платон и ведийская философия. - Москва : Наука, 1978. - 198 с. - Библиогр. с.196-198. 
 
Философия • Платонизм и неоплатонизм • Древняя Греция",183,92,4,3897
14603,https://vk.com/wall-88831040_14603,2022-06-22T05:07:53,2022,"📔 О сходстве санскритскаго языка с русскимъ. Аделунг Ф., 1811 г.

Санскритъ - языкъ украшенный, образованный, обработанный: (polished). Изыскатели языковъ въ Индіи обыкновенно употребляютъ сіе слово, ",122,89,13,5079
24697,https://vk.com/wall-88831040_24697,2025-09-15T07:30:43,2025,Вопросы и ответы с А.В. Парибком,219,86,19,14210
16172,https://vk.com/wall-88831040_16172,2022-10-14T07:08:00,2022,"Старинное индийское сказание о героях древности ""Махабхарата"". Ильин Г.Ф.",169,80,11,3789
19283,https://vk.com/wall-88831040_19283,2023-07-26T10:00:00,2023,"📖 Панчатантра. Пер. с санскрита и примеч. А. Я. Сыркина. 1958 📖

Созданная свыше полутора тысяч лет назад, «Панчатантра» является 
выдающимся памятником не только индийской, но и мировой литературы. 
",142,79,3,3442
14721,https://vk.com/wall-88831040_14721,2022-07-10T04:30:00,2022,"🦅 ГАНДАБХЕРУНДА - ДВУГЛАВЫЙ ОРЕЛ 🦅

Вишну воплотился в облике Нарасимхи, чтобы уничтожить демона Хираньякашипу и спасти своего преданного Прахладу, и безумная ярость Вишну грозила разрушением Вселенно",136,78,20,5549
15416,https://vk.com/wall-88831040_15416,2022-08-20T07:00:02,2022,"✨ Золотой век Кали-юги 🕉

Согласно ведическим писаниям различают 4 мировых периода, или юги (युग, yuga, «ярмо», «мера длины»): 

1) Сатья-юга (सत्ययुग, satya-yuga), или Крита-юга (कृतयुग, kṛta-yuga) —",176,78,65,5550
18814,https://vk.com/wall-88831040_18814,2023-06-17T17:20:35,2023,"Бхагавадгита / Пер. с санскрита, исслед. и примеч. В.С.Семенцова. - 2. изд., испр. и доп. - Москва : Восточная литература, 1999. - 254 с. - Библиогр. с. 238-242. - ISBN 5-02-017506-4. 
 
Бхагавадгита;",147,77,13,4945
23556,https://vk.com/wall-88831040_23556,2025-02-18T07:00:01,2025,"💫 ЧЕЛОВЕКОСТРОЕНИЕ В ВЕДАХ (1/3) 💫
 
Ввысь и особенно внутрь (в отличие, например, от гимна Пуруше - РВ Х. 90, где направление ориентировано от Пуруши, из него, изнутри вовне) определяют основные цели",158,76,3,5380
18086,https://vk.com/wall-88831040_18086,2023-04-09T20:03:47,2023,"Кочергина, В.А. Начальный курс санскрита: Учебник для государственных университетов. - Москва : Издательство Академии наук СССР, 1956. - 195 c.",148,75,11,3131
19247,https://vk.com/wall-88831040_19247,2023-07-22T07:01:12,2023,"Индия в древности [Текст] : (Сборник статей) / Акад. наук СССР. Ин-т народов Азии ; [под ред. и с предисл. акад. В. В. Струве, канд. ист. наук Г. М. Бонгард-Левина]. - Москва : Наука, 1964. - 259 с., ",271,73,2,4125
19621,https://vk.com/wall-88831040_19621,2023-08-16T17:36:18,2023,"Снесарев,А.Е. Этнографическая Индия. - Москва : Наука, 1981. - 275 с., табл., портр. - В надзаг.: АН СССР. Ин-т востоковедения. Указ. в конце книги. 
 
История Индии • Культура / Религии мира • Этноло",193,73,1,4297
16758,https://vk.com/wall-88831040_16758,2022-11-26T12:00:00,2022,"📕ТРИ ВЕЛИКИХ СКАЗАНИЯ📕

Эта книга — популярное изложение трех великих индийских эпических циклов по текстам «Рамаяны», «Махабхараты» и «Бхагавата-пураны». 

О скитаниях и подвигах Рамы, о битве его со",324,72,17,3212
19101,https://vk.com/wall-88831040_19101,2023-07-11T08:00:00,2023,"История и культура Древней Индии: Тексты / Сост. А. А. Вигасин. - Москва : Издательство Московского университета, 1990. - 351 с. : [16] л. ил., карт. - ISBN 5-211-00271-7.",117,71,9,2783
22840,https://vk.com/wall-88831040_22840,2024-10-30T13:00:02,2024,"🇮🇳📖 Маретина, С.А. Змея в индуистской мифологии : (На материалах МАЭ) / С.А. Маретина; РАН. Музей антропологии и этнографии им. Петра Великого (Кунсткамера). - С.-Петербург : Кунсткамера, 2005. - 139 ",112,69,0,3189
22289,https://vk.com/wall-88831040_22289,2024-08-13T13:00:01,2024,"🇮🇳📖 Гусева,Н.Р. Индуизм. История формирования. Культовая практика. - Москва : Наука, 1977. - 325 с., илл. - (АН СССР. Институт этнографии им. Н. Н. Миклухо-Маклая). - Библиогр. с.290-316.-Указ. в конц",83,68,7,3476
25729,https://vk.com/wall-88831040_25729,2026-07-15T14:30:52,2026,"🇮🇳📖 Лысенко, В.Г. Ранняя буддийская философия = Early Buddhist philosophy / Виктория Лысенко. - 2-е изд., испр. - Москва : Буддадхарма, 2022. - 367 с. - (История восточной философии). - Парал. тит. л.",119,68,0,3683
13867,https://vk.com/wall-88831040_13867,2022-04-13T18:31:33,2022,Панчатантра. Избраннае рассказы; Москва; Российская ассоциация научно-исследовательских институтов общественных наук; 1930; Художественная литература; Индийское литературоведение; История литературы,119,66,2,2431
22859,https://vk.com/wall-88831040_22859,2024-11-02T12:54:16,2024,,34,65,0,1897
24213,https://vk.com/wall-88831040_24213,2025-05-15T11:00:41,2025,Беседа с Игорем Пантюшевым,157,65,17,4185
18151,https://vk.com/wall-88831040_18151,2023-04-15T12:00:00,2023,"О русских именах [1991]. Суперанская А.В.

Суперанская; А.В.; О русских именах [1991]; Другой автор; Суслова; А.В.; Место издания; Ленинград; Издательство; Лениздат; Дата издания; 1991; Язык; Русский;",100,64,8,5836
25644,https://vk.com/wall-88831040_25644,2026-06-14T14:30:19,2026,"🇮🇳📖 Захарьин,Б.А. Санскритская грамматика Варадараджи : Varadara: ja laghusiddha: ntakaumudi:, или Облегченное освещение положений [санскритской грамматики] / Захарьин Б.А.; Коммент. пер. с санскрита,",116,64,2,5320
16711,https://vk.com/wall-88831040_16711,2022-11-22T07:08:00,2022,"Эта книга — популярное изложение трех великих индийских 
эпических циклов по текстам «Рамаяны», «Махабхараты» и «Бхагавата-пураны». О скитаниях и подвигах Рамы, о битве его со свирепым Раваной, о нежн",116,63,4,1802
20339,https://vk.com/wall-88831040_20339,2023-10-26T12:00:00,2023,"Повести, сказки, притчи древней Индии: Пер. с пали и санскрита / Сост., предисл. и примеч. А.Я.Сыркина. - Москва : Наука, 1964. - 299 с., илл. - (АН СССР. Институт народов Азии). 
 
Индийская литерату",136,63,4,2275
16278,https://vk.com/wall-88831040_16278,2022-10-24T07:08:00,2022,"Азбука санскрита. Авдеев Ф.Ф.

Предлагаемое учебно-методическое пособие предназначено, прежде всего, для студентов-филологов, изучающих классические языки в соответствии с учебным планом факультета ру",104,61,7,2443
16732,https://vk.com/wall-88831040_16732,2022-11-23T12:08:00,2022,Подборка индийских книг (2/3),98,61,2,1716
20453,https://vk.com/wall-88831040_20453,2023-11-11T16:08:00,2023,"📖 Атхарваведа (Шаунака): Перевод с ведийского языка, вступительная статья, комментарий и приложения Т.Я. Елизаренковой: В 3 томах. 
Т.3: Кн. 13-19: Перевод с ведийского языка, комментарий и приложения",127,60,0,2964
22256,https://vk.com/wall-88831040_22256,2024-08-07T13:00:00,2024,"🇮🇳📖 Индуизм: Традиции и современность / АН СССР. Ин-т востоковедения; Отв. ред. А. Д. Литман, Р. Б. Рыбаков. - Москва : Наука, 1985. - 281 с. - Огл. также на англ. яз. 
 
Предметная рубрика Религии ми",96,60,2,3280
13793,https://vk.com/wall-88831040_13793,2022-04-02T17:53:46,2022,Гафурова Н.Б.; Кабир и его наследие [1976]; Москва; Наука; 1976; Литературоведение; Индийское литературоведение; История литературы; 15-16 вв.; Персоналии писателей; Кабир (1440-1518),143,59,6,3007
23330,https://vk.com/wall-88831040_23330,2025-01-19T08:09:04,2025,"Духовные методы индийской йоги (курс по тантре). 
Шесть лекций известного санскритолога А.В. Парибка",91,59,0,3195
20547,https://vk.com/wall-88831040_20547,2023-11-25T16:00:00,2023,"📖 Артхашастра или Наука политики: Перевод с санскрита. 1993 📖

﻿ 
Артхашастра, или «Наука политики» («Наука о государственном устройстве») - замечательный политико-экономический трактат Древней Индии.",178,57,0,2072
17070,https://vk.com/wall-88831040_17070,2022-12-27T07:04:25,2022,"🌈 Двухтомник Топорова по основному мифу 🌈

Топоров В.Н.; Мировое дерево: Универсальные знаковые комплексы. Т.1; Arbor mundi; Москва; Рукописные памятники Древней Руси; 2010; Культура; Культурология; М",97,56,3,2506
25591,https://vk.com/wall-88831040_25591,2026-05-19T14:30:00,2026,"🇮🇳📖 Чжуд-ши: Канон тибетской медицины / Пер. с тибет., предисл., примеч., указ. Д.Б.Дашиева. - Москва : Восточная литература, 2001. - 766 с. : ил. - (Библиотека тибетской медицины). - Библиогр. с.706-",70,56,0,2715
18369,https://vk.com/wall-88831040_18369,2023-05-11T20:51:16,2023,"Вышеславцев,Б.П. Христианство и индуизм: Сборник статей / Б.П.Вышеславцев, В.В.Зеньковский, И.М.Концевич и др. - Москва : Издательство Свято-Владимирского братства, 1994. - 119 с.",138,55,3,2167
18703,https://vk.com/wall-88831040_18703,2023-06-05T11:00:00,2023,"📖 Культура Индии. Ольденбург С.Ф. 1991 📖

Собрание непубликовавшихся работ крупнейшего индолога академика С. Ф. Ольденбурга (1863—1934) было составлено, полвека назад его другом ин единомышленником ак",98,55,3,3722
20374,https://vk.com/wall-88831040_20374,2023-10-30T08:44:30,2023,"🌎 КРУПНЕЙШЕЕ ОНЛАЙН-СОБЫТИЕ В МИРЕ АЮРВЕДЫ 
 
Открыта регистрация на VII-й Международный онлайн-конгресс «Аюрведа TODAY», который состоится 3 и 4 февраля 2024 г. 
 
📝 Повестка 2024 «АЮРВЕДА – ДРЕВНЯЯ ",153,55,5,1657
19620,https://vk.com/wall-88831040_19620,2023-08-16T17:00:00,2023,"📖 Бхагавадгита в традиции и в современной научной критике. Семенцов В.С. 1985. 📖

Исследование содержит обзор существующих: точек зрения на происхождение, формирование и смысл одного из важнейших памя",163,54,1,2186
14375,https://vk.com/wall-88831040_14375,2022-05-28T20:10:59,2022,Санскрит: Учебное пособие для студентов вузов; обучающихся по философским и культурологическим специальностям; С.-Петербург; Лань; 1999; Языкознание; Книги для чтения; Санскрит язык; Самоучители; Спра,87,53,3,1444
19165,https://vk.com/wall-88831040_19165,2023-07-16T09:52:29,2023,"Вертоградова, В.В. Живопись древней Индии по Читрасутре из Вишнудхармоттарапураны - теория и технология / В.В. Вертоградова; РАН, Ин-т востоковедения. - Москва : Наука : Восточная литература, 2014. - ",286,53,3,5004
18923,https://vk.com/wall-88831040_18923,2023-06-26T12:00:00,2023,"📖 История буддизма: (Индия и Тибет). Будон Ринчендуб. 1999. 📖

«История буддизма» написана в 1322 г. выдающимся тибетским историком и кодификатором Будоном Ринчендубом (1290—1364). В книге дан в хроно",71,52,1,2090
13804,https://vk.com/wall-88831040_13804,2022-04-03T17:07:40,2022,Артхашастра; или наука политики: Перевод с санскрита; Ленинград; Москва; 1959; История; История Индии; Исторические источники,131,51,0,2684
15927,https://vk.com/wall-88831040_15927,2022-09-27T07:08:00,2022,"Великий эпос Индии: Рамаяна. Махабхарата. Гусева Н.Р.

Настоящее издание является адаптированным пересказом двух величайших эпических поем древней Индии ""Рамяны"" и ""Махабхараты"" . Это не только замеча",102,51,3,2785
17969,https://vk.com/wall-88831040_17969,2023-03-27T06:55:59,2023,Минаев; И.П.; Дневники путешествий в Индию и Бирму. 1880 и 1885-1886; Место издания; <нет данных>; Дата издания; 1955; Язык; Русский; Тематика; География; Предметная рубрика; География • Экспедиции и ,110,50,4,2069
14174,https://vk.com/wall-88831040_14174,2022-05-11T07:55:53,2022,"Хинди-русский словарь: В 2-х томах: Около 75000 слов. Т. 1: От...до...; Москва; Советская энциклопедия; 1972; Языкознание; Словари двуязычные; Хинди-русские 
 
Хинди-русский словарь: В 2-х томах: Окол",74,49,4,1948
22225,https://vk.com/wall-88831040_22225,2024-08-01T13:00:01,2024,"🇮🇳📖 Альбедиль,М.Ф. Индуизм / М.Ф.Альбедиль. - С.-Петербург : Петербургское востоковедение, 2000. - 255 с. : ил. - (Мир Востока; 5). - Библиогр. с. 254-255. - ISBN 5-85803-160-9. 
 
Предметная рубрика ",83,49,0,2292
18890,https://vk.com/wall-88831040_18890,2023-06-21T12:00:00,2023,"📖 Литература и культура древней и средневековой Индии. 1979 📖

В сборнике освещаются вопросы истории древнеиндийской эстетики и этики, мифологии вед и философского учения Нагарджуны, развития древнета",92,48,5,3542
21312,https://vk.com/wall-88831040_21312,2024-04-08T19:36:28,2024,"Атхарваведа (Шаунака) Т.3: Атхарваведа (Шаунака): Перевод с ведийского языка, вступительная статья, комментарий и приложения Т.Я. Елизаренковой: В 3 томах. Т.3: Кн. 13-19: Перевод с ведийского языка, ",96,48,1,2418
12496,https://vk.com/wall-88831040_12496,2021-11-02T15:45:22,2021,Восемь книг о натье: на санскрите и в переводе,82,47,2,1588
15473,https://vk.com/wall-88831040_15473,2022-08-23T22:15:04,2022,Ульциферов О.Г.; Язык хинди; Москва; АСТ-пресс; 2010; Языкознание; Самоучители; Хинди язык; Аудиовизуальные учебные пособия,64,47,8,2232
