axis,category,term,document_frequency,category_title_share_pct
l1,art_archaeology,индия,21,23.6
l1,art_archaeology,собрание,11,12.36
l1,art_archaeology,храм,10,11.24
l1,art_archaeology,искусство,9,10.11
l1,art_archaeology,изображение,8,8.99
l1,art_archaeology,коллекция,8,8.99
l1,art_archaeology,архитектура,7,7.87
l1,art_archaeology,шива,7,7.87
l1,art_archaeology,иконография,7,7.87
l1,art_archaeology,текст,6,6.74
l1,art_archaeology,образ,6,6.74
l1,art_archaeology,иконографический,6,6.74
l1,ethnography,традиция,8,13.11
l1,ethnography,ланка,6,9.84
l1,ethnography,современный,5,8.2
l1,ethnography,традиционный,5,8.2
l1,ethnography,ведды,5,8.2
l1,ethnography,театр,4,6.56
l1,ethnography,азия,4,6.56
l1,ethnography,представление,4,6.56
l1,ethnography,ритуал,4,6.56
l1,ethnography,индия,4,6.56
l1,ethnography,народный,3,4.92
l1,ethnography,сингал,3,4.92
l1,history,индия,41,22.78
l1,history,история,19,10.56
l1,history,текст,14,7.78
l1,history,юрий_рерих,13,7.22
l1,history,источник,12,6.67
l1,history,надпись,11,6.11
l1,history,средневековый,9,5.0
l1,history,рерих,9,5.0
l1,history,культурный,8,4.44
l1,history,минаев,8,4.44
l1,history,древний,8,4.44
l1,history,тибет,8,4.44
l1,linguistics,язык,32,24.43
l1,linguistics,санскрит,20,15.27
l1,linguistics,ведийский,15,11.45
l1,linguistics,этимология,13,9.92
l1,linguistics,текст,10,7.63
l1,linguistics,индия,10,7.63
l1,linguistics,древнеиндийский,9,6.87
l1,linguistics,панини,9,6.87
l1,linguistics,семантика,9,6.87
l1,linguistics,тибет,8,6.11
l1,linguistics,слово,7,5.34
l1,linguistics,грамматика,7,5.34
l1,literature,поэзия,44,15.38
l1,literature,индия,38,13.29
l1,literature,литература,32,11.19
l1,literature,санскрит,27,9.44
l1,literature,тамильский,23,8.04
l1,literature,рамаяна,19,6.64
l1,literature,средневековый,16,5.59
l1,literature,образ,16,5.59
l1,literature,текст,15,5.24
l1,literature,драма,14,4.9
l1,literature,перевод,13,4.55
l1,literature,поэма,13,4.55
l1,other,директор,10,43.48
l1,other,ивр_ран,10,43.48
l1,other,индия,7,30.43
l1,other,конференция,7,30.43
l1,other,слово,6,26.09
l1,other,открытие,5,21.74
l1,other,приветственный,5,21.74
l1,other,выступление,4,17.39
l1,other,культура,2,8.7
l1,other,текст,2,8.7
l1,pedagogy_applied,хинди,2,100.0
l1,philosophy,философия,46,19.17
l1,philosophy,индия,36,15.0
l1,philosophy,буддизм,21,8.75
l1,philosophy,абхинавагупта,14,5.83
l1,philosophy,учение,14,5.83
l1,philosophy,концепция,13,5.42
l1,philosophy,текст,13,5.42
l1,philosophy,традиция,12,5.0
l1,philosophy,васубандх,11,4.58
l1,philosophy,кашмирский,11,4.58
l1,philosophy,понятие,10,4.17
l1,philosophy,сознание,9,3.75
l1,religion,буддизм,54,15.61
l1,religion,текст,49,14.16
l1,religion,традиция,33,9.54
l1,religion,образ,23,6.65
l1,religion,индия,22,6.36
l1,religion,ритуал,22,6.36
l1,religion,будда,21,6.07
l1,religion,культ,17,4.91
l1,religion,тантра,14,4.05
l1,religion,пураны,13,3.76
l1,religion,канон,13,3.76
l1,religion,тибет,12,3.47
l1,tibetology,тибет,4,100.0
l1,tibetology,буддизм,2,50.0
l1,tibetology,рукопись,2,50.0
l2,classical,индия,58,10.55
l2,classical,буддизм,54,9.82
l2,classical,текст,50,9.09
l2,classical,санскрит,46,8.36
l2,classical,традиция,32,5.82
l2,classical,древнеиндийский,25,4.55
l2,classical,философия,23,4.18
l2,classical,литература,20,3.64
l2,classical,поэзия,20,3.64
l2,classical,пали,19,3.45
l2,classical,будда,19,3.45
l2,classical,термин,17,3.09
l2,colonial,индия,29,25.89
l2,colonial,история,12,10.71
l2,colonial,минаев,10,8.93
l2,colonial,коллекция,9,8.04
l2,colonial,бенгальский,8,7.14
l2,colonial,текст,7,6.25
l2,colonial,лебедев,6,5.36
l2,colonial,рукопись,6,5.36
l2,colonial,возрождение,6,5.36
l2,colonial,традиционный,6,5.36
l2,colonial,культурный,5,4.46
l2,colonial,мыслитель,5,4.46
l2,contemporary,индия,28,25.0
l2,contemporary,современный,13,11.61
l2,contemporary,текст,11,9.82
l2,contemporary,традиция,9,8.04
l2,contemporary,язык,9,8.04
l2,contemporary,новый,8,7.14
l2,contemporary,хинди,7,6.25
l2,contemporary,литература,6,5.36
l2,contemporary,ланка,6,5.36
l2,contemporary,театр,6,5.36
l2,contemporary,диаспора,6,5.36
l2,contemporary,ритуал,6,5.36
l2,medieval,средневековый,29,9.76
l2,medieval,индия,27,9.09
l2,medieval,текст,24,8.08
l2,medieval,образ,22,7.41
l2,medieval,буддизм,22,7.41
l2,medieval,тибет,18,6.06
l2,medieval,традиция,17,5.72
l2,medieval,поэзия,16,5.39
l2,medieval,литература,14,4.71
l2,medieval,бхакти,13,4.38
l2,medieval,собрание,12,4.04
l2,medieval,тамильский,12,4.04
l2,modern,индия,19,13.67
l2,modern,юрий_рерих,17,12.23
l2,modern,язык,14,10.07
l2,modern,философия,12,8.63
l2,modern,история,10,7.19
l2,modern,рерих,9,6.47
l2,modern,буддизм,8,5.76
l2,modern,бенгальский,8,5.76
l2,modern,поэзия,8,5.76
l2,modern,хинди,7,5.04
l2,modern,современный,7,5.04
l2,modern,перевод,7,5.04
l2,unspecified,индия,16,21.62
l2,unspecified,язык,11,14.86
l2,unspecified,директор,9,12.16
l2,unspecified,ивр_ран,9,12.16
l2,unspecified,слово,7,9.46
l2,unspecified,миф,6,8.11
l2,unspecified,конференция,6,8.11
l2,unspecified,культура,5,6.76
l2,unspecified,приветственный,5,6.76
l2,unspecified,западный,4,5.41
l2,unspecified,мунда,4,5.41
l2,unspecified,выступление,4,5.41
l2,vedic,ведийский,25,32.05
l2,vedic,ригведа,15,19.23
l2,vedic,текст,12,15.38
l2,vedic,ритуал,10,12.82
l2,vedic,традиция,8,10.26
l2,vedic,индоевропейский,5,6.41
l2,vedic,священный,4,5.13
l2,vedic,упанишад,4,5.13
l2,vedic,этимология,4,5.13
l2,vedic,индия,4,5.13
l2,vedic,параллель,4,5.13
l2,vedic,речь,3,3.85
