record_id,corpus_id,source_record_id,source_record_id_method,record_type,created_at,period,is_partial_2026,access_class,status,public_title,source_snapshot_id
conferences:PRES_055b23183b,conferences,PRES_055b23183b,native,presentation,2026-05-26,2026-partial,1,public,active,Абхисамаяаланкара: вводная часть,conferences:2026-08-06
conferences:PRES_0b6581f9ff,conferences,PRES_0b6581f9ff,native,presentation,2026-05-26,2026-partial,1,public,active,Синтез сложных слов tatpuruṣa и karmadhāraya в грамматике Панини,conferences:2026-08-06
conferences:PRES_0b6e4e4519,conferences,PRES_0b6e4e4519,native,presentation,2026-05-26,2026-partial,1,public,active,Прамана-вада «Таттва-сандарбхи» Дживы Госвами в оптике неклассической эпистемологии науки,conferences:2026-08-06
conferences:PRES_0ccccd2f0f,conferences,PRES_0ccccd2f0f,native,presentation,2026-05-26,2026-partial,1,public,active,Тело агхори как «живой текст»: визуальность и перформанс в производстве религиозного авторитета,conferences:2026-08-06
conferences:PRES_0ec718e125,conferences,PRES_0ec718e125,native,presentation,2026-05-26,2026-partial,1,public,active,Теория познания в мадхьямаке-сватантрике (по трактату Бхававивеки «Мадхьямака-хридая»),conferences:2026-08-06
conferences:PRES_1637f642c2,conferences,PRES_1637f642c2,native,presentation,2026-05-26,2026-partial,1,public,active,Южноандаманские языки: к вопросу о возможностях внешнего сравнения,conferences:2026-08-06
conferences:PRES_16c469b6c2,conferences,PRES_16c469b6c2,native,presentation,2026-05-26,2026-partial,1,public,active,Непальский вариант Гаруды,conferences:2026-08-06
conferences:PRES_1c157737ea,conferences,PRES_1c157737ea,native,presentation,2026-05-26,2026-partial,1,public,active,"Jati, gotra and marriage system in Haryana: a change in perspective",conferences:2026-08-06
conferences:PRES_1cd8e6e44e,conferences,PRES_1cd8e6e44e,native,presentation,2026-05-26,2026-partial,1,public,active,Дхармакирти о существовании,conferences:2026-08-06
conferences:PRES_2026748a9a,conferences,PRES_2026748a9a,native,presentation,2026-05-26,2026-partial,1,public,active,Индийская философия в свете компаративного подхода Поля Массон-Урселя,conferences:2026-08-06
conferences:PRES_215ed69350,conferences,PRES_215ed69350,native,presentation,2026-05-26,2026-partial,1,public,active,Салман Рушди и русская литература: тайный роман?,conferences:2026-08-06
conferences:PRES_23a87e494f,conferences,PRES_23a87e494f,native,presentation,2026-05-26,2026-partial,1,public,active,Фарс Шанкхадхары «Латакамелака» и ее рукопись из Библиотеки им. Кешара (Катманду),conferences:2026-08-06
conferences:PRES_23cb98206f,conferences,PRES_23cb98206f,native,presentation,2026-05-26,2026-partial,1,public,active,Приветственное слово директора ИВР РАН,conferences:2026-08-06
conferences:PRES_266f877d3f,conferences,PRES_266f877d3f,native,presentation,2026-05-26,2026-partial,1,public,active,Перевод в практике преподавания хинди в средней школе,conferences:2026-08-06
conferences:PRES_2af0d9ba1e,conferences,PRES_2af0d9ba1e,native,presentation,2026-05-26,2026-partial,1,public,active,Ведийский ритуал Праваргья (pravargya): текстовая традиция и ритуальная практика,conferences:2026-08-06
conferences:PRES_2af47bc093,conferences,PRES_2af47bc093,native,presentation,2026-05-26,2026-partial,1,public,active,Вклад Абхинавагупты в развитие шиваитской доктрины философского монизма в отличной от адвайта- веданты парадигме,conferences:2026-08-06
conferences:PRES_2d9228675d,conferences,PRES_2d9228675d,native,presentation,2026-05-26,2026-partial,1,public,active,Миф о Потопе и тыкве у племен западной Индии,conferences:2026-08-06
conferences:PRES_2ee12546b2,conferences,PRES_2ee12546b2,native,presentation,2026-05-26,2026-partial,1,public,active,Сита и Агни в «Рамаяне» Вальмики,conferences:2026-08-06
conferences:PRES_314bc5bec5,conferences,PRES_314bc5bec5,native,presentation,2026-05-26,2026-partial,1,public,active,Интерпретация идей Упанишад в философском наследии Р. Тагора: религиозная онтология,conferences:2026-08-06
conferences:PRES_32b950f0fe,conferences,PRES_32b950f0fe,native,presentation,2026-05-26,2026-partial,1,public,active,"Средневековая фольклорная формула и литературное клише: образ, мотив",conferences:2026-08-06
conferences:PRES_3f4d3d50e9,conferences,PRES_3f4d3d50e9,native,presentation,2026-05-26,2026-partial,1,public,active,Уроки Герхарда Оберхаммера. По следам перевода книги «Структуры йоговской медитации»,conferences:2026-08-06
conferences:PRES_40d669e631,conferences,PRES_40d669e631,native,presentation,2026-05-26,2026-partial,1,public,active,Александр Михайлович Мерварт: судьба ученого,conferences:2026-08-06
conferences:PRES_4125041435,conferences,PRES_4125041435,native,presentation,2026-05-26,2026-partial,1,public,active,"Огонь, вода и память: погребальные практики сикхов в мультикультурной среде",conferences:2026-08-06
conferences:PRES_422bda6a2b,conferences,PRES_422bda6a2b,native,presentation,2026-05-26,2026-partial,1,public,active,"Востоковед Павел Яковлевич Петров (1814–1875), его библиотека и архив",conferences:2026-08-06
conferences:PRES_43b3dacf96,conferences,PRES_43b3dacf96,native,presentation,2026-05-26,2026-partial,1,public,active,"Санньяса и Брахмалока: смерть, социальная или физическая, как опосредующий этап пути к освобождению в адвайта-веданте",conferences:2026-08-06
conferences:PRES_45a22e8318,conferences,PRES_45a22e8318,native,presentation,2026-05-26,2026-partial,1,public,active,Коннотативные особенности йогической лексики Виджнянабхикшу (на примере комментария к 1.1 «Pātañjalayogaśāstram»),conferences:2026-08-06
conferences:PRES_4f410bea98,conferences,PRES_4f410bea98,native,presentation,2026-05-26,2026-partial,1,public,active,Сон Урмилы в современной индийской прозе,conferences:2026-08-06
conferences:PRES_5112b0355f,conferences,PRES_5112b0355f,native,presentation,2026-05-26,2026-partial,1,public,active,"""Башни с нишами"" в индуизме. Об одном типе храмовых шикхар в архитектуре Чалукьев",conferences:2026-08-06
conferences:PRES_51a9cb36b9,conferences,PRES_51a9cb36b9,native,presentation,2026-05-26,2026-partial,1,public,active,Зачем спорили хэшан Махаяна и Камалашила?,conferences:2026-08-06
conferences:PRES_5327ab9216,conferences,PRES_5327ab9216,native,presentation,2026-05-26,2026-partial,1,public,active,Вера Александровна Новикова (1918-1972) и послевоенная бенгалистика в Ленинграде,conferences:2026-08-06
conferences:PRES_589e161411,conferences,PRES_589e161411,native,presentation,2026-05-26,2026-partial,1,public,active,К истории поступления индийских памятников в Эрмитаж: новые открытия,conferences:2026-08-06
conferences:PRES_6912669e4d,conferences,PRES_6912669e4d,native,presentation,2026-05-26,2026-partial,1,public,active,"Особая священная игра» Гулабрао Махараджа как игровая модель индуистской сотериологии: космология, философия и бхакти",conferences:2026-08-06
conferences:PRES_6a2b1904a8,conferences,PRES_6a2b1904a8,native,presentation,2026-05-26,2026-partial,1,public,active,«Местный колорит» в литературной традиции Ориссы,conferences:2026-08-06
conferences:PRES_6d7c21fb70,conferences,PRES_6d7c21fb70,native,presentation,2026-05-26,2026-partial,1,public,active,«Шри Рамананда-чаритам» Рамбхадрачарьи как образец современной санскритской махакавьи,conferences:2026-08-06
conferences:PRES_6e8842a256,conferences,PRES_6e8842a256,native,presentation,2026-05-26,2026-partial,1,public,active,"Традиция толкования упанишад: контекст, философское значение и интерпретация ключевой фразы «tat tvam asi» («Ты есть то»)",conferences:2026-08-06
conferences:PRES_702d8347a7,conferences,PRES_702d8347a7,native,presentation,2026-05-26,2026-partial,1,public,active,Об одном диафильме В. Чатопадаева из коллекции МАЭ РАН,conferences:2026-08-06
conferences:PRES_717723198b,conferences,PRES_717723198b,native,presentation,2026-05-26,2026-partial,1,public,active,Kumāra: этимология и мифология,conferences:2026-08-06
conferences:PRES_8a20127ede,conferences,PRES_8a20127ede,native,presentation,2026-05-26,2026-partial,1,public,active,Индийское паломничество в сравнительном аспекте,conferences:2026-08-06
conferences:PRES_8aa850a4e6,conferences,PRES_8aa850a4e6,native,presentation,2026-05-26,2026-partial,1,public,active,Предание в тексте и предание в камне: сюжет просветления Будды на рельефе Большой Ступы в Санчи,conferences:2026-08-06
conferences:PRES_939dd4f1e1,conferences,PRES_939dd4f1e1,native,presentation,2026-05-26,2026-partial,1,public,active,Структура ниданы из «Панчавимшатика-праджняпарамиты» в аспекте ритуальной практики,conferences:2026-08-06
conferences:PRES_952dc38711,conferences,PRES_952dc38711,native,presentation,2026-05-26,2026-partial,1,public,active,Чему и как учит Панчатантра,conferences:2026-08-06
conferences:PRES_987fd62e14,conferences,PRES_987fd62e14,native,presentation,2026-05-26,2026-partial,1,public,active,А.А. Сталь-Гольштейн как участник научно-издательской серии «Bibliotheca Buddhica»,conferences:2026-08-06
conferences:PRES_a1bf82cfc8,conferences,PRES_a1bf82cfc8,native,presentation,2026-05-26,2026-partial,1,public,active,Златоликие образы Дипанкары Будды и традиция проведения фестиваля Самьяк маха дана в Патане. Шишова-Маретина Ксения Александровна (Санкт-Петербург). Архетип опасной женственности в индуизме,conferences:2026-08-06
conferences:PRES_a20db0593f,conferences,PRES_a20db0593f,native,presentation,2026-05-26,2026-partial,1,public,active,Паришишты как исторический источник: проблемы датировки и классификации поздневедийской ритуальной литературы,conferences:2026-08-06
conferences:PRES_a28cfd6115,conferences,PRES_a28cfd6115,native,presentation,2026-05-26,2026-partial,1,public,active,Окна в иной мир: изобразительные тексты и линия жизни индийской художницы-парси Катаюн Саклат (1938- 2026): антропологический взгляд,conferences:2026-08-06
conferences:PRES_a58cb0ccf6,conferences,PRES_a58cb0ccf6,native,presentation,2026-05-26,2026-partial,1,public,active,Метод кодировки чисел в трудах индийского математика Арьябхаты,conferences:2026-08-06
conferences:PRES_b130fb70d2,conferences,PRES_b130fb70d2,native,presentation,2026-05-26,2026-partial,1,public,active,Эпическая санкхья в беседе царя Джанаки и отшельницы Сулабхи (МБХ 12.308),conferences:2026-08-06
conferences:PRES_b2cbcb90c5,conferences,PRES_b2cbcb90c5,native,presentation,2026-05-26,2026-partial,1,public,active,Лексика языка куллуи: этимологии 2026 года,conferences:2026-08-06
conferences:PRES_b73c531378,conferences,PRES_b73c531378,native,presentation,2026-05-26,2026-partial,1,public,active,Идеи йогачары в трактате Асанги «Абхидхармасамуччая» (первая глава),conferences:2026-08-06
conferences:PRES_bc3de7e23c,conferences,PRES_bc3de7e23c,native,presentation,2026-05-26,2026-partial,1,public,active,"Яйцо, курица и Тримурти: миф о Шакти в фольклоре мадига",conferences:2026-08-06
conferences:PRES_c922a3c1aa,conferences,PRES_c922a3c1aa,native,presentation,2026-05-26,2026-partial,1,public,active,Имперфект в древнеиндийском эпосе,conferences:2026-08-06
conferences:PRES_d51a127759,conferences,PRES_d51a127759,native,presentation,2026-05-26,2026-partial,1,public,active,«Они из секты Пифагора»: представления об индуизме трех итальянских купцов второй половины XVI в.,conferences:2026-08-06
conferences:PRES_e0f3741a4a,conferences,PRES_e0f3741a4a,native,presentation,2026-05-26,2026-partial,1,public,active,По следам Петербуржца в Индии: путешествие князя Салтыкова,conferences:2026-08-06
conferences:PRES_f261db19db,conferences,PRES_f261db19db,native,presentation,2026-05-26,2026-partial,1,public,active,Заметки о роли индийской диаспоры в пропаганде языка и литературы хинди,conferences:2026-08-06
conferences:PRES_f4113dc86a,conferences,PRES_f4113dc86a,native,presentation,2026-05-26,2026-partial,1,public,active,Адиваси. Загадочное племя тода,conferences:2026-08-06
conferences:PRES_f8dfe74eae,conferences,PRES_f8dfe74eae,native,presentation,2026-05-26,2026-partial,1,public,active,Голод в Бенгалии 1943 года и его отражение в творчестве индийских художников,conferences:2026-08-06
conferences:PRES_f9adb6ffd3,conferences,PRES_f9adb6ffd3,native,presentation,2026-05-26,2026-partial,1,public,active,Можно ли считать мадхьямаку нигилизмом?,conferences:2026-08-06
conferences:PRES_fa188bec9a,conferences,PRES_fa188bec9a,native,presentation,2026-05-26,2026-partial,1,public,active,«Сказание о Лиле» в «Йога- васиштхе»,conferences:2026-08-06
conferences:PRES_fb340723de,conferences,PRES_fb340723de,native,presentation,2026-05-26,2026-partial,1,public,active,Пословицы и поговорки Индии и России как аспект межкультурной коммуникации (проектная деятельность на уроках языка хинди),conferences:2026-08-06
nagari:<003b7e69-7fae-4349-b2a4-159f4a3c48aan@googlegroups.com>,nagari,<003b7e69-7fae-4349-b2a4-159f4a3c48aan@googlegroups.com>,native,message,2026-02-21T12:20:53+03:00,2026-partial,1,restricted,active,,nagari:pilot:2026-07-17
nagari:<01857327-be7a-49e8-afad-27be54ef30e9n@googlegroups.com>,nagari,<01857327-be7a-49e8-afad-27be54ef30e9n@googlegroups.com>,native,message,2026-01-31T17:21:58+03:00,2026-partial,1,restricted,active,,nagari:pilot:2026-07-17
nagari:<0614e987-fdc4-4ac2-a113-bf590712a5f8n@googlegroups.com>,nagari,<0614e987-fdc4-4ac2-a113-bf590712a5f8n@googlegroups.com>,native,message,2026-02-25T16:37:43+03:00,2026-partial,1,restricted,active,,nagari:pilot:2026-07-17
nagari:<071a93f9-6e2c-4eb2-bcf2-01f2692fcc76n@googlegroups.com>,nagari,<071a93f9-6e2c-4eb2-bcf2-01f2692fcc76n@googlegroups.com>,native,message,2026-03-17T14:16:45+03:00,2026-partial,1,restricted,active,,nagari:pilot:2026-07-17
nagari:<11684565-e16d-4f73-a248-9bef87c07d5bn@googlegroups.com>,nagari,<11684565-e16d-4f73-a248-9bef87c07d5bn@googlegroups.com>,native,message,2026-06-23T17:20:56+03:00,2026-partial,1,restricted,active,,nagari:pilot:2026-07-17
nagari:<125e9c24-f059-43e7-8059-db0d9f10066dn@googlegroups.com>,nagari,<125e9c24-f059-43e7-8059-db0d9f10066dn@googlegroups.com>,native,message,2026-02-23T18:13:39+03:00,2026-partial,1,restricted,active,,nagari:pilot:2026-07-17
nagari:<1335466641.2216375.1782448435994@mail.yahoo.com>,nagari,<1335466641.2216375.1782448435994@mail.yahoo.com>,native,message,2026-06-26T07:33:55+03:00,2026-partial,1,restricted,active,,nagari:pilot:2026-07-17
nagari:<13dd5aeb-2f17-4e19-841c-3328bf70171fn@googlegroups.com>,nagari,<13dd5aeb-2f17-4e19-841c-3328bf70171fn@googlegroups.com>,native,message,2026-03-18T17:52:10+03:00,2026-partial,1,restricted,active,,nagari:pilot:2026-07-17
nagari:<14d5111f-af50-465d-b078-3b8f6f30d428n@googlegroups.com>,nagari,<14d5111f-af50-465d-b078-3b8f6f30d428n@googlegroups.com>,native,message,2026-03-30T19:38:49+03:00,2026-partial,1,restricted,active,,nagari:pilot:2026-07-17
nagari:<1689007038.2765004.1782672776565@mail.yahoo.com>,nagari,<1689007038.2765004.1782672776565@mail.yahoo.com>,native,message,2026-06-28T21:52:56+03:00,2026-partial,1,restricted,active,,nagari:pilot:2026-07-17
nagari:<1771156860.466401265@f123.i.mail.ru>,nagari,<1771156860.466401265@f123.i.mail.ru>,native,message,2026-02-15T15:01:00+03:00,2026-partial,1,restricted,active,,nagari:pilot:2026-07-17
nagari:<1780419062.296996272@f275.i.mail.ru>,nagari,<1780419062.296996272@f275.i.mail.ru>,native,message,2026-06-02T19:51:02+03:00,2026-partial,1,restricted,active,,nagari:pilot:2026-07-17
nagari:<1a200a5b-a539-4f38-a720-70cf6c745a25n@googlegroups.com>,nagari,<1a200a5b-a539-4f38-a720-70cf6c745a25n@googlegroups.com>,native,message,2026-06-19T12:08:01+03:00,2026-partial,1,restricted,active,,nagari:pilot:2026-07-17
nagari:<1d4d7d6e-4c36-4a26-86d6-ec01e430b171n@googlegroups.com>,nagari,<1d4d7d6e-4c36-4a26-86d6-ec01e430b171n@googlegroups.com>,native,message,2026-01-09T20:03:47+03:00,2026-partial,1,restricted,active,,nagari:pilot:2026-07-17
nagari:<1f09086a-c2b8-48dc-be5e-c6b03e803ae2n@googlegroups.com>,nagari,<1f09086a-c2b8-48dc-be5e-c6b03e803ae2n@googlegroups.com>,native,message,2026-03-04T15:08:26+03:00,2026-partial,1,restricted,active,,nagari:pilot:2026-07-17
nagari:<1f9f1d17-984b-42b7-99fa-f8ca2826b07bn@googlegroups.com>,nagari,<1f9f1d17-984b-42b7-99fa-f8ca2826b07bn@googlegroups.com>,native,message,2026-06-17T23:04:19+03:00,2026-partial,1,restricted,active,,nagari:pilot:2026-07-17
nagari:<21f285f4-dac5-4d50-8a2b-effb3cb74529n@googlegroups.com>,nagari,<21f285f4-dac5-4d50-8a2b-effb3cb74529n@googlegroups.com>,native,message,2026-05-21T07:08:56+03:00,2026-partial,1,restricted,active,,nagari:pilot:2026-07-17
nagari:<229ec5c5-a9a6-4e65-877a-56376d926584n@googlegroups.com>,nagari,<229ec5c5-a9a6-4e65-877a-56376d926584n@googlegroups.com>,native,message,2026-06-10T13:29:15+03:00,2026-partial,1,restricted,active,,nagari:pilot:2026-07-17
nagari:<25f7157a-5283-4b04-af7c-e61866c8ab24n@googlegroups.com>,nagari,<25f7157a-5283-4b04-af7c-e61866c8ab24n@googlegroups.com>,native,message,2026-04-23T22:01:29+03:00,2026-partial,1,restricted,active,,nagari:pilot:2026-07-17
nagari:<290da744-a7df-4b8b-a449-dce00b58891fn@googlegroups.com>,nagari,<290da744-a7df-4b8b-a449-dce00b58891fn@googlegroups.com>,native,message,2026-03-24T12:30:50+03:00,2026-partial,1,restricted,active,,nagari:pilot:2026-07-17
nagari:<2995c56f-0e2f-4dbd-8261-86be95a13b88n@googlegroups.com>,nagari,<2995c56f-0e2f-4dbd-8261-86be95a13b88n@googlegroups.com>,native,message,2026-02-17T15:22:24+03:00,2026-partial,1,restricted,active,,nagari:pilot:2026-07-17
nagari:<2b994e04-1635-4bc1-8aaf-b3b637c136b9n@googlegroups.com>,nagari,<2b994e04-1635-4bc1-8aaf-b3b637c136b9n@googlegroups.com>,native,message,2026-03-07T21:33:53+03:00,2026-partial,1,restricted,active,,nagari:pilot:2026-07-17
nagari:<34a14e5d-1ff4-4e91-bcec-f4094fd81f38n@googlegroups.com>,nagari,<34a14e5d-1ff4-4e91-bcec-f4094fd81f38n@googlegroups.com>,native,message,2026-02-12T20:43:30+03:00,2026-partial,1,restricted,active,,nagari:pilot:2026-07-17
nagari:<35c85b8b-3dd2-43bf-947c-dc8d9d62205fn@googlegroups.com>,nagari,<35c85b8b-3dd2-43bf-947c-dc8d9d62205fn@googlegroups.com>,native,message,2026-02-12T23:06:23+03:00,2026-partial,1,restricted,active,,nagari:pilot:2026-07-17
nagari:<3630b640-5d08-4262-ae79-d8b5756354a4n@googlegroups.com>,nagari,<3630b640-5d08-4262-ae79-d8b5756354a4n@googlegroups.com>,native,message,2026-04-24T21:56:41+03:00,2026-partial,1,restricted,active,,nagari:pilot:2026-07-17
nagari:<37e61262-44fd-483e-bceb-d8a4f3483e1fn@googlegroups.com>,nagari,<37e61262-44fd-483e-bceb-d8a4f3483e1fn@googlegroups.com>,native,message,2026-03-22T03:05:51+03:00,2026-partial,1,restricted,active,,nagari:pilot:2026-07-17
nagari:<39d67dfe-1569-4538-b654-c9ca4fc40687n@googlegroups.com>,nagari,<39d67dfe-1569-4538-b654-c9ca4fc40687n@googlegroups.com>,native,message,2026-07-03T10:08:59+03:00,2026-partial,1,restricted,active,,nagari:pilot:2026-07-17
nagari:<3b5aa458-b715-4085-b581-75c33e3a1468n@googlegroups.com>,nagari,<3b5aa458-b715-4085-b581-75c33e3a1468n@googlegroups.com>,native,message,2026-03-11T20:45:47+03:00,2026-partial,1,restricted,active,,nagari:pilot:2026-07-17
nagari:<3e0c330e-0e1a-41ce-8930-fa63cdba4198n@googlegroups.com>,nagari,<3e0c330e-0e1a-41ce-8930-fa63cdba4198n@googlegroups.com>,native,message,2026-01-15T12:51:13+03:00,2026-partial,1,restricted,active,,nagari:pilot:2026-07-17
nagari:<423bbb09-5c8e-4adc-b6d7-ea1235cc6d33n@googlegroups.com>,nagari,<423bbb09-5c8e-4adc-b6d7-ea1235cc6d33n@googlegroups.com>,native,message,2026-02-21T16:58:33+03:00,2026-partial,1,restricted,active,,nagari:pilot:2026-07-17
nagari:<4600c046-8f94-46de-9b26-eb404acf1b0an@googlegroups.com>,nagari,<4600c046-8f94-46de-9b26-eb404acf1b0an@googlegroups.com>,native,message,2026-02-12T16:36:22+03:00,2026-partial,1,restricted,active,,nagari:pilot:2026-07-17
nagari:<46266a15-404e-493d-99f5-161d35be92a0n@googlegroups.com>,nagari,<46266a15-404e-493d-99f5-161d35be92a0n@googlegroups.com>,native,message,2026-01-08T15:52:31+03:00,2026-partial,1,restricted,active,,nagari:pilot:2026-07-17
nagari:<464433cf-ba07-4921-beeb-cb6bf45049d0n@googlegroups.com>,nagari,<464433cf-ba07-4921-beeb-cb6bf45049d0n@googlegroups.com>,native,message,2026-01-21T11:22:29+03:00,2026-partial,1,restricted,active,,nagari:pilot:2026-07-17
nagari:<48d100a6-3d74-4464-93b3-0dacf12c37f9n@googlegroups.com>,nagari,<48d100a6-3d74-4464-93b3-0dacf12c37f9n@googlegroups.com>,native,message,2026-06-20T12:08:05+03:00,2026-partial,1,restricted,active,,nagari:pilot:2026-07-17
nagari:<48d2f62f-783c-475e-a901-4ded5a0808d5n@googlegroups.com>,nagari,<48d2f62f-783c-475e-a901-4ded5a0808d5n@googlegroups.com>,native,message,2026-01-11T10:36:22+03:00,2026-partial,1,restricted,active,,nagari:pilot:2026-07-17
nagari:<490ee28d-ac3c-446c-a996-90811813b12bn@googlegroups.com>,nagari,<490ee28d-ac3c-446c-a996-90811813b12bn@googlegroups.com>,native,message,2026-02-11T15:42:49+03:00,2026-partial,1,restricted,active,,nagari:pilot:2026-07-17
nagari:<4a731d47-0202-42ad-a94c-4cdbd68ce695n@googlegroups.com>,nagari,<4a731d47-0202-42ad-a94c-4cdbd68ce695n@googlegroups.com>,native,message,2026-04-07T18:53:02+03:00,2026-partial,1,restricted,active,,nagari:pilot:2026-07-17
nagari:<4c461c48-e06b-469d-8362-c9dcd11c5ea3n@googlegroups.com>,nagari,<4c461c48-e06b-469d-8362-c9dcd11c5ea3n@googlegroups.com>,native,message,2026-01-19T19:37:32+03:00,2026-partial,1,restricted,active,,nagari:pilot:2026-07-17
nagari:<4cd0858c-4b8c-42da-a135-351a410fda4dn@googlegroups.com>,nagari,<4cd0858c-4b8c-42da-a135-351a410fda4dn@googlegroups.com>,native,message,2026-04-23T19:21:17+03:00,2026-partial,1,restricted,active,,nagari:pilot:2026-07-17
nagari:<4e31ead6-6c2a-4291-8d71-5c408815ced7n@googlegroups.com>,nagari,<4e31ead6-6c2a-4291-8d71-5c408815ced7n@googlegroups.com>,native,message,2026-05-19T13:44:20+03:00,2026-partial,1,restricted,active,,nagari:pilot:2026-07-17
nagari:<4e8a8712-6e89-4b5c-a2c8-ef619b2fdd2fn@googlegroups.com>,nagari,<4e8a8712-6e89-4b5c-a2c8-ef619b2fdd2fn@googlegroups.com>,native,message,2026-04-28T19:42:37+03:00,2026-partial,1,restricted,active,,nagari:pilot:2026-07-17
nagari:<55fd670c-37c5-4345-94f3-717752c7e412n@googlegroups.com>,nagari,<55fd670c-37c5-4345-94f3-717752c7e412n@googlegroups.com>,native,message,2026-05-31T23:08:44+03:00,2026-partial,1,restricted,active,,nagari:pilot:2026-07-17
nagari:<56a63eec-d228-4d48-80a2-37df4aa2b126n@googlegroups.com>,nagari,<56a63eec-d228-4d48-80a2-37df4aa2b126n@googlegroups.com>,native,message,2026-03-05T14:39:03+03:00,2026-partial,1,restricted,active,,nagari:pilot:2026-07-17
nagari:<5828d78b-9cf1-4ad6-b17c-0401177605e9n@googlegroups.com>,nagari,<5828d78b-9cf1-4ad6-b17c-0401177605e9n@googlegroups.com>,native,message,2026-03-12T18:14:18+03:00,2026-partial,1,restricted,active,,nagari:pilot:2026-07-17
nagari:<58ec6b5d-b97b-4ef6-ab75-6b125723790dn@googlegroups.com>,nagari,<58ec6b5d-b97b-4ef6-ab75-6b125723790dn@googlegroups.com>,native,message,2026-03-05T20:24:19+03:00,2026-partial,1,restricted,active,,nagari:pilot:2026-07-17
nagari:<59be8653-6b38-4c3d-b9b7-d21e68f2afccn@googlegroups.com>,nagari,<59be8653-6b38-4c3d-b9b7-d21e68f2afccn@googlegroups.com>,native,message,2026-03-10T22:18:17+03:00,2026-partial,1,restricted,active,,nagari:pilot:2026-07-17
nagari:<5eeaecfe-3a66-4301-a32e-56fa2988bebcn@googlegroups.com>,nagari,<5eeaecfe-3a66-4301-a32e-56fa2988bebcn@googlegroups.com>,native,message,2026-01-14T18:36:09+03:00,2026-partial,1,restricted,active,,nagari:pilot:2026-07-17
nagari:<6467999c-0284-4b6d-9536-33a8602d8652n@googlegroups.com>,nagari,<6467999c-0284-4b6d-9536-33a8602d8652n@googlegroups.com>,native,message,2026-01-05T12:48:20+03:00,2026-partial,1,restricted,active,,nagari:pilot:2026-07-17
nagari:<68308e73-6770-4a2d-87ca-c35403f4f1c4n@googlegroups.com>,nagari,<68308e73-6770-4a2d-87ca-c35403f4f1c4n@googlegroups.com>,native,message,2026-03-03T22:02:36+03:00,2026-partial,1,restricted,active,,nagari:pilot:2026-07-17
nagari:<6a5237c3-15c6-4bcb-9dae-a8bafa9f650fn@googlegroups.com>,nagari,<6a5237c3-15c6-4bcb-9dae-a8bafa9f650fn@googlegroups.com>,native,message,2026-01-20T14:34:26+03:00,2026-partial,1,restricted,active,,nagari:pilot:2026-07-17
nagari:<6bf50efa-9062-4cf0-b8f1-ef734f431eb6n@googlegroups.com>,nagari,<6bf50efa-9062-4cf0-b8f1-ef734f431eb6n@googlegroups.com>,native,message,2026-01-23T18:10:52+03:00,2026-partial,1,restricted,active,,nagari:pilot:2026-07-17
nagari:<6c1abc02-d8cb-4915-8b9e-9b28121416a2n@googlegroups.com>,nagari,<6c1abc02-d8cb-4915-8b9e-9b28121416a2n@googlegroups.com>,native,message,2026-05-25T15:26:56+03:00,2026-partial,1,restricted,active,,nagari:pilot:2026-07-17
nagari:<6ddbca1f-27bf-4314-975c-3d0078c53b87n@googlegroups.com>,nagari,<6ddbca1f-27bf-4314-975c-3d0078c53b87n@googlegroups.com>,native,message,2026-03-05T17:51:14+03:00,2026-partial,1,restricted,active,,nagari:pilot:2026-07-17
nagari:<6e34dc99-a1a9-406c-81fd-4a46b56049c1n@googlegroups.com>,nagari,<6e34dc99-a1a9-406c-81fd-4a46b56049c1n@googlegroups.com>,native,message,2026-05-25T18:35:08+03:00,2026-partial,1,restricted,active,,nagari:pilot:2026-07-17
nagari:<6f06b1dc-7fd6-4dd5-a3f8-f18c85871eden@googlegroups.com>,nagari,<6f06b1dc-7fd6-4dd5-a3f8-f18c85871eden@googlegroups.com>,native,message,2026-03-14T21:03:08+03:00,2026-partial,1,restricted,active,,nagari:pilot:2026-07-17
nagari:<6f1c4f98-1d1a-4051-a58c-a65219a0b7e8n@googlegroups.com>,nagari,<6f1c4f98-1d1a-4051-a58c-a65219a0b7e8n@googlegroups.com>,native,message,2026-03-23T12:12:02+03:00,2026-partial,1,restricted,active,,nagari:pilot:2026-07-17
nagari:<6ffce044-7128-4b35-a628-b2f7dd9371cbn@googlegroups.com>,nagari,<6ffce044-7128-4b35-a628-b2f7dd9371cbn@googlegroups.com>,native,message,2026-04-19T03:23:05+03:00,2026-partial,1,restricted,active,,nagari:pilot:2026-07-17
nagari:<72b7cac0-eddb-4fa4-9dc7-334ab6159ebbn@googlegroups.com>,nagari,<72b7cac0-eddb-4fa4-9dc7-334ab6159ebbn@googlegroups.com>,native,message,2026-02-07T21:25:24+03:00,2026-partial,1,restricted,active,,nagari:pilot:2026-07-17
nagari:<738bc920-f62a-4145-86c8-46d7dff86b9bn@googlegroups.com>,nagari,<738bc920-f62a-4145-86c8-46d7dff86b9bn@googlegroups.com>,native,message,2026-04-28T00:25:05+03:00,2026-partial,1,restricted,active,,nagari:pilot:2026-07-17
nagari:<7493408b-5f40-4742-81e2-89c77c76d65en@googlegroups.com>,nagari,<7493408b-5f40-4742-81e2-89c77c76d65en@googlegroups.com>,native,message,2026-04-28T00:21:34+03:00,2026-partial,1,restricted,active,,nagari:pilot:2026-07-17
nagari:<74a214cd-ccf4-4635-ae18-b09f8b9b499en@googlegroups.com>,nagari,<74a214cd-ccf4-4635-ae18-b09f8b9b499en@googlegroups.com>,native,message,2026-02-04T22:12:30+03:00,2026-partial,1,restricted,active,,nagari:pilot:2026-07-17
nagari:<751fb1d3-f012-4d06-bb06-edabd8098078n@googlegroups.com>,nagari,<751fb1d3-f012-4d06-bb06-edabd8098078n@googlegroups.com>,native,message,2026-03-02T13:46:27+03:00,2026-partial,1,restricted,active,,nagari:pilot:2026-07-17
nagari:<7591b433-3916-48be-b3fd-07863d123929n@googlegroups.com>,nagari,<7591b433-3916-48be-b3fd-07863d123929n@googlegroups.com>,native,message,2026-04-16T23:52:17+03:00,2026-partial,1,restricted,active,,nagari:pilot:2026-07-17
nagari:<75fa7832-19f9-457b-8084-9a6fcee664e7n@googlegroups.com>,nagari,<75fa7832-19f9-457b-8084-9a6fcee664e7n@googlegroups.com>,native,message,2026-06-09T22:49:29+03:00,2026-partial,1,restricted,active,,nagari:pilot:2026-07-17
nagari:<764c5a11-e61b-4e04-b6c3-69e74234bb58n@googlegroups.com>,nagari,<764c5a11-e61b-4e04-b6c3-69e74234bb58n@googlegroups.com>,native,message,2026-01-23T21:34:25+03:00,2026-partial,1,restricted,active,,nagari:pilot:2026-07-17
nagari:<765d0f96-f260-42f6-b1cb-290f27866fa9n@googlegroups.com>,nagari,<765d0f96-f260-42f6-b1cb-290f27866fa9n@googlegroups.com>,native,message,2026-01-20T12:46:03+03:00,2026-partial,1,restricted,active,,nagari:pilot:2026-07-17
nagari:<7750e35a-437d-46cd-a37f-75be88a0d743n@googlegroups.com>,nagari,<7750e35a-437d-46cd-a37f-75be88a0d743n@googlegroups.com>,native,message,2026-03-29T09:55:13+03:00,2026-partial,1,restricted,active,,nagari:pilot:2026-07-17
nagari:<77a83da0-b44b-485c-af3f-87d223adb37fn@googlegroups.com>,nagari,<77a83da0-b44b-485c-af3f-87d223adb37fn@googlegroups.com>,native,message,2026-02-23T23:39:58+03:00,2026-partial,1,restricted,active,,nagari:pilot:2026-07-17
nagari:<7a59df93-372b-4cf2-8c87-053620e5cd8bn@googlegroups.com>,nagari,<7a59df93-372b-4cf2-8c87-053620e5cd8bn@googlegroups.com>,native,message,2026-06-24T16:42:52+03:00,2026-partial,1,restricted,active,,nagari:pilot:2026-07-17
nagari:<7b1b41fe-cf1a-4042-bbfe-cef442fbc7d2n@googlegroups.com>,nagari,<7b1b41fe-cf1a-4042-bbfe-cef442fbc7d2n@googlegroups.com>,native,message,2026-02-23T22:05:14+03:00,2026-partial,1,restricted,active,,nagari:pilot:2026-07-17
nagari:<7c4d3cec-18b6-45a9-b88c-8ccd0ee235e7n@googlegroups.com>,nagari,<7c4d3cec-18b6-45a9-b88c-8ccd0ee235e7n@googlegroups.com>,native,message,2026-02-14T17:12:46+03:00,2026-partial,1,restricted,active,,nagari:pilot:2026-07-17
nagari:<7cbac2e2-a3ee-4493-ada2-b071b79e16dfn@googlegroups.com>,nagari,<7cbac2e2-a3ee-4493-ada2-b071b79e16dfn@googlegroups.com>,native,message,2026-02-05T15:44:43+03:00,2026-partial,1,restricted,active,,nagari:pilot:2026-07-17
nagari:<7fb5a40d-8e0d-4cb6-8ac4-51f277b2fc87n@googlegroups.com>,nagari,<7fb5a40d-8e0d-4cb6-8ac4-51f277b2fc87n@googlegroups.com>,native,message,2026-03-17T18:06:10+03:00,2026-partial,1,restricted,active,,nagari:pilot:2026-07-17
nagari:<80db81cd-f109-4167-b0ec-f57fa4c05ea0n@googlegroups.com>,nagari,<80db81cd-f109-4167-b0ec-f57fa4c05ea0n@googlegroups.com>,native,message,2026-03-16T16:29:22+03:00,2026-partial,1,restricted,active,,nagari:pilot:2026-07-17
nagari:<82119bcf-f927-47e4-a0f7-0eccbb3ec13en@googlegroups.com>,nagari,<82119bcf-f927-47e4-a0f7-0eccbb3ec13en@googlegroups.com>,native,message,2026-06-05T20:08:09+03:00,2026-partial,1,restricted,active,,nagari:pilot:2026-07-17
nagari:<82f95da8-4cac-4968-beff-92df34151671n@googlegroups.com>,nagari,<82f95da8-4cac-4968-beff-92df34151671n@googlegroups.com>,native,message,2026-04-04T18:34:14+03:00,2026-partial,1,restricted,active,,nagari:pilot:2026-07-17
nagari:<83081933-a683-4e50-a575-23e2702e5274n@googlegroups.com>,nagari,<83081933-a683-4e50-a575-23e2702e5274n@googlegroups.com>,native,message,2026-04-05T13:25:07+03:00,2026-partial,1,restricted,active,,nagari:pilot:2026-07-17
nagari:<83315d48-9f27-4abf-ae78-f408ca375fb5n@googlegroups.com>,nagari,<83315d48-9f27-4abf-ae78-f408ca375fb5n@googlegroups.com>,native,message,2026-04-06T21:39:16+03:00,2026-partial,1,restricted,active,,nagari:pilot:2026-07-17
nagari:<844d0e2e-5930-488f-ac45-c92d48606d91n@googlegroups.com>,nagari,<844d0e2e-5930-488f-ac45-c92d48606d91n@googlegroups.com>,native,message,2026-02-23T23:39:59+03:00,2026-partial,1,restricted,active,,nagari:pilot:2026-07-17
nagari:<848b48bd-d67c-4da2-a374-72c11ab4e31dn@googlegroups.com>,nagari,<848b48bd-d67c-4da2-a374-72c11ab4e31dn@googlegroups.com>,native,message,2026-02-16T12:01:47+03:00,2026-partial,1,restricted,active,,nagari:pilot:2026-07-17
nagari:<8b9d2956-8dcd-4fbe-9ce2-5f68fa28fd31n@googlegroups.com>,nagari,<8b9d2956-8dcd-4fbe-9ce2-5f68fa28fd31n@googlegroups.com>,native,message,2026-05-19T05:40:05+03:00,2026-partial,1,restricted,active,,nagari:pilot:2026-07-17
nagari:<8c6bcd54-c627-47aa-b932-9bfa4aa16544n@googlegroups.com>,nagari,<8c6bcd54-c627-47aa-b932-9bfa4aa16544n@googlegroups.com>,native,message,2026-03-11T15:18:32+03:00,2026-partial,1,restricted,active,,nagari:pilot:2026-07-17
nagari:<932b2d71-d0ac-49b7-b423-0e0f7349860an@googlegroups.com>,nagari,<932b2d71-d0ac-49b7-b423-0e0f7349860an@googlegroups.com>,native,message,2026-02-14T19:03:57+03:00,2026-partial,1,restricted,active,,nagari:pilot:2026-07-17
nagari:<97f75020-30e4-433c-b4c4-7b04f434e89fn@googlegroups.com>,nagari,<97f75020-30e4-433c-b4c4-7b04f434e89fn@googlegroups.com>,native,message,2026-01-06T19:53:47+03:00,2026-partial,1,restricted,active,,nagari:pilot:2026-07-17
nagari:<9e1f42d1-1074-42e1-9156-6dd7f189c3b4n@googlegroups.com>,nagari,<9e1f42d1-1074-42e1-9156-6dd7f189c3b4n@googlegroups.com>,native,message,2026-02-23T15:10:10+03:00,2026-partial,1,restricted,active,,nagari:pilot:2026-07-17
nagari:<9fb5babd-1a62-4a28-aecc-5108a638fac5n@googlegroups.com>,nagari,<9fb5babd-1a62-4a28-aecc-5108a638fac5n@googlegroups.com>,native,message,2026-06-10T13:42:14+03:00,2026-partial,1,restricted,active,,nagari:pilot:2026-07-17
nagari:<CACCUm1+0-QEbc4Dj+80fQ96HUdAoR=romzH9swbmAuPxnz925g@mail.gmail.com>,nagari,<CACCUm1+0-QEbc4Dj+80fQ96HUdAoR=romzH9swbmAuPxnz925g@mail.gmail.com>,native,message,2026-03-14T12:14:42+03:00,2026-partial,1,restricted,active,,nagari:pilot:2026-07-17
nagari:<CACCUm1+6A38BicHy4+dfiNy2RE28v7POVRa00_hfkn-4GwPYdg@mail.gmail.com>,nagari,<CACCUm1+6A38BicHy4+dfiNy2RE28v7POVRa00_hfkn-4GwPYdg@mail.gmail.com>,native,message,2026-04-22T14:25:06+03:00,2026-partial,1,restricted,active,,nagari:pilot:2026-07-17
nagari:<CACCUm1+MKiJ8P9bFm87jmm1ZHhYH8F7CoQgH=8e=7yJFXPK7Aw@mail.gmail.com>,nagari,<CACCUm1+MKiJ8P9bFm87jmm1ZHhYH8F7CoQgH=8e=7yJFXPK7Aw@mail.gmail.com>,native,message,2026-03-30T15:39:46+03:00,2026-partial,1,restricted,active,,nagari:pilot:2026-07-17
nagari:<CACCUm1LO-hzuR=ibaasssoheowGDxWGs-UO1tek6XM99NaON=w@mail.gmail.com>,nagari,<CACCUm1LO-hzuR=ibaasssoheowGDxWGs-UO1tek6XM99NaON=w@mail.gmail.com>,native,message,2026-02-23T23:58:17+03:00,2026-partial,1,restricted,active,,nagari:pilot:2026-07-17
nagari:<CAFg+CAjBLAUHngnby+7MnuO1z0+p8SgW65HBgbRYQBtuvysCtg@mail.gmail.com>,nagari,<CAFg+CAjBLAUHngnby+7MnuO1z0+p8SgW65HBgbRYQBtuvysCtg@mail.gmail.com>,native,message,2026-03-21T15:59:37+03:00,2026-partial,1,restricted,active,,nagari:pilot:2026-07-17
nagari:<CAFjjqw+0K7LUKOb1A7gBQ4QNk1V2Cu=20swqss81AH1yAGpuMw@mail.gmail.com>,nagari,<CAFjjqw+0K7LUKOb1A7gBQ4QNk1V2Cu=20swqss81AH1yAGpuMw@mail.gmail.com>,native,message,2026-03-24T10:09:16+03:00,2026-partial,1,restricted,active,,nagari:pilot:2026-07-17
nagari:<CAGssZiOY0dd-Au-C6bvwmGRHsZzSOW_jWkqg4pxzYX8iPnB90w@mail.gmail.com>,nagari,<CAGssZiOY0dd-Au-C6bvwmGRHsZzSOW_jWkqg4pxzYX8iPnB90w@mail.gmail.com>,native,message,2026-06-17T23:29:53+03:00,2026-partial,1,restricted,active,,nagari:pilot:2026-07-17
nagari:<CAGssZiPYLCbYyhxwaAr9wV9Jm2yCWf3kWT1TCTeHPFQJbTmObw@mail.gmail.com>,nagari,<CAGssZiPYLCbYyhxwaAr9wV9Jm2yCWf3kWT1TCTeHPFQJbTmObw@mail.gmail.com>,native,message,2026-06-17T23:17:25+03:00,2026-partial,1,restricted,active,,nagari:pilot:2026-07-17
nagari:<CAKXmVGYdgxNxGV3kAVg_y6NOt03na8MFBN7Xq+QCLAj3vc3gpg@mail.gmail.com>,nagari,<CAKXmVGYdgxNxGV3kAVg_y6NOt03na8MFBN7Xq+QCLAj3vc3gpg@mail.gmail.com>,native,message,2026-04-26T22:20:52+03:00,2026-partial,1,restricted,active,,nagari:pilot:2026-07-17
nagari:<CAKk9CgXtYYAD=BOpm+SF+Ag6W+40d8rpSeWCLW=6YASqr7zQ9w@mail.gmail.com>,nagari,<CAKk9CgXtYYAD=BOpm+SF+Ag6W+40d8rpSeWCLW=6YASqr7zQ9w@mail.gmail.com>,native,message,2026-05-29T17:47:49+03:00,2026-partial,1,restricted,active,,nagari:pilot:2026-07-17
nagari:<a1a8a811-be82-4a49-8956-cc0479f96388n@googlegroups.com>,nagari,<a1a8a811-be82-4a49-8956-cc0479f96388n@googlegroups.com>,native,message,2026-01-30T16:52:57+03:00,2026-partial,1,restricted,active,,nagari:pilot:2026-07-17
nagari:<a3c160f3-b8cf-4a31-8363-d886a4633ebdn@googlegroups.com>,nagari,<a3c160f3-b8cf-4a31-8363-d886a4633ebdn@googlegroups.com>,native,message,2026-03-10T11:26:21+03:00,2026-partial,1,restricted,active,,nagari:pilot:2026-07-17
nagari:<a5b788c5-9234-4643-b8c1-aa48c53f7d6fn@googlegroups.com>,nagari,<a5b788c5-9234-4643-b8c1-aa48c53f7d6fn@googlegroups.com>,native,message,2026-02-15T11:19:21+03:00,2026-partial,1,restricted,active,,nagari:pilot:2026-07-17
nagari:<ab5cdf68-c34f-42c4-85c2-b4a1edf34c5dn@googlegroups.com>,nagari,<ab5cdf68-c34f-42c4-85c2-b4a1edf34c5dn@googlegroups.com>,native,message,2026-02-14T14:23:45+03:00,2026-partial,1,restricted,active,,nagari:pilot:2026-07-17
nagari:<afad8ae2-c379-4ea1-bc89-82aa6d7cf260n@googlegroups.com>,nagari,<afad8ae2-c379-4ea1-bc89-82aa6d7cf260n@googlegroups.com>,native,message,2026-04-11T16:08:24+03:00,2026-partial,1,restricted,active,,nagari:pilot:2026-07-17
nagari:<b0caa0ae-164d-4988-bf6b-86fc1697e5ben@googlegroups.com>,nagari,<b0caa0ae-164d-4988-bf6b-86fc1697e5ben@googlegroups.com>,native,message,2026-05-31T00:26:37+03:00,2026-partial,1,restricted,active,,nagari:pilot:2026-07-17
nagari:<b6040d54-4aca-40ba-9a70-713c07077b42n@googlegroups.com>,nagari,<b6040d54-4aca-40ba-9a70-713c07077b42n@googlegroups.com>,native,message,2026-01-29T19:37:34+03:00,2026-partial,1,restricted,active,,nagari:pilot:2026-07-17
nagari:<b70c0537-9641-43d3-acee-b35e79650ab7n@googlegroups.com>,nagari,<b70c0537-9641-43d3-acee-b35e79650ab7n@googlegroups.com>,native,message,2026-02-17T15:23:03+03:00,2026-partial,1,restricted,active,,nagari:pilot:2026-07-17
nagari:<b8295b6f-2db1-49e1-87cf-285c0c8f3389n@googlegroups.com>,nagari,<b8295b6f-2db1-49e1-87cf-285c0c8f3389n@googlegroups.com>,native,message,2026-03-17T13:19:02+03:00,2026-partial,1,restricted,active,,nagari:pilot:2026-07-17
nagari:<ba306d9d-6ef4-4ce8-b446-063ee0523667n@googlegroups.com>,nagari,<ba306d9d-6ef4-4ce8-b446-063ee0523667n@googlegroups.com>,native,message,2026-04-14T22:35:50+03:00,2026-partial,1,restricted,active,,nagari:pilot:2026-07-17
nagari:<bce7d87a-5ad6-453a-b71e-d30daaa89c06n@googlegroups.com>,nagari,<bce7d87a-5ad6-453a-b71e-d30daaa89c06n@googlegroups.com>,native,message,2026-02-15T11:43:55+03:00,2026-partial,1,restricted,active,,nagari:pilot:2026-07-17
nagari:<bd2b416c-b41f-41e8-a1a5-1676014f9effn@googlegroups.com>,nagari,<bd2b416c-b41f-41e8-a1a5-1676014f9effn@googlegroups.com>,native,message,2026-04-28T08:05:41+03:00,2026-partial,1,restricted,active,,nagari:pilot:2026-07-17
nagari:<bd980273-ff36-4f2b-bd97-c54e11c3ea06n@googlegroups.com>,nagari,<bd980273-ff36-4f2b-bd97-c54e11c3ea06n@googlegroups.com>,native,message,2026-03-24T14:38:33+03:00,2026-partial,1,restricted,active,,nagari:pilot:2026-07-17
nagari:<bf81285c-225f-4f49-84d6-c77c539df7c1n@googlegroups.com>,nagari,<bf81285c-225f-4f49-84d6-c77c539df7c1n@googlegroups.com>,native,message,2026-02-17T11:20:56+03:00,2026-partial,1,restricted,active,,nagari:pilot:2026-07-17
nagari:<c0a34b74-9311-4b70-a344-cf5d96440185n@googlegroups.com>,nagari,<c0a34b74-9311-4b70-a344-cf5d96440185n@googlegroups.com>,native,message,2026-05-29T14:21:12+03:00,2026-partial,1,restricted,active,,nagari:pilot:2026-07-17
nagari:<c139099c-561f-4bda-b052-bdbd10f56246n@googlegroups.com>,nagari,<c139099c-561f-4bda-b052-bdbd10f56246n@googlegroups.com>,native,message,2026-03-25T20:17:21+03:00,2026-partial,1,restricted,active,,nagari:pilot:2026-07-17
nagari:<c1a9dfa2-9f7c-43ce-a760-afe1b90185d1n@googlegroups.com>,nagari,<c1a9dfa2-9f7c-43ce-a760-afe1b90185d1n@googlegroups.com>,native,message,2026-06-28T13:42:21+03:00,2026-partial,1,restricted,active,,nagari:pilot:2026-07-17
nagari:<c308e8f2-eeeb-4782-a37e-0f354d644cacn@googlegroups.com>,nagari,<c308e8f2-eeeb-4782-a37e-0f354d644cacn@googlegroups.com>,native,message,2026-06-13T19:22:46+03:00,2026-partial,1,restricted,active,,nagari:pilot:2026-07-17
nagari:<c311e71e-388f-46b9-ba9c-f162712a8df6n@googlegroups.com>,nagari,<c311e71e-388f-46b9-ba9c-f162712a8df6n@googlegroups.com>,native,message,2026-02-12T21:40:09+03:00,2026-partial,1,restricted,active,,nagari:pilot:2026-07-17
nagari:<c378d48c-e4c1-423e-b948-dc76a7062538n@googlegroups.com>,nagari,<c378d48c-e4c1-423e-b948-dc76a7062538n@googlegroups.com>,native,message,2026-04-04T17:38:58+03:00,2026-partial,1,restricted,active,,nagari:pilot:2026-07-17
nagari:<c39202ac-ffae-4535-997a-6be377124c22n@googlegroups.com>,nagari,<c39202ac-ffae-4535-997a-6be377124c22n@googlegroups.com>,native,message,2026-01-26T15:41:23+03:00,2026-partial,1,restricted,active,,nagari:pilot:2026-07-17
nagari:<c4c221c9-a789-47ea-96c9-46bc69d94cfen@googlegroups.com>,nagari,<c4c221c9-a789-47ea-96c9-46bc69d94cfen@googlegroups.com>,native,message,2026-03-01T08:52:56+03:00,2026-partial,1,restricted,active,,nagari:pilot:2026-07-17
nagari:<c59e766e-d686-4b31-80e0-abc7e7620937n@googlegroups.com>,nagari,<c59e766e-d686-4b31-80e0-abc7e7620937n@googlegroups.com>,native,message,2026-04-09T20:40:16+03:00,2026-partial,1,restricted,active,,nagari:pilot:2026-07-17
nagari:<cb222332-eeb4-4cb8-8dd0-c0b6fce2bf02n@googlegroups.com>,nagari,<cb222332-eeb4-4cb8-8dd0-c0b6fce2bf02n@googlegroups.com>,native,message,2026-03-23T12:10:50+03:00,2026-partial,1,restricted,active,,nagari:pilot:2026-07-17
nagari:<cbfc3d30-842b-4681-9b69-4adde735f95en@googlegroups.com>,nagari,<cbfc3d30-842b-4681-9b69-4adde735f95en@googlegroups.com>,native,message,2026-05-11T15:13:37+03:00,2026-partial,1,restricted,active,,nagari:pilot:2026-07-17
nagari:<cdedfadb-2e8a-431d-889d-2ba488beb031n@googlegroups.com>,nagari,<cdedfadb-2e8a-431d-889d-2ba488beb031n@googlegroups.com>,native,message,2026-06-28T20:31:26+03:00,2026-partial,1,restricted,active,,nagari:pilot:2026-07-17
nagari:<ce6884f8-ff70-4d73-8359-8b21c08cb8d4n@googlegroups.com>,nagari,<ce6884f8-ff70-4d73-8359-8b21c08cb8d4n@googlegroups.com>,native,message,2026-03-13T10:14:18+03:00,2026-partial,1,restricted,active,,nagari:pilot:2026-07-17
nagari:<cf606f40-f252-4c96-a388-3cab5b6900b5n@googlegroups.com>,nagari,<cf606f40-f252-4c96-a388-3cab5b6900b5n@googlegroups.com>,native,message,2026-06-25T14:14:03+03:00,2026-partial,1,restricted,active,,nagari:pilot:2026-07-17
nagari:<d44a2fb6-e6aa-4b1a-b14f-041f4295ba7bn@googlegroups.com>,nagari,<d44a2fb6-e6aa-4b1a-b14f-041f4295ba7bn@googlegroups.com>,native,message,2026-05-25T15:59:49+03:00,2026-partial,1,restricted,active,,nagari:pilot:2026-07-17
nagari:<d4a02be5-35e4-4b5f-8937-0537d195bb06n@googlegroups.com>,nagari,<d4a02be5-35e4-4b5f-8937-0537d195bb06n@googlegroups.com>,native,message,2026-02-03T21:21:24+03:00,2026-partial,1,restricted,active,,nagari:pilot:2026-07-17
nagari:<d59525e1-dee9-4cd4-978c-771081ed46c5n@googlegroups.com>,nagari,<d59525e1-dee9-4cd4-978c-771081ed46c5n@googlegroups.com>,native,message,2026-04-13T19:31:12+03:00,2026-partial,1,restricted,active,,nagari:pilot:2026-07-17
nagari:<d608f9e7-b2af-499f-8782-9a6d417fb000n@googlegroups.com>,nagari,<d608f9e7-b2af-499f-8782-9a6d417fb000n@googlegroups.com>,native,message,2026-01-28T16:41:21+03:00,2026-partial,1,restricted,active,,nagari:pilot:2026-07-17
nagari:<d7103c28-64d0-47c3-a325-cff5ff17db97n@googlegroups.com>,nagari,<d7103c28-64d0-47c3-a325-cff5ff17db97n@googlegroups.com>,native,message,2026-06-08T23:53:18+03:00,2026-partial,1,restricted,active,,nagari:pilot:2026-07-17
nagari:<d737b28f-93f2-4541-9ec1-76dbc4a5ba6fn@googlegroups.com>,nagari,<d737b28f-93f2-4541-9ec1-76dbc4a5ba6fn@googlegroups.com>,native,message,2026-03-04T20:51:17+03:00,2026-partial,1,restricted,active,,nagari:pilot:2026-07-17
nagari:<d86f65b2-285f-471e-938e-800f702b75dcn@googlegroups.com>,nagari,<d86f65b2-285f-471e-938e-800f702b75dcn@googlegroups.com>,native,message,2026-06-05T10:36:03+03:00,2026-partial,1,restricted,active,,nagari:pilot:2026-07-17
nagari:<d8ae99f1-d061-4d11-8688-4eb06f6bc392n@googlegroups.com>,nagari,<d8ae99f1-d061-4d11-8688-4eb06f6bc392n@googlegroups.com>,native,message,2026-02-14T12:17:33+03:00,2026-partial,1,restricted,active,,nagari:pilot:2026-07-17
nagari:<d9b43889-53c8-48fe-a2b2-6140db5c2b13n@googlegroups.com>,nagari,<d9b43889-53c8-48fe-a2b2-6140db5c2b13n@googlegroups.com>,native,message,2026-03-07T19:32:14+03:00,2026-partial,1,restricted,active,,nagari:pilot:2026-07-17
nagari:<daa40df8-e7dd-4eaf-956d-d467de38bab6n@googlegroups.com>,nagari,<daa40df8-e7dd-4eaf-956d-d467de38bab6n@googlegroups.com>,native,message,2026-03-11T13:59:20+03:00,2026-partial,1,restricted,active,,nagari:pilot:2026-07-17
nagari:<dbc67511-96f4-4cb6-981f-debbfa1407d1n@googlegroups.com>,nagari,<dbc67511-96f4-4cb6-981f-debbfa1407d1n@googlegroups.com>,native,message,2026-02-23T08:11:17+03:00,2026-partial,1,restricted,active,,nagari:pilot:2026-07-17
nagari:<dc648237-a430-4a35-9641-6fe3dc4ac79fn@googlegroups.com>,nagari,<dc648237-a430-4a35-9641-6fe3dc4ac79fn@googlegroups.com>,native,message,2026-07-10T18:25:07+03:00,2026-partial,1,restricted,active,,nagari:pilot:2026-07-17
nagari:<e0243f94-c336-4185-8ce7-92bed68fbf4fn@googlegroups.com>,nagari,<e0243f94-c336-4185-8ce7-92bed68fbf4fn@googlegroups.com>,native,message,2026-05-01T06:59:19+03:00,2026-partial,1,restricted,active,,nagari:pilot:2026-07-17
nagari:<e197729c-825c-4955-a2e3-bf603068ca55n@googlegroups.com>,nagari,<e197729c-825c-4955-a2e3-bf603068ca55n@googlegroups.com>,native,message,2026-06-02T17:20:16+03:00,2026-partial,1,restricted,active,,nagari:pilot:2026-07-17
nagari:<e1f9ed4f-2632-48ce-b1b9-838c5939a019n@googlegroups.com>,nagari,<e1f9ed4f-2632-48ce-b1b9-838c5939a019n@googlegroups.com>,native,message,2026-03-21T10:45:33+03:00,2026-partial,1,restricted,active,,nagari:pilot:2026-07-17
nagari:<e233ad81-7f6e-4440-af5c-d3de67644b2cn@googlegroups.com>,nagari,<e233ad81-7f6e-4440-af5c-d3de67644b2cn@googlegroups.com>,native,message,2026-04-28T00:23:15+03:00,2026-partial,1,restricted,active,,nagari:pilot:2026-07-17
nagari:<e50f4e45-fda9-4fb8-ae41-0122bf3c0fben@googlegroups.com>,nagari,<e50f4e45-fda9-4fb8-ae41-0122bf3c0fben@googlegroups.com>,native,message,2026-03-14T09:53:38+03:00,2026-partial,1,restricted,active,,nagari:pilot:2026-07-17
nagari:<e726335e-ebff-44ff-a0e2-c38fbe97b890n@googlegroups.com>,nagari,<e726335e-ebff-44ff-a0e2-c38fbe97b890n@googlegroups.com>,native,message,2026-03-03T22:06:12+03:00,2026-partial,1,restricted,active,,nagari:pilot:2026-07-17
nagari:<eb3b0629-846d-4473-b555-224d03f0e4c5n@googlegroups.com>,nagari,<eb3b0629-846d-4473-b555-224d03f0e4c5n@googlegroups.com>,native,message,2026-04-28T09:19:57+03:00,2026-partial,1,restricted,active,,nagari:pilot:2026-07-17
nagari:<ecb680ca-ae5f-4dc2-af21-8cc7f39dd1b3n@googlegroups.com>,nagari,<ecb680ca-ae5f-4dc2-af21-8cc7f39dd1b3n@googlegroups.com>,native,message,2026-03-02T12:39:06+03:00,2026-partial,1,restricted,active,,nagari:pilot:2026-07-17
nagari:<ed53512d-cae6-4545-be87-3fc0325cc110n@googlegroups.com>,nagari,<ed53512d-cae6-4545-be87-3fc0325cc110n@googlegroups.com>,native,message,2026-03-09T15:19:38+03:00,2026-partial,1,restricted,active,,nagari:pilot:2026-07-17
nagari:<f0c050ed-7b7e-479b-9b3c-552079fb3213n@googlegroups.com>,nagari,<f0c050ed-7b7e-479b-9b3c-552079fb3213n@googlegroups.com>,native,message,2026-01-29T14:09:45+03:00,2026-partial,1,restricted,active,,nagari:pilot:2026-07-17
nagari:<f14d1b9c-f977-4af1-b33a-93867ca072f4n@googlegroups.com>,nagari,<f14d1b9c-f977-4af1-b33a-93867ca072f4n@googlegroups.com>,native,message,2026-04-06T11:02:08+03:00,2026-partial,1,restricted,active,,nagari:pilot:2026-07-17
nagari:<f19c791a-4bb5-4f59-8b93-be95132bcb60n@googlegroups.com>,nagari,<f19c791a-4bb5-4f59-8b93-be95132bcb60n@googlegroups.com>,native,message,2026-02-17T15:14:17+03:00,2026-partial,1,restricted,active,,nagari:pilot:2026-07-17
nagari:<f1ebf7cd-69d0-4423-b326-c31c676ef98en@googlegroups.com>,nagari,<f1ebf7cd-69d0-4423-b326-c31c676ef98en@googlegroups.com>,native,message,2026-06-28T20:32:22+03:00,2026-partial,1,restricted,active,,nagari:pilot:2026-07-17
nagari:<f35376b3-d942-45b0-9f6e-ff3f6de777d2n@googlegroups.com>,nagari,<f35376b3-d942-45b0-9f6e-ff3f6de777d2n@googlegroups.com>,native,message,2026-03-23T12:10:16+03:00,2026-partial,1,restricted,active,,nagari:pilot:2026-07-17
nagari:<f7322e9a-9cdd-4734-b3a3-febed8f0b91fn@googlegroups.com>,nagari,<f7322e9a-9cdd-4734-b3a3-febed8f0b91fn@googlegroups.com>,native,message,2026-07-05T17:28:53+03:00,2026-partial,1,restricted,active,,nagari:pilot:2026-07-17
nagari:<f749cccb-0369-4fd3-8af6-073908be7f75n@googlegroups.com>,nagari,<f749cccb-0369-4fd3-8af6-073908be7f75n@googlegroups.com>,native,message,2026-04-28T11:23:36+03:00,2026-partial,1,restricted,active,,nagari:pilot:2026-07-17
nagari:<fb70fb1a-1b2c-46e4-b846-31494c67be4bn@googlegroups.com>,nagari,<fb70fb1a-1b2c-46e4-b846-31494c67be4bn@googlegroups.com>,native,message,2026-01-26T16:56:38+03:00,2026-partial,1,restricted,active,,nagari:pilot:2026-07-17
nagari:<fcf65251-67d2-450b-a88e-bfb3bbc6544fn@googlegroups.com>,nagari,<fcf65251-67d2-450b-a88e-bfb3bbc6544fn@googlegroups.com>,native,message,2026-03-23T12:44:41+03:00,2026-partial,1,restricted,active,,nagari:pilot:2026-07-17
nagari:<fd5c0a2a-f0e2-4df9-af46-e859a804be7en@googlegroups.com>,nagari,<fd5c0a2a-f0e2-4df9-af46-e859a804be7en@googlegroups.com>,native,message,2026-02-27T21:59:40+03:00,2026-partial,1,restricted,active,,nagari:pilot:2026-07-17
vk_ors:-192497711_2284,vk_ors,-192497711_2284,native,post,2026-03-07T16:19:51,2026-partial,1,public,active,,vk_ors:2026-07-24
vk_ors:-192497711_2286,vk_ors,-192497711_2286,native,post,2026-03-17T11:15:17,2026-partial,1,public,active,,vk_ors:2026-07-24
vk_ors:-192562799_11679,vk_ors,-192562799_11679,native,post,2026-03-02T09:34:04,2026-partial,1,public,active,,vk_ors:2026-07-24
vk_ors:-236973776_30,vk_ors,-236973776_30,native,post,2026-06-17T13:05:03,2026-partial,1,public,active,,vk_ors:2026-07-24
vk_ors:-88831040_25093,vk_ors,-88831040_25093,native,post,2026-01-01T14:30:00,2026-partial,1,public,active,,vk_ors:2026-07-24
vk_ors:-88831040_25095,vk_ors,-88831040_25095,native,post,2026-01-02T14:30:00,2026-partial,1,public,active,,vk_ors:2026-07-24
vk_ors:-88831040_25101,vk_ors,-88831040_25101,native,post,2026-01-03T14:30:00,2026-partial,1,public,active,,vk_ors:2026-07-24
vk_ors:-88831040_25102,vk_ors,-88831040_25102,native,post,2026-01-04T14:30:00,2026-partial,1,public,active,,vk_ors:2026-07-24
vk_ors:-88831040_25103,vk_ors,-88831040_25103,native,post,2026-01-05T05:37:05,2026-partial,1,public,active,,vk_ors:2026-07-24
vk_ors:-88831040_25105,vk_ors,-88831040_25105,native,post,2026-01-05T14:30:00,2026-partial,1,public,active,,vk_ors:2026-07-24
vk_ors:-88831040_25106,vk_ors,-88831040_25106,native,post,2026-01-06T14:30:00,2026-partial,1,public,active,,vk_ors:2026-07-24
vk_ors:-88831040_25111,vk_ors,-88831040_25111,native,post,2026-01-07T14:45:00,2026-partial,1,public,active,,vk_ors:2026-07-24
vk_ors:-88831040_25115,vk_ors,-88831040_25115,native,post,2026-01-08T14:30:00,2026-partial,1,public,active,,vk_ors:2026-07-24
vk_ors:-88831040_25135,vk_ors,-88831040_25135,native,post,2026-01-09T09:00:05,2026-partial,1,public,active,,vk_ors:2026-07-24
vk_ors:-88831040_25137,vk_ors,-88831040_25137,native,post,2026-01-09T14:30:00,2026-partial,1,public,active,,vk_ors:2026-07-24
vk_ors:-88831040_25141,vk_ors,-88831040_25141,native,post,2026-01-09T17:06:23,2026-partial,1,public,active,,vk_ors:2026-07-24
vk_ors:-88831040_25144,vk_ors,-88831040_25144,native,post,2026-01-10T12:41:37,2026-partial,1,public,active,,vk_ors:2026-07-24
vk_ors:-88831040_25145,vk_ors,-88831040_25145,native,post,2026-01-10T14:30:00,2026-partial,1,public,active,,vk_ors:2026-07-24
vk_ors:-88831040_25146,vk_ors,-88831040_25146,native,post,2026-01-11T07:35:06,2026-partial,1,public,active,,vk_ors:2026-07-24
vk_ors:-88831040_25147,vk_ors,-88831040_25147,native,post,2026-01-11T14:30:00,2026-partial,1,public,active,,vk_ors:2026-07-24
vk_ors:-88831040_25149,vk_ors,-88831040_25149,native,post,2026-01-12T12:19:42,2026-partial,1,public,active,,vk_ors:2026-07-24
vk_ors:-88831040_25151,vk_ors,-88831040_25151,native,post,2026-01-12T16:01:09,2026-partial,1,public,active,,vk_ors:2026-07-24
vk_ors:-88831040_25155,vk_ors,-88831040_25155,native,post,2026-01-13T14:30:00,2026-partial,1,public,active,,vk_ors:2026-07-24
vk_ors:-88831040_25156,vk_ors,-88831040_25156,native,post,2026-01-14T15:33:32,2026-partial,1,public,active,,vk_ors:2026-07-24
vk_ors:-88831040_25158,vk_ors,-88831040_25158,native,post,2026-01-15T07:30:00,2026-partial,1,public,active,,vk_ors:2026-07-24
vk_ors:-88831040_25160,vk_ors,-88831040_25160,native,post,2026-01-15T14:30:00,2026-partial,1,public,active,,vk_ors:2026-07-24
vk_ors:-88831040_25166,vk_ors,-88831040_25166,native,post,2026-01-17T14:30:00,2026-partial,1,public,active,,vk_ors:2026-07-24
vk_ors:-88831040_25172,vk_ors,-88831040_25172,native,post,2026-01-18T12:00:04,2026-partial,1,public,active,,vk_ors:2026-07-24
vk_ors:-88831040_25174,vk_ors,-88831040_25174,native,post,2026-01-19T14:30:00,2026-partial,1,public,active,,vk_ors:2026-07-24
vk_ors:-88831040_25175,vk_ors,-88831040_25175,native,post,2026-01-20T11:32:53,2026-partial,1,public,active,,vk_ors:2026-07-24
vk_ors:-88831040_25179,vk_ors,-88831040_25179,native,post,2026-01-21T14:30:00,2026-partial,1,public,active,,vk_ors:2026-07-24
vk_ors:-88831040_25180,vk_ors,-88831040_25180,native,post,2026-01-23T14:30:00,2026-partial,1,public,active,,vk_ors:2026-07-24
vk_ors:-88831040_25184,vk_ors,-88831040_25184,native,post,2026-01-24T14:17:56,2026-partial,1,public,active,,vk_ors:2026-07-24
vk_ors:-88831040_25187,vk_ors,-88831040_25187,native,post,2026-01-25T12:00:41,2026-partial,1,public,active,,vk_ors:2026-07-24
vk_ors:-88831040_25191,vk_ors,-88831040_25191,native,post,2026-01-25T14:30:00,2026-partial,1,public,active,,vk_ors:2026-07-24
vk_ors:-88831040_25193,vk_ors,-88831040_25193,native,post,2026-01-26T12:42:33,2026-partial,1,public,active,,vk_ors:2026-07-24
vk_ors:-88831040_25197,vk_ors,-88831040_25197,native,post,2026-01-27T14:30:00,2026-partial,1,public,active,,vk_ors:2026-07-24
vk_ors:-88831040_25200,vk_ors,-88831040_25200,native,post,2026-01-28T10:30:09,2026-partial,1,public,active,,vk_ors:2026-07-24
vk_ors:-88831040_25202,vk_ors,-88831040_25202,native,post,2026-01-29T14:30:00,2026-partial,1,public,active,,vk_ors:2026-07-24
vk_ors:-88831040_25203,vk_ors,-88831040_25203,native,post,2026-01-30T07:57:10,2026-partial,1,public,active,,vk_ors:2026-07-24
vk_ors:-88831040_25204,vk_ors,-88831040_25204,native,post,2026-01-30T14:36:15,2026-partial,1,public,active,,vk_ors:2026-07-24
vk_ors:-88831040_25206,vk_ors,-88831040_25206,native,post,2026-01-31T14:30:00,2026-partial,1,public,active,,vk_ors:2026-07-24
vk_ors:-88831040_25215,vk_ors,-88831040_25215,native,post,2026-02-02T14:30:00,2026-partial,1,public,active,,vk_ors:2026-07-24
vk_ors:-88831040_25220,vk_ors,-88831040_25220,native,post,2026-02-04T14:30:00,2026-partial,1,public,active,,vk_ors:2026-07-24
vk_ors:-88831040_25222,vk_ors,-88831040_25222,native,post,2026-02-05T10:11:06,2026-partial,1,public,active,,vk_ors:2026-07-24
vk_ors:-88831040_25223,vk_ors,-88831040_25223,native,post,2026-02-05T17:32:56,2026-partial,1,public,active,,vk_ors:2026-07-24
vk_ors:-88831040_25225,vk_ors,-88831040_25225,native,post,2026-02-06T14:30:27,2026-partial,1,public,active,,vk_ors:2026-07-24
vk_ors:-88831040_25226,vk_ors,-88831040_25226,native,post,2026-02-07T18:28:22,2026-partial,1,public,active,,vk_ors:2026-07-24
vk_ors:-88831040_25227,vk_ors,-88831040_25227,native,post,2026-02-08T14:30:00,2026-partial,1,public,active,,vk_ors:2026-07-24
vk_ors:-88831040_25228,vk_ors,-88831040_25228,native,post,2026-02-10T14:30:00,2026-partial,1,public,active,,vk_ors:2026-07-24
vk_ors:-88831040_25229,vk_ors,-88831040_25229,native,post,2026-02-11T12:35:56,2026-partial,1,public,active,,vk_ors:2026-07-24
vk_ors:-88831040_25233,vk_ors,-88831040_25233,native,post,2026-02-12T14:30:00,2026-partial,1,public,active,,vk_ors:2026-07-24
vk_ors:-88831040_25234,vk_ors,-88831040_25234,native,post,2026-02-12T20:02:28,2026-partial,1,public,active,,vk_ors:2026-07-24
vk_ors:-88831040_25235,vk_ors,-88831040_25235,native,post,2026-02-14T09:22:21,2026-partial,1,public,active,,vk_ors:2026-07-24
vk_ors:-88831040_25236,vk_ors,-88831040_25236,native,post,2026-02-14T14:30:00,2026-partial,1,public,active,,vk_ors:2026-07-24
vk_ors:-88831040_25238,vk_ors,-88831040_25238,native,post,2026-02-15T06:15:12,2026-partial,1,public,active,,vk_ors:2026-07-24
vk_ors:-88831040_25247,vk_ors,-88831040_25247,native,post,2026-02-16T09:05:20,2026-partial,1,public,active,,vk_ors:2026-07-24
vk_ors:-88831040_25248,vk_ors,-88831040_25248,native,post,2026-02-16T14:30:00,2026-partial,1,public,active,,vk_ors:2026-07-24
vk_ors:-88831040_25249,vk_ors,-88831040_25249,native,post,2026-02-16T16:00:40,2026-partial,1,public,active,,vk_ors:2026-07-24
vk_ors:-88831040_25261,vk_ors,-88831040_25261,native,post,2026-02-17T12:05:05,2026-partial,1,public,active,,vk_ors:2026-07-24
vk_ors:-88831040_25271,vk_ors,-88831040_25271,native,post,2026-02-18T14:30:00,2026-partial,1,public,active,,vk_ors:2026-07-24
vk_ors:-88831040_25279,vk_ors,-88831040_25279,native,post,2026-02-20T14:30:00,2026-partial,1,public,active,,vk_ors:2026-07-24
vk_ors:-88831040_25280,vk_ors,-88831040_25280,native,post,2026-02-20T18:49:31,2026-partial,1,public,active,,vk_ors:2026-07-24
vk_ors:-88831040_25282,vk_ors,-88831040_25282,native,post,2026-02-22T07:15:20,2026-partial,1,public,active,,vk_ors:2026-07-24
vk_ors:-88831040_25283,vk_ors,-88831040_25283,native,post,2026-02-22T13:00:00,2026-partial,1,public,active,,vk_ors:2026-07-24
vk_ors:-88831040_25284,vk_ors,-88831040_25284,native,post,2026-02-22T14:30:00,2026-partial,1,public,active,,vk_ors:2026-07-24
vk_ors:-88831040_25291,vk_ors,-88831040_25291,native,post,2026-02-24T10:48:41,2026-partial,1,public,active,,vk_ors:2026-07-24
vk_ors:-88831040_25292,vk_ors,-88831040_25292,native,post,2026-02-24T14:30:00,2026-partial,1,public,active,,vk_ors:2026-07-24
vk_ors:-88831040_25295,vk_ors,-88831040_25295,native,post,2026-02-25T13:27:55,2026-partial,1,public,active,,vk_ors:2026-07-24
vk_ors:-88831040_25296,vk_ors,-88831040_25296,native,post,2026-02-26T14:30:00,2026-partial,1,public,active,,vk_ors:2026-07-24
vk_ors:-88831040_25299,vk_ors,-88831040_25299,native,post,2026-02-28T14:30:00,2026-partial,1,public,active,,vk_ors:2026-07-24
vk_ors:-88831040_25302,vk_ors,-88831040_25302,native,post,2026-02-28T20:04:02,2026-partial,1,public,active,,vk_ors:2026-07-24
vk_ors:-88831040_25304,vk_ors,-88831040_25304,native,post,2026-03-02T14:30:00,2026-partial,1,public,active,,vk_ors:2026-07-24
vk_ors:-88831040_25305,vk_ors,-88831040_25305,native,post,2026-03-02T15:12:05,2026-partial,1,public,active,,vk_ors:2026-07-24
vk_ors:-88831040_25308,vk_ors,-88831040_25308,native,post,2026-03-04T11:37:49,2026-partial,1,public,active,,vk_ors:2026-07-24
vk_ors:-88831040_25309,vk_ors,-88831040_25309,native,post,2026-03-04T14:30:00,2026-partial,1,public,active,,vk_ors:2026-07-24
vk_ors:-88831040_25312,vk_ors,-88831040_25312,native,post,2026-03-05T12:24:12,2026-partial,1,public,active,,vk_ors:2026-07-24
vk_ors:-88831040_25314,vk_ors,-88831040_25314,native,post,2026-03-06T13:33:44,2026-partial,1,public,active,,vk_ors:2026-07-24
vk_ors:-88831040_25315,vk_ors,-88831040_25315,native,post,2026-03-06T13:53:34,2026-partial,1,public,active,,vk_ors:2026-07-24
vk_ors:-88831040_25316,vk_ors,-88831040_25316,native,post,2026-03-06T14:30:00,2026-partial,1,public,active,,vk_ors:2026-07-24
vk_ors:-88831040_25317,vk_ors,-88831040_25317,native,post,2026-03-06T15:39:15,2026-partial,1,public,active,,vk_ors:2026-07-24
vk_ors:-88831040_25329,vk_ors,-88831040_25329,native,post,2026-03-08T14:30:00,2026-partial,1,public,active,,vk_ors:2026-07-24
vk_ors:-88831040_25331,vk_ors,-88831040_25331,native,post,2026-03-09T12:16:28,2026-partial,1,public,active,,vk_ors:2026-07-24
vk_ors:-88831040_25332,vk_ors,-88831040_25332,native,post,2026-03-10T08:18:44,2026-partial,1,public,active,,vk_ors:2026-07-24
vk_ors:-88831040_25334,vk_ors,-88831040_25334,native,post,2026-03-10T14:30:00,2026-partial,1,public,active,,vk_ors:2026-07-24
vk_ors:-88831040_25337,vk_ors,-88831040_25337,native,post,2026-03-11T12:14:05,2026-partial,1,public,active,,vk_ors:2026-07-24
vk_ors:-88831040_25343,vk_ors,-88831040_25343,native,post,2026-03-12T14:30:00,2026-partial,1,public,active,,vk_ors:2026-07-24
vk_ors:-88831040_25344,vk_ors,-88831040_25344,native,post,2026-03-13T07:07:38,2026-partial,1,public,active,,vk_ors:2026-07-24
vk_ors:-88831040_25346,vk_ors,-88831040_25346,native,post,2026-03-14T14:30:00,2026-partial,1,public,active,,vk_ors:2026-07-24
vk_ors:-88831040_25349,vk_ors,-88831040_25349,native,post,2026-03-16T13:26:24,2026-partial,1,public,active,,vk_ors:2026-07-24
vk_ors:-88831040_25350,vk_ors,-88831040_25350,native,post,2026-03-16T14:30:00,2026-partial,1,public,active,,vk_ors:2026-07-24
vk_ors:-88831040_25355,vk_ors,-88831040_25355,native,post,2026-03-17T16:13:51,2026-partial,1,public,active,,vk_ors:2026-07-24
vk_ors:-88831040_25356,vk_ors,-88831040_25356,native,post,2026-03-18T14:30:00,2026-partial,1,public,active,,vk_ors:2026-07-24
vk_ors:-88831040_25359,vk_ors,-88831040_25359,native,post,2026-03-20T14:30:00,2026-partial,1,public,active,,vk_ors:2026-07-24
vk_ors:-88831040_25360,vk_ors,-88831040_25360,native,post,2026-03-21T07:43:58,2026-partial,1,public,active,,vk_ors:2026-07-24
vk_ors:-88831040_25362,vk_ors,-88831040_25362,native,post,2026-03-21T09:04:36,2026-partial,1,public,active,,vk_ors:2026-07-24
vk_ors:-88831040_25363,vk_ors,-88831040_25363,native,post,2026-03-22T12:00:00,2026-partial,1,public,active,,vk_ors:2026-07-24
vk_ors:-88831040_25364,vk_ors,-88831040_25364,native,post,2026-03-22T14:30:00,2026-partial,1,public,active,,vk_ors:2026-07-24
vk_ors:-88831040_25366,vk_ors,-88831040_25366,native,post,2026-03-23T09:30:21,2026-partial,1,public,active,,vk_ors:2026-07-24
vk_ors:-88831040_25372,vk_ors,-88831040_25372,native,post,2026-03-24T14:30:00,2026-partial,1,public,active,,vk_ors:2026-07-24
vk_ors:-88831040_25375,vk_ors,-88831040_25375,native,post,2026-03-25T17:59:37,2026-partial,1,public,active,,vk_ors:2026-07-24
vk_ors:-88831040_25379,vk_ors,-88831040_25379,native,post,2026-03-26T09:37:50,2026-partial,1,public,active,,vk_ors:2026-07-24
vk_ors:-88831040_25380,vk_ors,-88831040_25380,native,post,2026-03-26T14:30:00,2026-partial,1,public,active,,vk_ors:2026-07-24
vk_ors:-88831040_25383,vk_ors,-88831040_25383,native,post,2026-03-28T14:30:00,2026-partial,1,public,active,,vk_ors:2026-07-24
vk_ors:-88831040_25384,vk_ors,-88831040_25384,native,post,2026-03-30T14:30:00,2026-partial,1,public,active,,vk_ors:2026-07-24
vk_ors:-88831040_25385,vk_ors,-88831040_25385,native,post,2026-03-30T16:46:24,2026-partial,1,public,active,,vk_ors:2026-07-24
vk_ors:-88831040_25395,vk_ors,-88831040_25395,native,post,2026-04-01T14:30:00,2026-partial,1,public,active,,vk_ors:2026-07-24
vk_ors:-88831040_25402,vk_ors,-88831040_25402,native,post,2026-04-03T14:30:00,2026-partial,1,public,active,,vk_ors:2026-07-24
vk_ors:-88831040_25413,vk_ors,-88831040_25413,native,post,2026-04-05T14:30:00,2026-partial,1,public,active,,vk_ors:2026-07-24
vk_ors:-88831040_25414,vk_ors,-88831040_25414,native,post,2026-04-06T07:41:18,2026-partial,1,public,active,,vk_ors:2026-07-24
vk_ors:-88831040_25416,vk_ors,-88831040_25416,native,post,2026-04-07T08:25:29,2026-partial,1,public,active,,vk_ors:2026-07-24
vk_ors:-88831040_25419,vk_ors,-88831040_25419,native,post,2026-04-07T14:30:00,2026-partial,1,public,active,,vk_ors:2026-07-24
vk_ors:-88831040_25441,vk_ors,-88831040_25441,native,post,2026-04-09T14:22:09,2026-partial,1,public,active,,vk_ors:2026-07-24
vk_ors:-88831040_25442,vk_ors,-88831040_25442,native,post,2026-04-09T14:30:00,2026-partial,1,public,active,,vk_ors:2026-07-24
vk_ors:-88831040_25458,vk_ors,-88831040_25458,native,post,2026-04-11T14:30:00,2026-partial,1,public,active,,vk_ors:2026-07-24
vk_ors:-88831040_25462,vk_ors,-88831040_25462,native,post,2026-04-13T14:30:00,2026-partial,1,public,active,,vk_ors:2026-07-24
vk_ors:-88831040_25466,vk_ors,-88831040_25466,native,post,2026-04-15T14:30:00,2026-partial,1,public,active,,vk_ors:2026-07-24
vk_ors:-88831040_25467,vk_ors,-88831040_25467,native,post,2026-04-15T16:10:59,2026-partial,1,public,active,,vk_ors:2026-07-24
vk_ors:-88831040_25470,vk_ors,-88831040_25470,native,post,2026-04-16T06:00:51,2026-partial,1,public,active,,vk_ors:2026-07-24
vk_ors:-88831040_25471,vk_ors,-88831040_25471,native,post,2026-04-17T05:44:26,2026-partial,1,public,active,,vk_ors:2026-07-24
vk_ors:-88831040_25475,vk_ors,-88831040_25475,native,post,2026-04-17T14:30:00,2026-partial,1,public,active,,vk_ors:2026-07-24
vk_ors:-88831040_25482,vk_ors,-88831040_25482,native,post,2026-04-19T14:30:14,2026-partial,1,public,active,,vk_ors:2026-07-24
vk_ors:-88831040_25493,vk_ors,-88831040_25493,native,post,2026-04-21T14:30:27,2026-partial,1,public,active,,vk_ors:2026-07-24
vk_ors:-88831040_25494,vk_ors,-88831040_25494,native,post,2026-04-22T17:45:58,2026-partial,1,public,active,,vk_ors:2026-07-24
vk_ors:-88831040_25499,vk_ors,-88831040_25499,native,post,2026-04-23T14:30:00,2026-partial,1,public,active,,vk_ors:2026-07-24
vk_ors:-88831040_25503,vk_ors,-88831040_25503,native,post,2026-04-24T07:02:01,2026-partial,1,public,active,,vk_ors:2026-07-24
vk_ors:-88831040_25514,vk_ors,-88831040_25514,native,post,2026-04-25T14:30:00,2026-partial,1,public,active,,vk_ors:2026-07-24
vk_ors:-88831040_25524,vk_ors,-88831040_25524,native,post,2026-04-26T17:32:23,2026-partial,1,public,active,,vk_ors:2026-07-24
vk_ors:-88831040_25532,vk_ors,-88831040_25532,native,post,2026-04-27T14:30:00,2026-partial,1,public,active,,vk_ors:2026-07-24
vk_ors:-88831040_25537,vk_ors,-88831040_25537,native,post,2026-04-29T14:30:00,2026-partial,1,public,active,,vk_ors:2026-07-24
vk_ors:-88831040_25538,vk_ors,-88831040_25538,native,post,2026-05-01T04:07:38,2026-partial,1,public,active,,vk_ors:2026-07-24
vk_ors:-88831040_25542,vk_ors,-88831040_25542,native,post,2026-05-01T14:30:34,2026-partial,1,public,active,,vk_ors:2026-07-24
vk_ors:-88831040_25543,vk_ors,-88831040_25543,native,post,2026-05-01T15:29:43,2026-partial,1,public,active,,vk_ors:2026-07-24
vk_ors:-88831040_25549,vk_ors,-88831040_25549,native,post,2026-05-03T14:30:00,2026-partial,1,public,active,,vk_ors:2026-07-24
vk_ors:-88831040_25555,vk_ors,-88831040_25555,native,post,2026-05-05T14:30:40,2026-partial,1,public,active,,vk_ors:2026-07-24
vk_ors:-88831040_25559,vk_ors,-88831040_25559,native,post,2026-05-07T14:30:00,2026-partial,1,public,active,,vk_ors:2026-07-24
vk_ors:-88831040_25562,vk_ors,-88831040_25562,native,post,2026-05-09T14:30:53,2026-partial,1,public,active,,vk_ors:2026-07-24
vk_ors:-88831040_25570,vk_ors,-88831040_25570,native,post,2026-05-11T11:59:01,2026-partial,1,public,active,,vk_ors:2026-07-24
vk_ors:-88831040_25571,vk_ors,-88831040_25571,native,post,2026-05-11T14:30:00,2026-partial,1,public,active,,vk_ors:2026-07-24
vk_ors:-88831040_25575,vk_ors,-88831040_25575,native,post,2026-05-13T14:30:33,2026-partial,1,public,active,,vk_ors:2026-07-24
vk_ors:-88831040_25578,vk_ors,-88831040_25578,native,post,2026-05-15T14:30:26,2026-partial,1,public,active,,vk_ors:2026-07-24
vk_ors:-88831040_25584,vk_ors,-88831040_25584,native,post,2026-05-17T14:30:50,2026-partial,1,public,active,,vk_ors:2026-07-24
vk_ors:-88831040_25588,vk_ors,-88831040_25588,native,post,2026-05-18T17:55:10,2026-partial,1,public,active,,vk_ors:2026-07-24
vk_ors:-88831040_25591,vk_ors,-88831040_25591,native,post,2026-05-19T14:30:00,2026-partial,1,public,active,,vk_ors:2026-07-24
vk_ors:-88831040_25592,vk_ors,-88831040_25592,native,post,2026-05-20T19:08:55,2026-partial,1,public,active,,vk_ors:2026-07-24
vk_ors:-88831040_25594,vk_ors,-88831040_25594,native,post,2026-05-21T15:35:17,2026-partial,1,public,active,,vk_ors:2026-07-24
vk_ors:-88831040_25596,vk_ors,-88831040_25596,native,post,2026-05-23T17:00:41,2026-partial,1,public,active,,vk_ors:2026-07-24
vk_ors:-88831040_25601,vk_ors,-88831040_25601,native,post,2026-05-25T13:08:45,2026-partial,1,public,active,,vk_ors:2026-07-24
vk_ors:-88831040_25603,vk_ors,-88831040_25603,native,post,2026-05-25T14:30:00,2026-partial,1,public,active,,vk_ors:2026-07-24
vk_ors:-88831040_25608,vk_ors,-88831040_25608,native,post,2026-05-27T14:30:27,2026-partial,1,public,active,,vk_ors:2026-07-24
vk_ors:-88831040_25610,vk_ors,-88831040_25610,native,post,2026-05-29T14:30:00,2026-partial,1,public,active,,vk_ors:2026-07-24
vk_ors:-88831040_25616,vk_ors,-88831040_25616,native,post,2026-05-31T17:00:13,2026-partial,1,public,active,,vk_ors:2026-07-24
vk_ors:-88831040_25621,vk_ors,-88831040_25621,native,post,2026-06-02T14:30:00,2026-partial,1,public,active,,vk_ors:2026-07-24
vk_ors:-88831040_25624,vk_ors,-88831040_25624,native,post,2026-06-02T15:52:45,2026-partial,1,public,active,,vk_ors:2026-07-24
vk_ors:-88831040_25628,vk_ors,-88831040_25628,native,post,2026-06-04T14:30:05,2026-partial,1,public,active,,vk_ors:2026-07-24
vk_ors:-88831040_25629,vk_ors,-88831040_25629,native,post,2026-06-05T07:32:47,2026-partial,1,public,active,,vk_ors:2026-07-24
vk_ors:-88831040_25631,vk_ors,-88831040_25631,native,post,2026-06-06T14:30:55,2026-partial,1,public,active,,vk_ors:2026-07-24
vk_ors:-88831040_25634,vk_ors,-88831040_25634,native,post,2026-06-08T14:30:22,2026-partial,1,public,active,,vk_ors:2026-07-24
vk_ors:-88831040_25636,vk_ors,-88831040_25636,native,post,2026-06-10T14:30:50,2026-partial,1,public,active,,vk_ors:2026-07-24
vk_ors:-88831040_25638,vk_ors,-88831040_25638,native,post,2026-06-12T14:30:58,2026-partial,1,public,active,,vk_ors:2026-07-24
vk_ors:-88831040_25644,vk_ors,-88831040_25644,native,post,2026-06-14T14:30:19,2026-partial,1,public,active,,vk_ors:2026-07-24
vk_ors:-88831040_25667,vk_ors,-88831040_25667,native,post,2026-06-16T14:30:00,2026-partial,1,public,active,,vk_ors:2026-07-24
vk_ors:-88831040_25675,vk_ors,-88831040_25675,native,post,2026-06-18T14:30:00,2026-partial,1,public,active,,vk_ors:2026-07-24
vk_ors:-88831040_25680,vk_ors,-88831040_25680,native,post,2026-06-20T08:55:30,2026-partial,1,public,active,,vk_ors:2026-07-24
vk_ors:-88831040_25682,vk_ors,-88831040_25682,native,post,2026-06-20T14:30:00,2026-partial,1,public,active,,vk_ors:2026-07-24
vk_ors:-88831040_25683,vk_ors,-88831040_25683,native,post,2026-06-21T17:46:11,2026-partial,1,public,active,,vk_ors:2026-07-24
vk_ors:-88831040_25685,vk_ors,-88831040_25685,native,post,2026-06-22T15:30:51,2026-partial,1,public,active,,vk_ors:2026-07-24
vk_ors:-88831040_25687,vk_ors,-88831040_25687,native,post,2026-06-24T13:39:16,2026-partial,1,public,active,,vk_ors:2026-07-24
vk_ors:-88831040_25689,vk_ors,-88831040_25689,native,post,2026-06-24T14:30:47,2026-partial,1,public,active,,vk_ors:2026-07-24
vk_ors:-88831040_25691,vk_ors,-88831040_25691,native,post,2026-06-26T14:43:42,2026-partial,1,public,active,,vk_ors:2026-07-24
vk_ors:-88831040_25694,vk_ors,-88831040_25694,native,post,2026-06-29T14:30:28,2026-partial,1,public,active,,vk_ors:2026-07-24
vk_ors:-88831040_25696,vk_ors,-88831040_25696,native,post,2026-07-01T15:30:00,2026-partial,1,public,active,,vk_ors:2026-07-24
vk_ors:-88831040_25701,vk_ors,-88831040_25701,native,post,2026-07-03T14:35:59,2026-partial,1,public,active,,vk_ors:2026-07-24
vk_ors:-88831040_25702,vk_ors,-88831040_25702,native,post,2026-07-05T14:24:41,2026-partial,1,public,active,,vk_ors:2026-07-24
vk_ors:-88831040_25705,vk_ors,-88831040_25705,native,post,2026-07-06T14:30:57,2026-partial,1,public,active,,vk_ors:2026-07-24
vk_ors:-88831040_25708,vk_ors,-88831040_25708,native,post,2026-07-08T14:30:40,2026-partial,1,public,active,,vk_ors:2026-07-24
vk_ors:-88831040_25710,vk_ors,-88831040_25710,native,post,2026-07-10T14:30:53,2026-partial,1,public,active,,vk_ors:2026-07-24
vk_ors:-88831040_25713,vk_ors,-88831040_25713,native,post,2026-07-11T17:31:17,2026-partial,1,public,active,,vk_ors:2026-07-24
vk_ors:-88831040_25721,vk_ors,-88831040_25721,native,post,2026-07-13T14:30:00,2026-partial,1,public,active,,vk_ors:2026-07-24
vk_ors:-88831040_25729,vk_ors,-88831040_25729,native,post,2026-07-15T14:30:52,2026-partial,1,public,active,,vk_ors:2026-07-24
vk_ors:-88831040_25731,vk_ors,-88831040_25731,native,post,2026-07-16T08:04:18,2026-partial,1,public,active,,vk_ors:2026-07-24
vk_ors:-88831040_25732,vk_ors,-88831040_25732,native,post,2026-07-17T14:30:00,2026-partial,1,public,active,,vk_ors:2026-07-24
vk_ors:-88831040_25733,vk_ors,-88831040_25733,native,post,2026-07-18T13:03:09,2026-partial,1,public,active,,vk_ors:2026-07-24
vk_ors:-88831040_25738,vk_ors,-88831040_25738,native,post,2026-07-20T14:13:24,2026-partial,1,public,active,,vk_ors:2026-07-24
vk_ors:-88831040_25741,vk_ors,-88831040_25741,native,post,2026-07-20T14:30:00,2026-partial,1,public,active,,vk_ors:2026-07-24
vk_ors:-88831040_25746,vk_ors,-88831040_25746,native,post,2026-07-21T12:34:06,2026-partial,1,public,active,,vk_ors:2026-07-24
vk_ors:-88831040_25748,vk_ors,-88831040_25748,native,post,2026-07-22T10:27:34,2026-partial,1,public,active,,vk_ors:2026-07-24
vk_ors:-88831040_25754,vk_ors,-88831040_25754,native,post,2026-07-22T14:30:00,2026-partial,1,public,active,,vk_ors:2026-07-24
vk_ors:-88831040_25767,vk_ors,-88831040_25767,native,post,2026-07-22T19:04:03,2026-partial,1,public,active,,vk_ors:2026-07-24
vk_ors:-88831040_25772,vk_ors,-88831040_25772,native,post,2026-07-24T13:49:38,2026-partial,1,public,active,,vk_ors:2026-07-24
vk_ors:-88831040_25773,vk_ors,-88831040_25773,native,post,2026-07-24T14:30:00,2026-partial,1,public,active,,vk_ors:2026-07-24
vk_ors:1116419_37125,vk_ors,1116419_37125,native,post,2026-01-06T16:17:23,2026-partial,1,public,active,,vk_ors:2026-07-24
vk_ors:1116419_37129,vk_ors,1116419_37129,native,post,2026-01-08T12:54:09,2026-partial,1,public,active,,vk_ors:2026-07-24
vk_ors:1116419_37148,vk_ors,1116419_37148,native,post,2026-01-15T09:12:22,2026-partial,1,public,active,,vk_ors:2026-07-24
vk_ors:1116419_37151,vk_ors,1116419_37151,native,post,2026-01-16T07:40:16,2026-partial,1,public,active,,vk_ors:2026-07-24
vk_ors:1116419_37158,vk_ors,1116419_37158,native,post,2026-01-21T08:16:51,2026-partial,1,public,active,,vk_ors:2026-07-24
vk_ors:1116419_37161,vk_ors,1116419_37161,native,post,2026-01-23T18:27:10,2026-partial,1,public,active,,vk_ors:2026-07-24
vk_ors:1116419_37192,vk_ors,1116419_37192,native,post,2026-01-31T14:18:49,2026-partial,1,public,active,,vk_ors:2026-07-24
vk_ors:1116419_37197,vk_ors,1116419_37197,native,post,2026-02-03T18:16:43,2026-partial,1,public,active,,vk_ors:2026-07-24
vk_ors:1116419_37207,vk_ors,1116419_37207,native,post,2026-02-12T13:30:40,2026-partial,1,public,active,,vk_ors:2026-07-24
vk_ors:1116419_37228,vk_ors,1116419_37228,native,post,2026-02-19T09:15:26,2026-partial,1,public,active,,vk_ors:2026-07-24
vk_ors:1116419_37244,vk_ors,1116419_37244,native,post,2026-02-23T20:37:26,2026-partial,1,public,active,,vk_ors:2026-07-24
vk_ors:1116419_37250,vk_ors,1116419_37250,native,post,2026-02-27T19:07:07,2026-partial,1,public,active,,vk_ors:2026-07-24
vk_ors:1116419_37258,vk_ors,1116419_37258,native,post,2026-03-03T19:32:19,2026-partial,1,public,active,,vk_ors:2026-07-24
vk_ors:1116419_37278,vk_ors,1116419_37278,native,post,2026-03-10T19:35:56,2026-partial,1,public,active,,vk_ors:2026-07-24
vk_ors:1116419_37282,vk_ors,1116419_37282,native,post,2026-03-11T17:42:33,2026-partial,1,public,active,,vk_ors:2026-07-24
vk_ors:1116419_37283,vk_ors,1116419_37283,native,post,2026-03-11T18:33:02,2026-partial,1,public,active,,vk_ors:2026-07-24
vk_ors:1116419_37286,vk_ors,1116419_37286,native,post,2026-03-14T18:33:28,2026-partial,1,public,active,,vk_ors:2026-07-24
vk_ors:1116419_37321,vk_ors,1116419_37321,native,post,2026-03-21T10:17:20,2026-partial,1,public,active,,vk_ors:2026-07-24
vk_ors:1116419_37484,vk_ors,1116419_37484,native,post,2026-05-30T21:29:17,2026-partial,1,public,active,,vk_ors:2026-07-24
vk_ors:1116419_37519,vk_ors,1116419_37519,native,post,2026-06-13T15:42:57,2026-partial,1,public,active,,vk_ors:2026-07-24
vk_ors:1116419_37536,vk_ors,1116419_37536,native,post,2026-07-03T08:21:13,2026-partial,1,public,active,,vk_ors:2026-07-24
vk_ors:1116419_37562,vk_ors,1116419_37562,native,post,2026-07-10T15:31:27,2026-partial,1,public,active,,vk_ors:2026-07-24
