normalized_key,display_name,discipline_code,confidence,method,evidence,note
попова и ф,Попова Ирина Фёдоровна,unattested,0.00,manual_title_review,"Все 11 записей — institutional_remark: «Приветственное слово директора ИВР РАН», «Выступление директора ИВР РАН на открытии конференции».",В архиве нет ни одного научного доклада. Дисциплина не выводится из должности; присвоение любой предметной области было бы фабрикацией.
макмахуна шеймас,Макмахуна Шеймас,literature,0.50,manual_title_review,«Легенда о рыбаке (на ирландском языке)» (Ulster University),Литературный/фольклорный доклад вне индийского материала. Низкая уверенность: индологическая принадлежность не подтверждается.
файбушевич с и,Файбушевич Светлана Ивановна,ethnography,0.90,manual_title_review,«Адиваси. Загадочное племя тода»,Тода — южноиндийская адиваси-группа.
файбушевич с и,Файбушевич Светлана Ивановна,dravidology,0.60,manual_title_review,«Адиваси. Загадочное племя тода»,Тода живут в Нилгири и говорят на дравидийском языке; фасет вторичен по отношению к этнографическому.
комаров э н,Комаров Эрик Наумович,history_archaeology,0.80,manual_title_review,«Традиции веротерпимости и универсализма в древней и средневековой Индии»,Историческая проблематика древней и средневековой Индии.
комаров э н,Комаров Эрик Наумович,literature,0.80,manual_title_review,«Бог и человек в поэзии Тагора. От „Иша-упанишады“ до „Писем о России“»,Разбор поэзии Тагора.
шелкович в м,Шелкович Владимир Михайлович,literature,0.70,manual_title_review,«Модели христианского и индо-буддийского времени в современной литературе»,Литературоведческий анализ современной литературы.
шелкович в м,Шелкович Владимир Михайлович,religious_studies,0.70,manual_title_review,«Модели христианского и индо-буддийского времени в современной литературе»,Сопоставление христианской и индо-буддийской моделей времени.
евграфов д а,Евграфов Д. А.,religious_studies,0.90,manual_title_review,«Суфизм в Индии: истоки и течения»,Суфизм как религиозная традиция Индии.
березкин ю е,Березкин Юрий Евгеньевич,ethnography,0.90,manual_title_review,«Мифологии северных мунда…»; «Древние южноазиатско-африканские связи (по данным фольклора и мифологии)»,Сравнительная мифология и фольклористика на этнографическом материале.
мажитов с ф,Мажитов Саттар Фазылович,history_archaeology,0.60,manual_title_review,«Актуализация информативной основы средневекового текста Центральной Азии… „Тарих-и Рашиди“»,Историография средневекового центральноазиатского текста. Индийский материал не заявлен; уверенность понижена.
чистяков с с,С. С. Чистяков,religious_studies,0.95,manual_title_review,«Особенности культа лингама в традиции вирашайвов»,Культ лингама у вирашайвов (лингаятов).
тишин в в,Тишин Владимир Владимирович,history_archaeology,0.60,manual_title_review,«К проблеме возрастных категорий у древних тюрков VI—X вв»; «„Торговцы“ или „богачи“? К истории племенного подразделения байат»,Социальная история древних тюрков. Не индийский материал; уверенность понижена.
ратушный д н,Ратушный Данила Николаевич,history_archaeology,0.80,manual_title_review,«Чанпинская битва 260 г. до н.э.: когда встречаются источники и археология»,"История и археология, китайский материал."
родионов м а,Родионов Михаил Анатольевич,literature,0.80,manual_title_review,«Индия в поэзии йафиитов (Южная Аравия)»,Образ Индии в южноаравийской поэзии.
овчинникова м а,М. А. Овчинникова,history_archaeology,0.80,manual_title_review,«Исторические и историографические особенности монгольской летописи начала XVIII в.: Гомбоджаб. „Течение Ганга“»,Историография монгольской летописи об Индии.
цендина а д,Цендина Анна Дамдиновна,history_archaeology,0.80,manual_title_review,«Исторические и историографические особенности монгольской летописи начала XVIII в.: Гомбоджаб. „Течение Ганга“»,Соавтор того же доклада.
киняева а в,Киняева А. В.,ethnography,0.80,manual_title_review,«Женские голоса в каввали: гендер и традиции»,Каввали как исполнительская традиция; гендерный анализ.
вигель н л,Вигель Нарине Липаритовна,history_archaeology,0.80,manual_title_review,«Многообразие культурных традиций и влияний в средневековой Индии: от династий до социальных изменений»,История средневековой Индии.
мейтарчиян м б,Мейтарчиян Маргарита Борисовна,religious_studies,0.95,manual_title_review,«Зороастрийский культ огня и ритуалы парсов Индии»; «Священные зороастрийские тексты и переписка парсийских жрецов…»,Зороастризм парсов Индии.
светлов р в,Светлов Роман Викторович,philosophy,0.85,manual_title_review,«„Век Кроноса“ и „Сатья-юга“: два вида „первобытного коммунизма“ и античных теорий социогенеза»,Сопоставительная философия истории.
игнатова м м,Игнатова Мария Михайловна,ethnography,0.70,manual_title_review,«Этнорелигиозная картина уйгуров по китайским источникам XIV-XIX вв»,Этнорелигиозное описание уйгуров. Не индийский материал; уверенность понижена.
денисенко в л,Денисенко Валерия Леонтьевна,sanskritology,0.80,manual_title_review,«„Юга-пурана“ как исторический источник»,«Юга-пурана» — санскритский текст.
денисенко в л,Денисенко Валерия Леонтьевна,history_archaeology,0.70,manual_title_review,«„Юга-пурана“ как исторический источник»,Пурана рассматривается как исторический источник.
федорова н л,Федорова Наталья Леонидовна,sanskritology,0.60,manual_title_review,«Метод кодировки чисел в трудах индийского математика Арьябхаты»,"Арьябхата писал на санскрите; доклад по истории точных наук, отдельного кода нет — см. D1."
лейтан э з,Лейтан Эдгар Зигфридович,sanskritology,0.95,manual_title_review,«Типология индийских аскетов по санскритским источникам»,Явная опора на санскритские источники.
лейтан э з,Лейтан Эдгар Зигфридович,religious_studies,0.80,manual_title_review,«Типология индийских аскетов по санскритским источникам»,Аскетизм как религиозный институт.
степин а а,Степин А. А.,philosophy,0.80,manual_title_review,«Онтология и сотериология „Ананда-сутр“ П.Р. Саркара»,Онтология и сотериология.
степин а а,Степин А. А.,religious_studies,0.80,manual_title_review,«Онтология и сотериология „Ананда-сутр“ П.Р. Саркара»,П. Р. Саркар — основатель Ананда Марги; религиозное движение.
карышева и а,Карышева Ирина Александровна,religious_studies,0.60,manual_title_review,«Индийские гана в зеркале китайских гуа»,Сопоставление индийских и китайских символических систем; уверенность понижена.
шереметьев д а,Д. А. Шереметьев,art_studies,0.90,manual_title_review,«Тальварная рукоять и ее символика»,Тальвар — индийская сабля; разбор формы и символики рукояти.
калина а э,Калина А. Э.,new_indo_aryan,0.90,manual_title_review,«Образы тигра и рыбы в бенгальской фразеологии»,Бенгальская фразеология.
анохина е,Е. Анохина,sanskritology,0.85,manual_title_review,«К проблеме „тривадрумского цикла“»,"Тривандрамский цикл — санскритские пьесы, приписываемые Бхасе."
анохина е,Е. Анохина,literature,0.70,manual_title_review,«К проблеме „тривадрумского цикла“»,Драматургический корпус.
соколова и а,Соколова Ирина Александровна,new_indo_aryan,0.90,manual_title_review,«Пословицы и поговорки Индии и России… (проектная деятельность на уроках языка хинди)»,Материал на хинди.
аникеева е н,Е. Н. Аникеева,philosophy,0.85,manual_title_review,«Концепт Ишвары в „Бхагавадгите“»,Философский концепт Ишвары.
аникеева е н,Е. Н. Аникеева,sanskritology,0.70,manual_title_review,«Концепт Ишвары в „Бхагавадгите“»,«Бхагавадгита» — санскритский текст.
рожнова д а,Рожнова Дарья Антоновна,art_studies,0.90,manual_title_review,«Морфология деревянной храмовой архитектуры Химачал-Прадеша (Индия)»,Храмовая архитектура.
лебедев г с,Лебедев Герасим Степанович,new_indo_aryan,0.70,manual_biographical,Автор первой в России грамматики смешанных индийских наречий (бенгали/хиндустани).,"Историческая фигура (H484): дисциплина установлена по биографии, не по докладам — их нет."
лебедев г с,Лебедев Герасим Степанович,history_of_indology,0.80,manual_biographical,"«Русский индолог, лингвист» — зачинатель русской индологии.","Историческая фигура (H484): дисциплина установлена по биографии, не по докладам — их нет."
ленц р х,Ленц Роберт Христианович,sanskritology,0.85,manual_biographical,"«Российский востоковед, индолог и санскритолог».","Историческая фигура (H484): дисциплина установлена по биографии, не по докладам — их нет."
коссович к а,Коссович Каэтан Андреевич,sanskritology,0.80,manual_biographical,"Востоковед, занимал первую кафедру санскрита в Петербургском университете.","Историческая фигура (H484): дисциплина установлена по биографии, не по докладам — их нет."
петров п я,Петров Павел Яковлевич,sanskritology,0.85,manual_biographical,"«Российский востоковед-индолог», заслуженный профессор санскрита Московского университета.","Историческая фигура (H484): дисциплина установлена по биографии, не по докладам — их нет."
бётлингк о н,Бётлингк Оттон Николаевич,sanskritology,0.95,manual_biographical,«Немецкий и русский индолог и санскритолог»; Санкт-Петербургский санскритский словарь.,"Историческая фигура (H484): дисциплина установлена по биографии, не по докладам — их нет."
васильев в п,Васильев Василий Павлович,buddhology,0.80,manual_biographical,"«Синолог, буддолог и санскритолог»; академик.","Историческая фигура (H484): дисциплина установлена по биографии, не по докладам — их нет."
минаев и п,Минаев Иван Павлович,buddhology,0.85,manual_biographical,"«Востоковед, индолог, буддолог».","Историческая фигура (H484): дисциплина установлена по биографии, не по докладам — их нет."
минаев и п,Минаев Иван Павлович,history_of_indology,0.85,manual_biographical,«Основатель русской индологической школы».,"Историческая фигура (H484): дисциплина установлена по биографии, не по докладам — их нет."
миллер в ф,Миллер Всеволод Фёдорович,ethnography,0.80,manual_biographical,"«Фольклорист, этнограф, лингвист и археолог».","Историческая фигура (H484): дисциплина установлена по биографии, не по докладам — их нет."
миллер в ф,Миллер Всеволод Фёдорович,linguistics,0.60,manual_biographical,Историческая фонетика и языкознание.,"Историческая фигура (H484): дисциплина установлена по биографии, не по докладам — их нет."
овсянико-куликовский д н,Овсянико-Куликовский Дмитрий Николаевич,sanskritology,0.70,manual_biographical,Ранние труды — ведийская обрядность и культ Сомы.,"Историческая фигура (H484): дисциплина установлена по биографии, не по докладам — их нет."
овсянико-куликовский д н,Овсянико-Куликовский Дмитрий Николаевич,linguistics,0.60,manual_biographical,«Литературовед и лингвист».,"Историческая фигура (H484): дисциплина установлена по биографии, не по докладам — их нет."
ольденбург с ф,Ольденбург Сергей Фёдорович,buddhology,0.85,manual_biographical,Буддийские штудии; редактор «Bibliotheca Buddhica».,"Историческая фигура (H484): дисциплина установлена по биографии, не по докладам — их нет."
ольденбург с ф,Ольденбург Сергей Фёдорович,history_of_indology,0.80,manual_biographical,«Один из основателей русской индологической школы».,"Историческая фигура (H484): дисциплина установлена по биографии, не по докладам — их нет."
щербатской ф и,Щербатской Фёдор Ипполитович,buddhology,0.95,manual_biographical,«Один из основателей русской школы буддологии».,"Историческая фигура (H484): дисциплина установлена по биографии, не по докладам — их нет."
сталь-фон-гольштейн а а,Сталь-фон-Гольштейн Александр Августович,buddhology,0.80,manual_biographical,«Специалист по санскриту и буддийским текстам».,"Историческая фигура (H484): дисциплина установлена по биографии, не по докладам — их нет."
сталь-фон-гольштейн а а,Сталь-фон-Гольштейн Александр Августович,sanskritology,0.70,manual_biographical,Санскритские источники.,"Историческая фигура (H484): дисциплина установлена по биографии, не по докладам — их нет."
мерварт а м,Мерварт Александр Михайлович,dravidology,0.85,manual_biographical,«Первый русский дравидолог».,"Историческая фигура (H484): дисциплина установлена по биографии, не по докладам — их нет."
мерварт а м,Мерварт Александр Михайлович,ethnography,0.70,manual_biographical,«Российский этнограф и лингвист».,"Историческая фигура (H484): дисциплина установлена по биографии, не по докладам — их нет."
баранников а п,Баранников Алексей Петрович,new_indo_aryan,0.90,manual_biographical,«Основатель школы изучения современных индийских языков в СССР».,"Историческая фигура (H484): дисциплина установлена по биографии, не по докладам — их нет."
смирнов б л,Смирнов Борис Леонидович,sanskritology,0.85,manual_biographical,"Санскритолог, переводчик философских текстов «Махабхараты».","Историческая фигура (H484): дисциплина установлена по биографии, не по докладам — их нет."
тюляев с и,Тюляев Семён Иванович,art_studies,0.90,manual_biographical,"«Искусствовед и индолог, исследователь искусства древней Индии».","Историческая фигура (H484): дисциплина установлена по биографии, не по докладам — их нет."
обермиллер е е,Обермиллер Евгений Евгеньевич,buddhology,0.85,manual_biographical,"«Востоковед, тибетолог, санскритолог и буддолог».","Историческая фигура (H484): дисциплина установлена по биографии, не по докладам — их нет."
обермиллер е е,Обермиллер Евгений Евгеньевич,tibetology,0.75,manual_biographical,Переводы буддийских текстов с тибетского.,"Историческая фигура (H484): дисциплина установлена по биографии, не по докладам — их нет."
востриков а и,Востриков Андрей Иванович,tibetology,0.80,manual_biographical,Исследователь тибетской исторической литературы; «Тибетская историческая литература».,"Историческая фигура (H484): дисциплина установлена по биографии, не по докладам — их нет."
рерих ю н,Рерих Юрий Николаевич,tibetology,0.85,manual_biographical,"«Специалист по языку и культуре Тибета», диалектология тибетского.","Историческая фигура (H484): дисциплина установлена по биографии, не по докладам — их нет."
ульяновский р а,Ульяновский Ростислав Александрович,history_archaeology,0.60,manual_biographical,"«Востоковед-индолог», труды по новой и новейшей истории Индии.","Историческая фигура (H484): дисциплина установлена по биографии, не по докладам — их нет."
кальянов в и,Кальянов Владимир Иванович,sanskritology,0.85,manual_biographical,"«Советский индолог, переводчик „Махабхараты“».","Историческая фигура (H484): дисциплина установлена по биографии, не по докладам — их нет."
антонова к а,Антонова Кока Александровна,history_archaeology,0.85,manual_biographical,«Историк-индолог; труды по истории Индии в Средние века и Новое время».,"Историческая фигура (H484): дисциплина установлена по биографии, не по докладам — их нет."
бродов в в,Бродов Василий Васильевич,philosophy,0.85,manual_biographical,"«Философ, учёный-индолог»; исследователь индийской философии и йоги.","Историческая фигура (H484): дисциплина установлена по биографии, не по докладам — их нет."
гусева н р,Гусева Наталья Романовна,ethnography,0.85,manual_biographical,"«Индолог, историк, этнограф».","Историческая фигура (H484): дисциплина установлена по биографии, не по докладам — их нет."
макаев э а,Макаев Энвер Ахмедович,linguistics,0.80,manual_biographical,«Лингвист»; труды по индоарийским и индоевропейским языкам.,"Историческая фигура (H484): дисциплина установлена по биографии, не по докладам — их нет."
серебряков и д,Серебряков Игорь Дмитриевич,sanskritology,0.80,manual_biographical,"«Индолог-санскритолог», переводчик санскрита.","Историческая фигура (H484): дисциплина установлена по биографии, не по докладам — их нет."
серебряков и д,Серебряков Игорь Дмитриевич,new_indo_aryan,0.60,manual_biographical,Переводы с хинди и панджаби.,"Историческая фигура (H484): дисциплина установлена по биографии, не по докладам — их нет."
