person_id,display_name,layer,degree,betweenness,zograf_talks,roerich_talks,total_talks,series_attended,is_series_bridge
PERS_11da326d,Тавастшерна Сергей Сергеевич,event,242,0.036219,16,12,28,both,yes
PERS_40862f5e,Корнеева Наталья Афанасьевна,event,239,0.03173,15,14,29,both,yes
PERS_c52dfaa0,Цветкова Светлана Олеговна,event,234,0.029951,15,12,27,both,yes
PERS_f074f69f,Александрова Наталия Владимировна,event,228,0.02737,12,15,27,both,yes
PERS_12125da9,Лысенко Виктория Георгиевна,event,226,0.026823,19,6,25,both,yes
PERS_d98da899,Рыжакова Светлана Игоревна,event,233,0.024368,22,5,27,both,yes
PERS_e1dd6b3e,Лидова Наталья Ростиславовна,event,208,0.020596,8,8,16,both,yes
PERS_829c1de5,Васильков Ярослав Владимирович,event,210,0.015601,19,1,20,both,yes
PERS_1fa7cc0c,Дубянский Александр Михайлович,event,175,0.012754,10,11,21,both,yes
PERS_f2fef030,Мехакян Арег Гайкович,event,163,0.012322,5,15,20,both,yes
PERS_41d6aa73,Воробьева Дарья Николаевна,event,174,0.011294,5,9,14,both,yes
PERS_9a855a7b,Альбедиль Маргарита Федоровна,event,190,0.009898,19,0,19,zograf_only,no
PERS_3e105f43,Игнатьев Андрей Александрович,event,186,0.009884,18,0,18,zograf_only,no
PERS_93e2effb,Комиссаров Дмитрий Алексеевич,event,172,0.008979,9,1,10,both,yes
PERS_1a097e52,Парибок Андрей Всеволодович,event,188,0.008949,17,0,17,zograf_only,no
PERS_56508328,Десницкая Евгения Алексеевна,event,187,0.008461,16,0,16,zograf_only,no
PERS_3357f25b,Скороходова Татьяна Григорьевна,event,186,0.008119,18,0,18,zograf_only,no
PERS_003adcfe,Псху Рузана Владимировна,event,187,0.008077,19,0,19,zograf_only,no
PERS_3c202afd,Крапивина Раиса Николаевна,event,155,0.00804,5,2,7,both,yes
PERS_0665f215,Шохин Владимир Кириллович,event,143,0.007359,3,2,5,both,yes
PERS_260a598a,Пахомов Сергей Владимирович,event,168,0.007166,16,0,16,zograf_only,no
PERS_e31ca12d,Вечерина Ольга Павловна,event,161,0.00716,9,7,16,both,yes
PERS_8516d1e4,Гасунс Марцис Юрьевич,event,149,0.006567,6,2,8,both,yes
PERS_fb25c80f,Ермакова Татьяна Викторовна,event,177,0.006545,15,0,15,zograf_only,no
PERS_61202bf3,Алиханова Юлия Марковна,event,127,0.006382,7,8,15,both,yes
PERS_72506535,Крылова Анастасия Сергеевна,event,164,0.00636,8,3,11,both,yes
PERS_c48611e0,Островская Елена Петровна,event,169,0.006221,16,0,16,zograf_only,no
PERS_05d56645,Бабин Александр Николаевич,event,156,0.00615,7,6,13,both,yes
PERS_6e211759,Иванов Владимир Павлович,event,144,0.005724,5,1,6,both,yes
PERS_ced3d7b4,Молина Анна Валерьевна,event,128,0.005401,2,2,4,both,yes
PERS_f5b8b340,Вигасин Алексей Алексеевич,event,127,0.005292,3,4,7,both,yes
PERS_9f398436,Куликов Леонид Игоревич,event,150,0.005128,5,3,8,both,yes
PERS_efc88709,Канаева Наталия Алексеевна,event,134,0.004908,3,3,6,both,yes
PERS_bc97fb65,Краснодембская Нина Георгиевна,event,158,0.004865,15,0,15,zograf_only,no
PERS_88d163c1,Видунас Витис,event,144,0.004845,15,0,15,zograf_only,no
PERS_cfb92c5f,Уланский Евгений Андреевич,event,128,0.004761,4,3,7,both,yes
PERS_f19cd8a1,Котин Игорь Юрьевич,event,158,0.004756,12,0,12,zograf_only,no
PERS_9ad66151,Лелюхин Дмитрий Николаевич,event,116,0.004708,6,5,11,both,yes
PERS_91b473b1,Челнокова Анна Витальевна,event,155,0.004299,10,0,10,zograf_only,no
PERS_a84aedaa,Шомахмадов Сафарали Хайбуллоевич,event,148,0.004075,9,0,9,zograf_only,no
PERS_5228da95,Вертоградова Виктория Викторовна,event,107,0.003942,1,16,17,both,yes
PERS_d3c5382c,Попова Ирина Фёдоровна,event,155,0.003898,11,0,11,zograf_only,no
PERS_7542d270,Демченко Максим Борисович,event,156,0.003773,11,0,11,zograf_only,no
PERS_8e117242,Юдицкая Екатерина Алексеевна,event,127,0.003694,3,9,12,both,yes
PERS_a0264ac5,Бурмистров Сергей Леонидович,event,155,0.003657,11,0,11,zograf_only,no
PERS_0c451d76,Лобанов Сергей Владимирович,event,152,0.00364,10,0,10,zograf_only,no
PERS_58b39545,Ренковская Евгения Алексеевна,event,141,0.003594,6,2,8,both,yes
PERS_23215083,Русанов Максим Альбертович,event,131,0.003535,10,0,10,zograf_only,no
PERS_287fe378,Рыбакова Анна Геннадьевна,event,153,0.003521,10,0,10,zograf_only,no
PERS_4fff9d16,Минаева Маргарита Денисовна,event,106,0.003517,1,2,3,both,yes
PERS_3b196639,Гордийчук Николай Валентинович,event,130,0.003363,5,5,10,both,yes
PERS_dd7de77e,Бросалина Елена Кирилловна,event,129,0.003345,11,0,11,zograf_only,no
PERS_c5677a3f,Зорин Алексей Валерьевич,event,137,0.003336,12,0,12,zograf_only,no
PERS_6578b52d,Тюлина Елена Владимировна,event,104,0.003318,0,16,16,roerich_only,no
PERS_9374fd12,Вырщиков Евгений Геннадьевич,event,104,0.003318,0,16,16,roerich_only,no
PERS_da862dde,Дробышев Юлий Игорьевич,event,104,0.003318,0,15,15,roerich_only,no
PERS_5d34c947,Волошина Оксана Анатольевна,event,147,0.00324,9,0,9,zograf_only,no
PERS_50d73711,Смирнитская Анна Александровна,event,139,0.003219,7,2,9,both,yes
PERS_e9545a0b,Шустова Алла Михайловна,event,103,0.003135,0,15,15,roerich_only,no
PERS_92868e4f,Жутаев Дар Игоревич,event,101,0.002965,3,12,15,both,yes
PERS_ebb6d156,Ложкина Анастасия Витальевна,event,114,0.002899,3,6,9,both,yes
PERS_36dabb79,Гурия Анастасия Георгиевна,event,97,0.00284,1,9,10,both,yes
PERS_f8ab5755,Оранская Татьяна Иосифовна,event,142,0.002802,7,0,7,zograf_only,no
PERS_2fd442aa,Офертас Станислав Чеславович,event,97,0.002559,0,14,14,roerich_only,no
PERS_0e0a154e,Титлин Лев Игоревич,event,111,0.002527,3,4,7,both,yes
PERS_6441d568,Соболева Елена Станиславовна,event,138,0.002436,8,0,8,zograf_only,no
PERS_ba81468a,Кокова Юлия Георгиевна,event,112,0.002367,8,0,8,zograf_only,no
PERS_e72d4c09,Огнева Елена Дмитриевна,event,99,0.002356,1,12,13,both,yes
PERS_587b08ec,Леонов Михаил Васильевич,event,101,0.002269,2,2,4,both,yes
PERS_db046be0,Сабирова Римма Наилевна,event,134,0.002149,7,0,7,zograf_only,no
PERS_f940c5b3,Стрелкова Гюзэль Владимировна,event,107,0.002022,5,0,5,zograf_only,no
PERS_5ed752d9,Китинов Баатр Учаевич,event,90,0.001982,0,10,10,roerich_only,no
PERS_28317057,Дубянская Татьяна Александровна,event,101,0.001946,5,0,5,zograf_only,no
PERS_1c6fcce5,Кузина Елизавета Олеговна,event,101,0.001807,2,5,7,both,yes
PERS_ea44fd14,Люлина Анастасия Геннадьевна,event,88,0.001806,0,9,9,roerich_only,no
PERS_8108c314,Ерченков Олег Николаевич,event,123,0.001789,6,0,6,zograf_only,no
PERS_8df3730a,Донченко Сергей Сергеевич,event,126,0.001766,8,0,8,zograf_only,no
PERS_7eb0dc30,Зимина Татьяна Александровна,event,115,0.001517,8,0,8,zograf_only,no
PERS_2a2e5602,Коровина Евгения Владимировна,event,122,0.001411,5,0,5,zograf_only,no
PERS_cb52ebc2,Лемешкина Ксения Вячеславовна,event,117,0.001394,4,0,4,zograf_only,no
PERS_5e2a5a5c,Столярова Екатерина Владимировна,event,122,0.001379,7,0,7,zograf_only,no
PERS_22d87263,Костина Екатерина Александровна,event,113,0.001365,7,0,7,zograf_only,no
PERS_7f908d49,Стрельцова Лилия Александровна,event,118,0.001343,6,0,6,zograf_only,no
PERS_92f293f8,Хрущева Полина Викторовна,event,103,0.001211,7,0,7,zograf_only,no
PERS_e96139bd,Коробов Владимир Борисович,event,103,0.001205,5,0,5,zograf_only,no
PERS_d218805b,Крюкова Виктория Юрьевна,event,112,0.001192,5,0,5,zograf_only,no
PERS_50c46233,Маретина Ксения Александровна,event,107,0.001088,5,0,5,zograf_only,no
PERS_3d3b302d,Соболева Диана Владимировна,event,98,0.00104,3,0,3,zograf_only,no
PERS_bff5de3e,Бейнорюс Аудрюс,event,79,0.000982,4,0,4,zograf_only,no
PERS_c6bbcef3,Битинайте Елена Алексеевна,event,111,0.000954,5,0,5,zograf_only,no
PERS_cdbd7a15,Кулланда Сергей Всеволодович,event,66,0.000938,1,4,5,both,yes
PERS_3074a8e5,Терентьев Андрей Анатольевич,event,101,0.000867,5,0,5,zograf_only,no
PERS_6ae5c779,Фивейская Анастасия Васильевна,event,94,0.000855,2,1,3,both,yes
PERS_9e9c9566,Лекарева Ева Павловна,event,104,0.000834,4,0,4,zograf_only,no
PERS_e5a5ac24,Невелева Светлана Леонидовна,event,71,0.000742,6,0,6,zograf_only,no
PERS_01aafd44,Сафина Наталья Алексеевна,event,99,0.00074,5,0,5,zograf_only,no
PERS_b881461b,Яковлева Мария Николаевна,event,103,0.000728,3,0,3,zograf_only,no
PERS_06ee047f,Елихина Юлия Игоревна,event,69,0.00071,0,4,4,roerich_only,no
PERS_0fd718a7,Воздиган Ксения Михайловна,event,89,0.000697,6,0,6,zograf_only,no
PERS_2c40b9b1,Гуров Никита Владимирович,event,64,0.000599,5,0,5,zograf_only,no
PERS_310b2911,Толчельников Иван Евгеньевич,event,96,0.000572,3,0,3,zograf_only,no
PERS_8df81b6d,Лужинская Полина Александровна,event,96,0.000572,3,0,3,zograf_only,no
PERS_10547db9,Загуменнов Борис Иванович,event,73,0.000562,6,0,6,zograf_only,no
PERS_34c0d384,Павлова Мария Борисовна,event,87,0.00053,3,0,3,zograf_only,no
PERS_b8bade8d,Шрестха Кришна Пракаш,event,67,0.000502,0,12,12,roerich_only,no
PERS_f56c5a7e,Жукова Любовь Евгеньевна,event,92,0.000437,4,0,4,zograf_only,no
PERS_69750b7c,Мазурина Валентина Николаевна,event,81,0.000423,4,0,4,zograf_only,no
PERS_3c7d41ac,Фомин Максим Сергеевич,event,65,0.000418,0,6,6,roerich_only,no
PERS_d2559ba1,Лепехова Елена Сергеевна,event,65,0.000399,0,8,8,roerich_only,no
PERS_cca8f93d,Немчинов Виктор Михайлович,event,54,0.00036,0,2,2,roerich_only,no
PERS_d4c2cc5e,Лучина Татьяна Владимировна,event,54,0.00036,0,2,2,roerich_only,no
PERS_30b54681,Бушуев Евгений Сергеевич,event,72,0.000343,4,0,4,zograf_only,no
PERS_bf91d4b8,Уймина Юлия Александровна,event,88,0.000342,4,0,4,zograf_only,no
PERS_0ca995ac,Яковлев Виктор Михайлович,event,58,0.000313,0,8,8,roerich_only,no
PERS_45a76880,Кораблин Денис Александрович,event,53,0.000301,0,4,4,roerich_only,no
PERS_b2c121e9,Успенская Елена Николаевна,event,58,0.0003,3,0,3,zograf_only,no
PERS_2b7ca933,Танонова Елена Викторовна,event,64,0.000258,2,0,2,zograf_only,no
PERS_a1484b38,Кавалевская Анна Петровна,event,80,0.000256,3,0,3,zograf_only,no
PERS_71e9dee1,Яскунас Валдас,event,58,0.000252,3,0,3,zograf_only,no
PERS_35c57654,Егорова Мария Александровна,event,81,0.000233,2,0,2,zograf_only,no
PERS_37d557c2,Анисимова Дарья Дмитриевна,event,81,0.000233,2,0,2,zograf_only,no
PERS_f7c7adc7,В. В. Донских,event,72,0.000218,3,0,3,zograf_only,no
PERS_bcaec2d8,Дружинин Владимир Юрьевич,event,77,0.000211,3,0,3,zograf_only,no
PERS_3ccc9bd7,А. Солька,event,48,0.00018,0,2,2,roerich_only,no
PERS_5f6fa17b,Пахомова Александра Михайловна,event,48,0.00018,0,2,2,roerich_only,no
PERS_b62a9567,Курочкин Александр Юрьевич,event,76,0.000173,5,0,5,zograf_only,no
PERS_42da4866,Стукалин Глеб Дмитриевич,event,76,0.000173,3,0,3,zograf_only,no
PERS_7bbed51a,Сладков Андрей Леонидович,event,45,0.000161,2,0,2,zograf_only,no
PERS_3009a9e0,Коган Антон Ильич,event,55,0.000155,0,4,4,roerich_only,no
PERS_96b8b195,Боголюбов Михаил Николаевич,event,43,0.000153,2,0,2,zograf_only,no
PERS_db0a826b,Комарова Ирина Нигматовна,event,54,0.00015,0,5,5,roerich_only,no
PERS_35a30342,Негреев Иван Олегович,event,69,0.000145,3,0,3,zograf_only,no
PERS_3fd690ee,Комиссарук Екатерина Львовна,event,69,0.000145,3,0,3,zograf_only,no
PERS_2e00cb36,Меренкова Ольга Николаевна,event,69,0.000145,2,0,2,zograf_only,no
PERS_b6d1bf05,Дылыкова Вилена Санджиевна,event,53,0.000139,0,4,4,roerich_only,no
PERS_40375fef,Васильев Алексей Константинович,event,52,0.000138,0,4,4,roerich_only,no
PERS_c31236d2,Березкин Юрий Евгеньевич,event,54,0.000133,2,0,2,zograf_only,no
PERS_088c4df7,Атманова Юлия Георгиевна,event,51,0.000129,0,6,6,roerich_only,no
PERS_37bb2d43,Покатилов Сергей Андреевич,event,73,0.000125,2,0,2,zograf_only,no
PERS_a901d460,Фаградян Марина Александровна,event,70,0.000124,2,0,2,zograf_only,no
PERS_554c138a,Хмуркин Георгий Георгиевич,event,52,0.000122,0,4,4,roerich_only,no
PERS_18fcab2a,Блиндерман Радха Тимуровна,event,65,9.4e-05,2,0,2,zograf_only,no
PERS_38c5f03f,Железнова Наталья Анатольевна,event,49,8.4e-05,0,4,4,roerich_only,no
PERS_68e9019d,Малютин Иван Иванович,event,63,8.3e-05,2,0,2,zograf_only,no
PERS_40f75cf9,Роман Лилия Геннадьевна,event,64,8.1e-05,2,0,2,zograf_only,no
PERS_0a2e5f24,Тишин Владимир Владимирович,event,46,7.6e-05,0,3,3,roerich_only,no
PERS_7da0afff,Демичев Кирилл Андреевич,event,48,6.5e-05,0,2,2,roerich_only,no
PERS_800ac07e,А. А. Нейвирт,event,55,6.4e-05,2,0,2,zograf_only,no
PERS_3e952361,Хохлов Александр Николаевич,event,41,5.9e-05,0,3,3,roerich_only,no
PERS_b76851a7,Митруев Бембя Леонидович,event,65,5.8e-05,2,0,2,zograf_only,no
PERS_37f98454,Рудой Валерий Исаакович,event,40,5.8e-05,2,0,2,zograf_only,no
PERS_de59a2bc,Шарыгин Глеб Витальевич,event,41,3.8e-05,0,3,3,roerich_only,no
PERS_7700f517,Парамонов Денис Олегович,event,42,3.6e-05,2,0,2,zograf_only,no
PERS_929cab5a,Ю. В. Предтеченская,event,38,2.4e-05,2,0,2,zograf_only,no
PERS_c5aeda15,И. Урнова,event,38,2.4e-05,2,0,2,zograf_only,no
PERS_52d3f72c,Мейтарчиян Маргарита Борисовна,event,37,1.8e-05,0,2,2,roerich_only,no
PERS_fc976255,Комаров Эрик Наумович,event,39,1.1e-05,0,2,2,roerich_only,no
PERS_aa964a12,Самозванцев Андрей Михайлович,event,24,7e-06,0,2,2,roerich_only,no
PERS_168a3a8b,Усенко Иван Сергеевич,event,61,0.0,1,0,1,zograf_only,no
PERS_23abae7d,Пушкарева Юлия Георгиевна,event,61,0.0,1,0,1,zograf_only,no
PERS_377db63e,Седукова Надежда Александровна,event,61,0.0,1,0,1,zograf_only,no
PERS_44440578,Грановская Хелена,event,61,0.0,1,0,1,zograf_only,no
PERS_4a0de87e,Белимова Влада Сергеевна,event,61,0.0,1,0,1,zograf_only,no
PERS_58e18506,Соколова Ирина Александровна,event,61,0.0,1,0,1,zograf_only,no
PERS_7d6f456c,Мотылёва Вера Леонидовна,event,61,0.0,1,0,1,zograf_only,no
PERS_92f41884,Касым Софья Васильевна,event,61,0.0,1,0,1,zograf_only,no
PERS_936e1165,Файбушевич Светлана Ивановна,event,61,0.0,1,0,1,zograf_only,no
PERS_94f33410,Застрожнова Евгения Григорьевна,event,61,0.0,1,0,1,zograf_only,no
PERS_a0f3d86d,Сергеева Варвара Алексеевна,event,61,0.0,1,0,1,zograf_only,no
PERS_a638a4b3,Федорова Наталья Леонидовна,event,61,0.0,1,0,1,zograf_only,no
PERS_c2ffc606,Драчук Андрей Олегович,event,61,0.0,1,0,1,zograf_only,no
PERS_d01427ca,Бещук Юлия Владимировна,event,61,0.0,1,0,1,zograf_only,no
PERS_e4aab278,Возчиков Дмитрий Викторович,event,61,0.0,1,0,1,zograf_only,no
PERS_f1a308b7,Абинякин Владимир Александрович,event,61,0.0,1,0,1,zograf_only,no
PERS_f3cf67c6,Харджендер Сингх Чаудхари,event,61,0.0,1,0,1,zograf_only,no
PERS_fb73fb38,Кешарпу Екатерина Витальевна,event,61,0.0,1,0,1,zograf_only,no
PERS_51524b11,Гладкова Анна Геннадьевна,event,56,0.0,1,0,1,zograf_only,no
PERS_5f6689e8,Дмитриева Виктория Алексеевна,event,56,0.0,1,0,1,zograf_only,no
PERS_900efc73,Зевацкий Тимофей Юрьевич,event,56,0.0,1,0,1,zograf_only,no
PERS_f5a69b65,Кройцер Светлана Александровна,event,56,0.0,1,0,1,zograf_only,no
PERS_f82b6a8e,Сенина Наталья Викторовна,event,56,0.0,1,0,1,zograf_only,no
PERS_23f54085,Введенская Эльвира Игоревна,event,53,0.0,1,0,1,zograf_only,no
PERS_cac87738,Гузеватая Наталья Владимировна,event,53,0.0,1,0,1,zograf_only,no
PERS_cea040bb,М. Рамдхари,event,53,0.0,1,0,1,zograf_only,no
PERS_37c15317,Калина А. Э.,event,52,0.0,1,0,1,zograf_only,no
PERS_3f406fe3,Кравцова Е. Р.,event,52,0.0,1,0,1,zograf_only,no
PERS_79ed852e,Евграфов Д. А.,event,52,0.0,1,0,1,zograf_only,no
PERS_bbd15f4f,Степин А. А.,event,52,0.0,1,0,1,zograf_only,no
PERS_d17a6a92,Киняева А. В.,event,52,0.0,1,0,1,zograf_only,no
PERS_467d4dbb,Клебанов Андрей Александрович,event,49,0.0,1,0,1,zograf_only,no
PERS_874cbfb7,Шарапова Александра Владимировна,event,49,0.0,1,0,1,zograf_only,no
PERS_00c3b0cc,Щербак Мария Борисовна,event,49,0.0,1,0,1,zograf_only,no
PERS_e30ad8b7,Гавриков Денис Сергеевич,event,49,0.0,1,0,1,zograf_only,no
PERS_045c435e,К. Джункова,event,46,0.0,1,0,1,zograf_only,no
PERS_04a4bbbb,Е. И. Малоземова,event,46,0.0,1,0,1,zograf_only,no
PERS_1130c736,Серебряный Сергей Дмитриевич,event,45,0.0,1,0,1,zograf_only,no
PERS_29607432,Лапшин Иван Евгеньевич,event,45,0.0,1,0,1,zograf_only,no
PERS_61de659d,Белов Владимир Николаевич,event,45,0.0,1,0,1,zograf_only,no
PERS_9366fe2c,Крыштоп Людмила Эдуардовна,event,45,0.0,1,0,1,zograf_only,no
PERS_af811d47,Корнеева Татьяна Георгиевна,event,45,0.0,1,0,1,zograf_only,no
PERS_e8396809,Вишну Шукла,event,45,0.0,1,0,1,zograf_only,no
PERS_14dec06b,Е. Б. Кудрявцева,event,44,0.0,1,0,1,zograf_only,no
PERS_a4c4c35e,И. В. Калинина,event,44,0.0,1,0,1,zograf_only,no
PERS_dd17649f,Светлов Роман Викторович,event,44,0.0,1,0,1,zograf_only,no
PERS_fa58484d,Н. А. Александрова,event,44,0.0,1,0,1,zograf_only,no
PERS_c1cc76b9,А. Я. Таран,event,44,0.0,1,0,1,zograf_only,no
PERS_ddb70dc9,М. А. Азаркина,event,44,0.0,1,0,1,zograf_only,no
PERS_e8f935aa,Е. К. Кудрявцева,event,44,0.0,1,0,1,zograf_only,no
PERS_72d46eb6,С. С. Чистяков,event,42,0.0,1,0,1,zograf_only,no
PERS_940c556e,Д. А. Шереметьев,event,42,0.0,1,0,1,zograf_only,no
PERS_d6ade703,Кожевникова Маргарита Николаевна,event,42,0.0,1,0,1,zograf_only,no
PERS_07adc1e6,Лейтан Эдгар Зигфридович,event,42,0.0,1,0,1,zograf_only,no
PERS_85a048b8,Денисенко Валерия Леонтьевна,event,42,0.0,1,0,1,zograf_only,no
PERS_147ab928,Никольская Ксения Дмитриевна,event,39,0.0,0,1,1,roerich_only,no
PERS_2e2b9553,Наймушина Дарья Дмитриевна,event,39,0.0,0,1,1,roerich_only,no
PERS_3195408b,Ратушный Данила Николаевич,event,39,0.0,0,1,1,roerich_only,no
PERS_57082cac,М. А. Овчинникова,event,39,0.0,0,1,1,roerich_only,no
PERS_68270eaf,Галимова Эльмира Валитовна,event,39,0.0,0,1,1,roerich_only,no
PERS_6a165aa7,Хазизова Ксения Владимировна,event,39,0.0,0,1,1,roerich_only,no
PERS_88e5311f,Босхомджиев Мерген Владимирович,event,39,0.0,0,1,1,roerich_only,no
PERS_94aa5d0a,Чернавин Георгий Игоревич,event,39,0.0,0,1,1,roerich_only,no
PERS_9ddf9210,Нестеркин Сергей Петрович,event,39,0.0,0,1,1,roerich_only,no
PERS_b5dd77b1,Мрачковская Арина Витальевна,event,39,0.0,0,1,1,roerich_only,no
PERS_bd77e495,Корнеев Геннадий Батыревич,event,39,0.0,0,1,1,roerich_only,no
PERS_c582889e,Иткин Илья Борисович,event,39,0.0,0,1,1,roerich_only,no
PERS_d851ac20,М. В. Вершинина,event,39,0.0,0,1,1,roerich_only,no
PERS_ebc1c3c2,Лундышева Ольга Владимировна,event,39,0.0,0,1,1,roerich_only,no
PERS_f1f2471d,Игнатова Мария Михайловна,event,39,0.0,0,1,1,roerich_only,no
PERS_f619aeed,Цендина Анна Дамдиновна,event,39,0.0,0,1,1,roerich_only,no
PERS_180c5e5c,Арапов Александр Владиленович,event,37,0.0,1,0,1,zograf_only,no
PERS_26ce5ec1,Нина Будзишевска,event,37,0.0,1,0,1,zograf_only,no
PERS_6b867946,Смирнова Екатерина Викторовна,event,37,0.0,1,0,1,zograf_only,no
PERS_ce100d3f,Мария Шилинскене,event,37,0.0,1,0,1,zograf_only,no
PERS_0900c3c4,М. М. Фиалко,event,36,0.0,1,0,1,zograf_only,no
PERS_e1d622e5,Мажитов Саттар Фазылович,event,34,0.0,0,1,1,roerich_only,no
PERS_ee3448c3,Деменова Виктория Владимировна,event,34,0.0,0,1,1,roerich_only,no
PERS_3d4df70f,Акимушкина Екатерина Олеговна,event,33,0.0,1,0,1,zograf_only,no
PERS_4ebb20aa,Кардинская Светлана Владленовна,event,33,0.0,1,0,1,zograf_only,no
PERS_1955e9e8,К. Гаралите,event,33,0.0,1,0,1,zograf_only,no
PERS_47ad46f1,Родионов Михаил Анатольевич,event,33,0.0,1,0,1,zograf_only,no
PERS_2011b78d,Бондарев Алексей Владимирович,event,32,0.0,0,1,1,roerich_only,no
PERS_e15e7491,Макмахуна Шеймас,event,32,0.0,0,1,1,roerich_only,no
PERS_2095dc59,Шалахов Евгений Геннадьевич,event,30,0.0,0,1,1,roerich_only,no
PERS_3e38ff72,Рожнова Дарья Антоновна,event,30,0.0,0,1,1,roerich_only,no
PERS_48b3bec3,Ч. Санчай,event,30,0.0,0,1,1,roerich_only,no
PERS_7efcddc6,Брылёва Наталья Анатольевна,event,30,0.0,0,1,1,roerich_only,no
PERS_a8983673,Вигель Нарине Липаритовна,event,30,0.0,0,1,1,roerich_only,no
PERS_b9a0e40c,А. В. Осокин,event,30,0.0,0,1,1,roerich_only,no
PERS_526da44f,Шапошникова Дарья Сергеевна,event,30,0.0,0,1,1,roerich_only,no
PERS_ed83f502,Селиванова Тамара Петровна,event,30,0.0,0,1,1,roerich_only,no
PERS_fe03c926,Карышева Ирина Александровна,event,30,0.0,0,1,1,roerich_only,no
PERS_51e0a171,Алешина Ирина Евгеньевна,event,29,0.0,0,1,1,roerich_only,no
PERS_dfaf6803,Борисов Яков Александрович,event,29,0.0,0,1,1,roerich_only,no
PERS_2c9b38ec,Ватман Семён Викторович,event,28,0.0,1,0,1,zograf_only,no
PERS_3d22e8d4,Стрелков Андрей Михайлович,event,28,0.0,1,0,1,zograf_only,no
PERS_d018b6eb,Д. Валанчюнас,event,28,0.0,1,0,1,zograf_only,no
PERS_6f89f9c1,Крючкова Евгения Родионовна,event,28,0.0,1,0,1,zograf_only,no
PERS_8a8c5d8b,Шелкович Владимир Михайлович,event,28,0.0,1,0,1,zograf_only,no
PERS_0a42bfb2,Н. В. Хомутинникова,event,28,0.0,1,0,1,zograf_only,no
PERS_2f26a47a,Елизаренкова Татьяна Яковлевна,event,28,0.0,1,0,1,zograf_only,no
PERS_36c30cf9,Загорулько Андрей Владиславович,event,28,0.0,1,0,1,zograf_only,no
PERS_5cb1449b,Хомиченкене Алета,event,28,0.0,1,0,1,zograf_only,no
PERS_b4cdbfb8,Эрман Владимир Гансович,event,28,0.0,1,0,1,zograf_only,no
PERS_ba537782,М. И. Петрова,event,28,0.0,1,0,1,zograf_only,no
PERS_bdaaf440,Слинько Елена Викторовна,event,28,0.0,1,0,1,zograf_only,no
PERS_5d38cbae,Е. Н. Аникеева,event,25,0.0,1,0,1,zograf_only,no
PERS_4831e64b,Е. Анохина,event,19,0.0,0,1,1,roerich_only,no
PERS_ecdfe667,Новосёлова Евгения Олеговна,event,16,0.0,0,1,1,roerich_only,no
