path,size_bytes,sha256
404.html,8951,10fa3c97d18924e0c98ed48439803748155d4e0918a2d181e2aab4a67841bfb4
CITATION.cff,719,3561b3811451943cacf83b25fd13b38c4ab02b9fbac27114118545c8471ad6bb
analytics_output/age_cohort_trend.csv,1859,f52139ebaa54a079c58ea798e44716cc4012aaf6240c1a293ce7af3059682fa2
analytics_output/authority_coverage.csv,25319,ef087405798a47d8d38ac2a01b9a27cbfbd8db6f54d3d03a4322d756b0bca615
analytics_output/authority_review_queue.csv,100149,21ea00448972dd12672ee4fadc9e437c488a3636debdf89c6d27bc6ee5763150
analytics_output/closedness_metrics.csv,285,dda653f87071d06123ec6fd77628c6a35419628de3aa1da5b1a4fd27da23ecf0
analytics_output/cohort_survival.csv,5096,719030a80a38c2e3bb91f27303aeaa8932ace65843c352ab7274217bea1bf519
analytics_output/data_quality_report.json,2559,e37498ebf62673ed65ca78dce3ba3eb17bcca32576e2151a07ea7916e07e1151
analytics_output/debut_timing.csv,14264,e703528304a181bc1dd018d2ac1374fee5fea420f0958dda19abb032635cf362
analytics_output/debut_timing.svg,16870,7013150fb705f96a9eacdf5e9273abbe3423243515169f1107e6cab9f188faab
analytics_output/field_provenance_authority.csv,8673,c78f9404252cdb67b5ee688950e406b343ce9eb90e13a2c22c712cbb9a702172
analytics_output/field_provenance_biographical.csv,181010,e9eb855ad945e9d5ea6d2a946b3709a42a680f89c870ca44ca9fa8ceec8de3ad
analytics_output/field_provenance_themes.csv,249168,7719d6153d9a0b68875fbf366c8c9203dd5401a24eb2546f6c5208dd7d237640
analytics_output/gumilyov_scale.csv,121761,78c99533a0529a5a9d397433a1333b10cea96b890c04da413e61f83cb5e2e5af
analytics_output/gumilyov_video_comparison.csv,27404,2d9f84ce828c9af805d0731a3b259b5495ecef52da42f3b2366dc4d8149103e2
analytics_output/id_migration_presentation.csv,216718,c335f19ca4a0edf4962f2314a9f86e323d107273923dcdc45d4153eb1f1104e7
analytics_output/id_migration_presentation.json,440979,ab93bf02befb4ecda1f3db64b9e7e2cfe40b6cac996749efd361af930bdfd451
analytics_output/id_stability_audit.json,962,d6180d8a97f1e7b66aa7111992e756d211efee16251fa0b7fabbbbf571adbbdb
analytics_output/id_stability_changed_ids.csv,99,d415e5cf3dd0f05b8821395f12e9f7c9e9ff7b0c4b40ff455f130e9bd0f87cb6
analytics_output/keyword_clusters.md,2968,ba1f93c4cfda446e6736ceab1ec7492f127a5b907de8ac4bcf3a1c6084af2eca
analytics_output/network_data.json,1059438,8ee668dee39d516ff083f1011afb2dc313a847ec51fe80d9947194529830c710
analytics_output/network_edges.csv,409350,8eecd1eaabb9560aa7e471170e63374b84cae7bc846b47ee2f9c5c2b60d6cc1a
analytics_output/network_nodes.csv,23996,02f6ac488f567b9e4626d52c72186bc5032f066fdadcaaeefb8bffa78eed7932
analytics_output/newcomer_rate_by_year.csv,754,385a9b9e8aee97cc6e1473bda63344c195eaad61efef7387b29fa2be71ec6cd3
analytics_output/no_affiliation_history.md,11973,e5a5907d3e926fe99ca0b686c5b193f45ac45e5c1fcefa462bc50727154324e3
analytics_output/online_repeaters_2020_plus.csv,289,c7ba1364fc8afc36acc059631d27cb3f05c151ecc264c110f7192948500bd938
analytics_output/online_share_by_year.csv,1389,dc1cef88f69306dc88a0379dda9160612616767a2913e83612848e739e261a7b
analytics_output/openalex_author_candidates.csv,64269,dd47e6424285929cfb0654f532620d95d0c64eec08dc5e462dae8e44a5e335be
analytics_output/presentation_id_manifest.csv,345759,0c6959d42bda385f2ee4ebc03c2b4edd5b69d29ca191c9782e382e98eba0d956
analytics_output/presentation_tags.csv,53661,79dccf59428da8cc218fddab6c0defa5677789a1aa967febce1e5902784df2b9
analytics_output/rinc_lookup_queue.csv,39248,f38a28056aa2b772a106260b0731fcbc65bbb4fa5a1b735d610e5852a832c475
analytics_output/roerich_only_indologists.csv,2745,5f1be62cc713446a330d42fd92b0e201d14d8e8382f2c631fc3da0ff6cd15037
analytics_output/theme_codes_baseline.csv,187960,d56fb118383c57e4cc3b1e51be8b7f514670820166a0e2bd3bf58b023c201bd8
analytics_output/theme_codes_final.csv,307511,262d92cac781b0b7c683ac1423a68d75467e69e7938b54f23427a9bf6412aa68
analytics_output/theme_codes_final_v2.csv,237854,4e389b180768d380df32cea5f84c4cf8c7ac093e4abb85d033636e83f700f003
analytics_output/theme_codes_llm.csv,290168,d903baaf0f023493a85a08f17ed09a18c7daffae844df3a1439e2546fb417aca
analytics_output/theme_codes_llm_v2.csv,293670,b0096175b6c3ef87d440ff2ba64e5873738822cd1415676c0ac140d15149f9df
analytics_output/theme_codes_uncertain.csv,4175,ac3d04b89a0f9636b861c1eb27bc46b871d633e799af368f1611058251ace953
analytics_output/theme_codes_uncertain_v2.csv,76079,fb19e801c3a5f381448f9b6d3db454676243cb942d90861f8cca6dba32b0b336
analytics_output/theme_review_queue.csv,218502,29d8d7820ee7df18e9a69f01afa0de16b66289eac7edd60d55ada08783182132
analytics_output/total_indologists.csv,17059,5e9d1a1c5305010a3518c2762a8efcaba0956ceb2b787ddeaa734e182ca51186
analytics_output/video_presentation_mapping.csv,65933,afb8858863081808ab671a31ce8df8fe0f8b9e4af59cdc26d7ac0bb640e1dec3
analytics_output/youtube_playlist_summary.csv,340,f88dec55a953f86aa585176fe3ff3d0f15bb85e154cf69caceade65c26712a37
analytics_output/youtube_video_list.csv,53407,1449a7bbd9edf2ea595e5b4f6bb6e357d4461d91ae5b8dcea1d3eda36ee786b0
analytics_output/zograf_2026_affiliation_audit.csv,15014,804aae06baaac8b52d6ce2a11d4798a2a912e7eb316da4e253f494406b11edc1
analytics_output/zograf_2026_no_affiliation.md,8168,d4855e4fe0c51ad088596bc948b2b2a54b6dfa79c5f9ab17931784347f2976b6
analytics_output/zograf_only_indologists.csv,8804,9b1b9a3ef50251b23e8d14b020209fdcb221599f84b55126398553ba6792fbc4
assets/favicon.svg,350,8d8e26574a1ed52f656a5532dbd77b9ebeb7abdb10e4afc785e62bece5ad19d3
assets/og-image.png,98726,8060348074349368f7565a41f153af337c9eabbd1e075fbba1ec9946ff082825
cities/deli.html,10777,e492c1a7d8bf3bc360f0a38499770f43e5bd55a4a9fffc3b627faf55e7b6a352
cities/elista.html,14140,a9ecbbd4e6894045938536c3ab1add7998e44ff81dfb0054b2bfef1fa8b46786
cities/index.html,10490,906e146ba04b46b939b11e07f765a5af11daaf9a2072b0fd587074a4d48ff806
cities/kazan.html,16044,327cef82a80b1a9f93a5bc547c4a92b8c0d218393fe591bfc4a0aa9eaee9fb30
cities/krasnodar.html,16030,a744bb83d48b89fe026a5c0e179c196ae8f6c24c21e6254415107706e9fed9cc
cities/moskva.html,189110,e17e707112e0266c8ea0de33ec0f1c7bd3ee11cd0d3afa636111b8596fb8972b
cities/nizhnii-novgorod.html,11315,473acbd6b40ff5d36693bb4207ba68c455fe2198657baa7041378c4a2c127f98
cities/novosibirsk.html,12961,4fccb15c648b33c71b879a38936b60bb233757b095051f9ad52de5206b2c1701
cities/penza.html,19265,d5b950ec7eb2812d25f3cd56411fc17316ceadf3e92601679639d51f7a0c0935
cities/sankt-peterburg.html,192383,48596d1ca19162b76742f1e2f7cccc504bb2b51e04d37a3e9c401afaa3906bc2
cities/ulan-ude.html,11044,1605db8ab75e05ec810dc0e74f2f3d545318102344b09851dbeb9f102562eff9
cities/vilnyus.html,10847,624305775d093938b5e96629016c39f2dc240a3a8665b59798d351fa50f08486
conferences/index.html,14409,cc254eeb8f701bd380157c122cba3c934c375449e67b3ee7d08eb9a10691945b
conferences/roerich-2010.html,9922,25a6ba81095adaf411f2f3b87b3a5d223505a17077c7c0ce64a1f7c80070a707
conferences/roerich-2012.html,32240,742822517fb7630f82c189707bb4938b943822c37015f6e5d54cd988f114e877
conferences/roerich-2015.html,31151,7cfd0d98c77ac416b5c7974009260c6fe55cd8296c071a9f786379e6d9349ebc
conferences/roerich-2016.html,31996,d4d27f48a0151fd858800ef0caba0108a415cb0022bf020b72ae98ba6f490bda
conferences/roerich-2017.html,34543,0c56dd706e3fcba8566a1092d27ed5148a7ab54426800ca8577b1f2df2f6d75f
conferences/roerich-2018.html,34274,082a97fb75798c76a030a6608952afb92a0041300871479c63b7c127dd9beb0c
conferences/roerich-2019.html,31211,05d12220415aa64068aede0b008862690c2c67a0d7c87e88488c389d91ce73b5
conferences/roerich-2020.html,32281,75eef14c0b4a893f4e334c6a0e62fe6ebc6836c26d4b94166479b7a838f65020
conferences/roerich-2021.html,32160,443423d2a5333fb3d4b6ae3a8188321e659fa1b7c7196a015861de9ac329c5ce
conferences/roerich-2022.html,29630,ef27efbdd4515d474a00f09b11f88836a11d1d65132d11f583cce8f05b95a171
conferences/roerich-2023.html,22158,65be94b873a75d9e18a9d47d330805fb427f529c49b50a0230fe91cd41c75f04
conferences/roerich-2024.html,31126,6f901e059d44de513301eaac41ca0b3d53b81a24e214abe2931cd58cf0881ee8
conferences/roerich-2025.html,38147,a068cf0bee9d733b1788fbca03ef38ffa06c408863ec222cc91cc7d3b0b4b05f
conferences/zograf-2004.html,17864,a7afcfa97ffa04fbe42d2c9b435e3834a886564cf63281fcc2ce8c4820f1437d
conferences/zograf-2006.html,28995,37a7e8065f2abf50aee126866c3b2b02573d8369d5f472343110ba78ae104259
conferences/zograf-2007.html,27858,ebd1d48233d0eb571b54b7c9e30cfc68d0315e16b1f661dd32a7cd9343522446
conferences/zograf-2010.html,17832,2fa30bfd3736a737bb9af1f69716877e0a305f3c6bc17cd7a7c64d12861ea2cd
conferences/zograf-2011.html,31479,13fc4ddfe74175db0ee0848c0afc9ad16f83c8b98d94615395ccac2a275bc7fc
conferences/zograf-2012.html,32287,28aa2e5c7de890f61cfe19bb85399bfddfb5d4d6cee3748bede4f71ff78669df
conferences/zograf-2013.html,31989,55813a8a31be8f8c8e7d5e87fda3354d7d71fac63904be63b7d7272e51c4fbf7
conferences/zograf-2014.html,37399,678c058b81724bbcff17995ea1a9d822243b7bdb1b18041f2d36b69f91e909d7
conferences/zograf-2018.html,40600,69cef99da237c23c42b32d49de5c11da1871819ee0c23ace1152e155e6e67206
conferences/zograf-2019.html,43944,cfdec3b9a19ee8e0208376f16cff9d7481be4626272f428ecce134612f9d9af0
conferences/zograf-2020.html,43341,afe303da47b8982e84544dda4d735e3ee29a794f827fae9c1df10859eaf2e639
conferences/zograf-2021.html,42874,dc72e7bcc93f0f21677c9ee8505dbb82231af8d4d62a55e845f106f61f5ed093
conferences/zograf-2022.html,32645,c32d0c1a557ed13460ac992e6d50f772690dc4a14e54a66314064041e8e00e79
conferences/zograf-2023.html,27214,53e40efd2d62d9f74a591d187117fadaa5736e84ab91cea8e43086adc4a865fb
conferences/zograf-2024.html,12652,6ea81c17a680ff0bb85cf35518b66b7ed6a672b0a75a3f111f3788170e772c5b
conferences/zograf-2025.html,51709,5f8864a17287351824062360ccbfa177fa0bfcb5ea69bf4d5de900a2244ea2f4
conferences/zograf-2026.html,53207,92be9354b4e1ea4d045f71f244d42afc551f01c318b19a1f2a742504a5492a0d
data-quality.html,12865,e08774d848b950c473b8d7516cb0e4b1b330735b78d0f4417f806a8e66183a3a
data_dictionary.md,12476,5be413376a871903dd797c1868a04d353c49f7040bd7f97992925bbcd02dcaac
datapackage.json,8329,6ee4a7acdf51d7616f7262b7f3852710b809f429160f389642b457d393e801c9
download-data.html,18817,ad4bd1847b1a5604ab63ef4e18ef9e9e5c3a842982f5356ec82d4bd305d421cc
en.html,10245,0cc62b8611cbc2883c8cada6941e7557c0ca701c3ba609ccad80fa4fb064183d
how-to-cite.html,9513,7786c69784a35db191909f5bd7cfd296cb1eab47945d401ca5a00aa06a45e3aa
index.html,139739,5d2b9cd597674ce09a60c78c3c0cfffba41b9dcb3489d596d4b4135dffbd7a83
institutions/gosudarstvennyi-ermitazh.html,11937,938c9b4bc58d6746f42585575f2a46f2f1233224fe1f69994212419945eae785
institutions/if-ran.html,20898,321237470a2fa41d08513fd78aecceba5cc5c171d90865971ded8a3d8ea14649
institutions/index.html,10474,11c4494b850a7c5b2079709ab9404363b4538db9580a4eb4a63d4ebb9eba535d
institutions/iv-ran.html,120287,ccbbcfefb41d43a799290d80efb8e2bc02064a2b0e6ce9d50d383dd30587a9a0
institutions/ivr-ran.html,10983,48a154b031aac91616537d60843c1f08385b3a687cb5f742506194002e16f0ce
institutions/mae-ran.html,12360,c3118ca0e04abff984aee6e20e01412275365e75666029795a7cc168392bfc52
institutions/mgu.html,37883,0d536bb92ca6170ff5eabd946512da9802c0b104d4c855d50a86571796df98c1
institutions/nezavisimye-issledovateli.html,12636,76c0ad2a49589a1425c192303adeca1f86b14936d790ba9293bb4d1f8175aeb8
institutions/niu-vshe.html,23541,99c48a92aee27cc84fb6237fb602c536974d5573f9f93828c9be850a612ed8e6
institutions/rggu.html,14005,7907f66aac910d0289cd9505cdb4d6cb2c8a21a9b08fdc239519c0744b126414
institutions/spbgu.html,40725,63986e8eb138d7095003740bd32cdb76a8765802c2df286f477cbc64fff9c512
known-limitations.html,10771,f76e7f2ccfd0b41de6198c2b7b663c8aa338b9ba1b09ff7981c8a18b24141a23
meso/bengal-bhakti-modernity.html,43293,28ff3942d5312272c92db5c63cc26c082ec4003149d41e8bef93533434aeacd1
meso/china-mongolia-inner-asia.html,36586,67b80a4a10b2f4f9502f837b2bcb9c615e3f1c0a87261ed3653c3f038a3a896b
meso/dravidology-south-india.html,50677,c6d06361a3916a4eeae42091641ead0b08507dd1f6d73fb0f613bd9f7d41cde7
meso/ethnography-performance.html,87706,382896ebbaea6ddfd5ac5a839a0fdf80630f8a77ad5093237513ec924b3997a0
meso/hindi-urdu-new-indo-aryan.html,27377,97a2cb8cc635d4b72c4ff81f0052a6235bfc72778326fc5cad3173ca2edc874d
meso/index.html,21193,4af1fb808daca6da046a7197608b68432c38d5efba63ab8a2bd3e4ccfa12648f
meso/linguistics-language-system.html,72414,77519507a668deec31b927fddd134aa29b4b0dc4c2c1a5319005532d012eeee8
meso/linguistics-text-philology.html,28280,74901e20e402108e4d8a9665e01221cdd19a79cf676f039335cd66287354e890
meso/museum-collections.html,45924,7c3234d828c381ba6c715b5ca17c6e2d7ea389ba71fc2c8cf4bc83a16f7c89de
meso/nepal-newar-kathmandu.html,32988,e418fced57cf622645e0eab422be83eadd365310fe1483041e55906d990e4713
meso/pali-early-buddhism.html,39263,2f70e93e750aa5e7dc35908cc47b7ee2bd6dba989110b8df73c3a39c38055f04
meso/roerich-studies.html,34433,2b60339463b238026c9001a550e5a5b350f17ad5dd9e8d93e4fbbc186dac7dd2
meso/sanskrit-grammar-panini.html,31204,af180f6539b71e85f38a2803a1ad308b129755fdfd64faf15a1cc9418f03786e
meso/tibetology-himalaya.html,43650,753b5c233acd694504b1cb05ef40802fce3643faf08e3df0f589bc13a23de724
meso/vedic-studies.html,33368,d2b7c78aaa2d7b999f216b9ae5a2d3a9c5870013297f2f33924c10e6be0f8822
methodology.html,10722,e33760950ae8cf641cd76cad356b6d38944efdc7434f7a362358e0fe7508b76a
metrics-guide.html,10893,9f8dc8f79a7989106e61638d8df576b368d5cb0705c9df9d3b500712ce27da3f
networks.html,54743,b01cc7e1d0afac6a5e188fe6664f16959e58555c9dd9db6d37da900ef0bad874
robots.txt,188,87f0648ba8630db5532ef50c8d2521f08c878967687774d8e6b55b09f906109d
scholars/PERS_003adcfe.html,906,5e8274738bbbac4aba471b459980b0f87deeb587f4bc588534f631c31da62936
scholars/PERS_00c3b0cc.html,914,fd573a8685bd37b1b7e1da4010dc83906524834e39e0377f1cf6933ce72de4d8
scholars/PERS_01aafd44.html,922,778292ae5843067ca44e24493a47111aa45311d20e9aedffcffe07adb7db01a6
scholars/PERS_05707a8e.html,968,8cf5f291d36f2857c9ffd82f22328cbc6f5f3a6287c9b01903a057f81a5bd596
scholars/PERS_05d56645.html,933,f444dce7d34a425fff62c50ac2eb5074affba094cc6b9a9de97b3941d0588cfc
scholars/PERS_0665f215.html,932,370226804e57767fa81d3fc85c8428d537d7f07fcad587d37aba3d70abbcca9e
scholars/PERS_06ee047f.html,903,a8558aaa88d91076af6b19cac396890a4f3debfdb34540e22503c6b5678d6b80
scholars/PERS_07adc1e6.html,906,49827800c82004fe34a582bac3885e9e18e9597075b708c8066cb5c9bf328cd4
scholars/PERS_088c4df7.html,921,d822c18fa1c1adbd3e91b8f0d6a5d687d2ecac8c3a70a27c51f8e0b097c59f72
scholars/PERS_0a2e5f24.html,939,ce33f4843752db4474734b6f9d0864daa2959f0db29a46d5d7d57be0cda7e326
scholars/PERS_0c451d76.html,934,fae6c9c9eb4fc5ebf2c1c9aaf2ea34c1f7540b9632e34a0898a8e2d3828316bc
scholars/PERS_0e0a154e.html,866,5d7b4db01fd62364b52e22b3a5a36beb350f6175b821eb40514459317abc932f
scholars/PERS_0fd718a7.html,938,d4659cd11888ce2bb49f402aaf04666372a78e56590ebe3099a6a12e93904a02
scholars/PERS_10547db9.html,932,b9f9be2fab57c6fe0d4325a1451519125fee7172b59401575aca4897a2512431
scholars/PERS_1130c736.html,960,65a4f7fa8c319fda8fbe37a8d674655daeaf8970646924150054224bfbab68c1
scholars/PERS_11da326d.html,965,1c38982053ab41e87e17813f6ca12395f82987eb2830f00c254626c631795afb
scholars/PERS_12125da9.html,944,b60f5af9ad2018558de40d5e97d1dcef745de16354e378a173d1c5b858fc124b
scholars/PERS_147ab928.html,960,85eada7cd6289aa31e8045310f215f816d84cd62da6c85c2b01f34689518ef3c
scholars/PERS_168a3a8b.html,883,79b28217acc45ed5fe3540c3aac08ca20500d4c0c83665c9e64b7ebacfdd8cd4
scholars/PERS_180c5e5c.html,956,2f159a59e5adfa47d097dfdc6c1c0ad98637a1cfbd7fdce0f4a046d77f51349c
scholars/PERS_18fcab2a.html,943,2e5c368e7085937f4d2a8a796a976ae91686929b351eb4413abe742c7840c334
scholars/PERS_1a097e52.html,934,5e158d826546b18ba41ce76ddb98b0a4466f3a0ea58f0a2b13006d3ce6260b4a
scholars/PERS_1c6fcce5.html,932,6164b00ed019e6ca294397585bf56e1ad52f04514c03ddcf84d1fd832cef421a
scholars/PERS_1fa7cc0c.html,977,10b157ebad30f5d3cc1200a5c06eacb60dce1c9d528e0fb03dfff1784af46e28
scholars/PERS_2011b78d.html,956,e0868432eb7d9023959af29647ef91efc3e9411c3a14eede77649a2af369be59
scholars/PERS_2095dc59.html,949,89af5ec168fc58654ab9329f537edf46909ca77d207410248112eb402453808e
scholars/PERS_22d87263.html,973,675a3bede450f6b68c1525cf56671dd960ccb10ec68e23b8424a46e913bff405
scholars/PERS_23215083.html,928,216b09ba9265ddbdf4bd2679c831555b0d1cac4132491d9de94e025d76b0d717
scholars/PERS_23abae7d.html,934,cbd11017013ca54f1efac03056f930f215bbeb591135b9ed6fe96e1db8f66a00
scholars/PERS_23f54085.html,954,68345f6ce38ca85a158f9e00a405f0ebd1ed72933dad9b9dab8eaabc270abc29
scholars/PERS_260a598a.html,939,eb7c2cd20f704d399c165f1d662d6a627924a78ed2a29a273dd659794c0cfc85
scholars/PERS_26c3214a.html,892,caaca8915c41343bfe5d8b2a8140cd65437691c3c2a100883ba95f4b15905cca
scholars/PERS_26ce5ec1.html,886,bafadba47c0e24ed43da5ab20f9fb78a9e095a547ac043713af9d80aedf4d576
scholars/PERS_28317057.html,983,0b6b07fe8a85ef6c8ccccacb8c9eb917715b688519af9178c74db7cdf43537b9
scholars/PERS_287fe378.html,917,202f2997b60f1f7fdbbef598c04d796cee06819116566f33f0ec0d18a257fdd1
scholars/PERS_29607432.html,894,4ddca348eea01f75c0dc3c00c31274d6f59a4336061143fe70ebf32e72f2eb91
scholars/PERS_2a2e5602.html,961,0ce0cf44ef5b144cfe089dc6bc094c2e24ca5f3ec1eeb9e38576765eb6888b24
scholars/PERS_2b7ca933.html,922,e83985e875ed2d66b369d7c8fa2242d412ae592ab08a04cdbb887c79645f3052
scholars/PERS_2c40b9b1.html,912,9183023d7ea23ae1fde358518e18564f40519d296279051cee4e0418e2136fbd
scholars/PERS_2c9b38ec.html,900,76c7e2341a81611cc5ab0bf699201f559c1cb99c77b10ec550e122cf10d5c7d9
scholars/PERS_2e00cb36.html,928,0370bd1ade9ba0930f977aa8d1d87d9ed96981205a2258c2ac7c0115fb42863f
scholars/PERS_2e2b9553.html,938,c1db1ed358297dcffc469023ce68dd741363a00901137ff53a7c87150718e768
scholars/PERS_2fd442aa.html,955,47c51ca45e72f0b9a88661efb2263ab1e71dd567eaa8b25938513ff1da21deb9
scholars/PERS_3074a8e5.html,945,5df256ebfe2f1503c8d1169b639db38fa179bb848fc7cd4387f3f853cfbc6461
scholars/PERS_30b54681.html,921,236db0f08768840d23150ddc393bd4cb0041f122b763a834fba85e0938261b95
scholars/PERS_310b2911.html,955,04df173d44990163a16be3720c68fd708fe613b4fd9423a4d848f4457708e9cb
scholars/PERS_3195408b.html,938,1b0100cfebec1d5f37d8df15bd99cd8fd507b3a91b6a75384d5ed64b13549090
scholars/PERS_3357f25b.html,1013,875ac054ecc26029e8b8f0675e33a81b9098cfe53469cd6ed348378acf9671d5
scholars/PERS_34c0d384.html,910,a89313531090905775f6ac6b9ccf7d199a050097920676bb150bbefed047131d
scholars/PERS_35a30342.html,888,8124081b580502c6abc717d9fdbb84bb5c9d7e39c5a8cf6c21c5f850445dda0f
scholars/PERS_35c57654.html,934,b1873b83c60eb68e737c66cd639625faa410df7a9e8b7624408468c696f599b7
scholars/PERS_36dabb79.html,938,03a9af1634d9a24b4699dc3d1c5fdb78d35ac1dc8145933ed2c63090334117c6
scholars/PERS_37bb2d43.html,938,38347e93c2acb5bdfe120999b77253a5843bbf00f12db3446ac49b3475ad9560
scholars/PERS_37d557c2.html,933,a3e96d48764415c50843676b1fdebe4d0774e69a43760c042027a7c44ad1909e
scholars/PERS_38c5f03f.html,966,c3c4ddf4bf8ab08ae2b6ae106a54ee78ee492ba889c109a55d2958382cbbd5f4
scholars/PERS_3b196639.html,972,a180dcbb8180dd64e4e6111ca68c237b9e50d41e109f64d9508fc3169a2f0aef
scholars/PERS_3c202afd.html,928,a33b1f1101c8870b28ed026aa7431634f76749649cff7f33ddce4f6142e7df81
scholars/PERS_3c7d41ac.html,894,398c75f4a13c2487d84c5380ef2dce8d1fe589f8efba71b36eb7d1f00f6c9dc7
scholars/PERS_3d22e8d4.html,933,f93995de14da95a6b53eb70b6ea2402b079f9796ffbe0bca4173af42c14b0541
scholars/PERS_3d3b302d.html,934,958092cb8840b8d40d1be0a12d2c42f7f42de74b38633c15e3c354f7fe23ee6c
scholars/PERS_3d4df70f.html,981,0e1cc46e53fa388ce51f6216d3726a91c3e35f13584cc03d987fbd27effd7d94
scholars/PERS_3e105f43.html,946,39fa7b6543d03af5a5579410bf032fd4101e50f0706f06076e61cb7405c51e72
scholars/PERS_3e38ff72.html,910,762ef44eb30aa874855f069ce1313f59de7b05e167746d63888138c548a0684b
scholars/PERS_3fd690ee.html,970,82ffbce8bbf0d751b8cb8e4955ab78a52ae3257c04ef82e6e109efb15162806d
scholars/PERS_40375fef.html,963,360b78c392e0cbd41e6eda5fb4651cd42309c3f27b142ecca857aecb90e6949e
scholars/PERS_40862f5e.html,950,8d0b58e52c1b4124a3ffc649f2f7955a8177567a7e58e1e68014887abd97a102
scholars/PERS_40f75cf9.html,900,397f27d728778b3caabb1ea47681cb9abd1b910906ca4e2e39c148081a5bd933
scholars/PERS_41d6aa73.html,933,5d6da87da2408c190a5ea9155acb4bf36068629718f6a1cb58f8f132040cf348
scholars/PERS_42da4866.html,911,0d99510b7c612e406ba566452f74cd58f02f039774147198759395d5adef69d2
scholars/PERS_44440578.html,902,03cbeef310695f6fed7233b829a3f180da2ec7738d665679dc16c95897362312
scholars/PERS_45a76880.html,940,2dc74abda45652995d3d15e560e2dcc3755c2fe763e49c1303327d85d31c1fa7
scholars/PERS_467d4dbb.html,951,3aed648c4a4a047d7ac20b970f17b4641c35383d95716f167a2497c9eb8b4788
scholars/PERS_47ad46f1.html,944,6ca13154cf16be02cb04792898adb592f693d241fecd75250b243b105635efd5
scholars/PERS_4a0de87e.html,916,5a3fd78606e646e4bcfeedc78d97a7b6543e9d8794db1c2e956576a259100930
scholars/PERS_4ebb20aa.html,988,04f0e3f92129de5f983767a66db35f35a0ec80dc714d533e819a09d16e0447ba
scholars/PERS_4fff9d16.html,916,084cbd793d1e3dadbe47dc591ec24237eb028f135c761751b4dba1a0d520cddc
scholars/PERS_50c46233.html,956,cbeed4324d85b0a4fcfb148d8f2598af1d8789e7b24af1667bbab8e255c4e68c
scholars/PERS_50d73711.html,967,456ddb540e9e5a58875b749fb9861d00159247b2812ccfb5cc3432eaa8129df1
scholars/PERS_51524b11.html,917,119f3b99f640ed21d21bf3f00f0dc242e7f3580cae7dd7ed1e3f536dc936e5a5
scholars/PERS_51e0a171.html,916,9ba3a0a2317435e04d6e11862a4e8392961684655294ec45277c5851f0d9a80f
scholars/PERS_5228da95.html,999,dc35005566ee8b824aed95cdf507847b0d4c9addebc445fa4b03be76e6546d80
scholars/PERS_526da44f.html,959,584ae7a5ccd9ff5c938bf4131b5f243e476aa49b9624aebae98e31c144a18526
scholars/PERS_52d3f72c.html,992,24664d460a68a9601d7f1fc51e8cfdce75ac05af250bf2341c5f5a49bcc3a037
scholars/PERS_5331196d.html,972,36c19cf54f885032ca316288d68fe704b8b2ec218d22944f51a39929ca8b9638
scholars/PERS_554c138a.html,938,2bece990d9c3008aee62bc9ce335663f19800ce0aad49f8234918ae1288157af
scholars/PERS_56508328.html,970,3c32af55ed1f153d58ea47f1cd5adaf447f00b3932f8280330d969c54f5762dc
scholars/PERS_587b08ec.html,916,32b1f7ed73d83ba4ff9819254dd2df90ab675c43d7e6a4fcc08f746e6abb8a7c
scholars/PERS_58b39545.html,971,ed54d7f140731afebdaf41e8867ced201df8041c51b4c650d49a08733facdf09
scholars/PERS_58e18506.html,940,51e896fc294bc03dd63ab7f420738829c4d52d835e8ee679f3eeed132bfcb161
scholars/PERS_5bbfea37.html,1023,ca1e95c2ed2c21fc7580c4a4ba287e0af0a98160c662934c927ce3969c7c625c
scholars/PERS_5d324297.html,913,42958ec0b622a8f80e0d465a2112af1a338d63190ff7fd103279f3866559f297
scholars/PERS_5d34c947.html,944,b475c01617fdc091ffc0e3a93a90e4810da986fd0bf24aa73c4f7e2b674f2f11
scholars/PERS_5e2a5a5c.html,994,4b54f3fd70a6abfb5746f2fe4ac812d1ee88d6e1ca7400f035daa10911ae04bc
scholars/PERS_5ed752d9.html,893,0feaef167e019720dd1aa54b69d18de1a4c4af07c874af250484615e742ccd51
scholars/PERS_5f6689e8.html,971,a428a709191ff80044a650a67d537567bd9fff2dfe1175bfca14c42f0ef8d730
scholars/PERS_5f6fa17b.html,982,ab0f28275d19bf21f5f924bef21edcc4d6889ba6f908b6473fd95f75d913c2d0
scholars/PERS_61202bf3.html,920,20f3871564d84bbf151b449090744decb52a45c43598722ebc21fca71684e17f
scholars/PERS_61de659d.html,922,b380e449715a977d68e9e8cae7faa039440009219ec5142a02892d0ad292774b
scholars/PERS_6441d568.html,940,72e12e9cf059fc6de8e5becb003a66fd21b200be0287a32486bf01d638eb2048
scholars/PERS_6578b52d.html,917,d0c086d49bf4feb0053b3b809dabaf30f793d9a9d1140b718d6a12628846a8c9
scholars/PERS_68270eaf.html,933,6f48ad7b50c3ec7a48f1b6ca592e2494d32d215a2e7ba2340128681a59d04f45
scholars/PERS_68e9019d.html,893,0d457328ed18f8682cb115ebff33792180a395bb54d4620eb7287069f998bed9
scholars/PERS_69750b7c.html,966,8cdd4d5c4adeda7109e1b2d8835a5b2323bad18b14f74dccd5fdf69dd13490f8
scholars/PERS_6a165aa7.html,955,16d068cab1a8b10392764d629ebe27318a70b36c7bb8619bcca56f68ae35251e
scholars/PERS_6ae5c779.html,982,b51ba3e3b70ba17ed08036547c8815b3c6a4b180ee60211dff6079b3cb5d7a3b
scholars/PERS_6b867946.html,966,7908dfe5006b7e38b80cb4b82ba71567194c293ec40c2004d8a8f2128388a081
scholars/PERS_6e211759.html,921,f18b4e5f3c348ebc1377961c3ce33db9003a3091f4ce064bf94377fd0f9ce445
scholars/PERS_6f89f9c1.html,959,d4f38d86c551782602216152ca325c8631a73f0d60c279f173065eaef5221aca
scholars/PERS_72506535.html,949,7dec4521c2266a233757cdb709fac94e1b52a4f5253f19a7c48136354471f16c
scholars/PERS_7542d270.html,932,40ce837ab82c12c1c96cc8514b97845e117987f27f3300296050575a3c8f52fd
scholars/PERS_7700f517.html,921,774146da8c042b190ea6c84de26906333907658e4a4ea67fdfe89238c6526d88
scholars/PERS_7d6f456c.html,911,8eaa448029338ac8f9b40a0163d1bb3c1a7736ac444dde4d8ef3ea9917f8f685
scholars/PERS_7da0afff.html,921,461648086b8948275dd31ffdd91b89c4470d46f16ad9f4963c09c87d19651a6b
scholars/PERS_7eb0dc30.html,940,953d5b45a371527f3ca4407e197e557d51ce93b2095dc50ddb0b3047394da730
scholars/PERS_7efcddc6.html,939,58a11a447d325bc1eb8239f7b48e1d19211aa7c17d228308f9e19b73e16a53c5
scholars/PERS_7f908d49.html,967,b5886c5e84915332cd17a757114dfe3d0fea368bdbfc52ddc2251a72af885018
scholars/PERS_8108c314.html,916,ac110b90647df4d1d528ce497da9e7f992c53a1c3271ef16f8f0f880c674390d
scholars/PERS_829c1de5.html,967,c5a2a209b3cdbf6136a74552abe1c2addeca9f9ebd44000ab2b5ff7b4922d26d
scholars/PERS_8516d1e4.html,893,48114dd65f5179fe474664b45d073660b0ce292ea1cd3b288cec40bfe84cfd72
scholars/PERS_856eb5c6.html,836,b633425541bf0e4c522a84b4e7043be0a7eb7a2b115a248b9c3dc713356bcc0a
scholars/PERS_874cbfb7.html,994,230f684d49fb3aa18232b4a814674fa9e34e3f6c63ed46ca019868adbe05a5ac
scholars/PERS_88e5311f.html,988,01e35b9af093236e81a080a50b76be2b0c1930033bbdc93bdb59611b516a3e7b
scholars/PERS_8df3730a.html,932,8a33fda8b8c9340beee255b8b0b3868e0506f09b5f75603f8d165c9948fe10a5
scholars/PERS_8df81b6d.html,972,21e325e5c49e504d740c59a4d1b075429b467c01dfaa1aad941c74801b3eadb3
scholars/PERS_8e117242.html,970,5d5e16e1d3873e333b5976c04f57ea4aa6065347d346aa0cbd05449fe6479067
scholars/PERS_900efc73.html,931,d96b6b8dd513fa4b042d3c8c085dc844cd3bbb24c7582e8235fbfe619f7ab5dd
scholars/PERS_91b473b1.html,927,c83b85f0ca6a51b53a1dab87fd26bf3ef0c86e3f17c52ea143f14c73fff933c8
scholars/PERS_92868e4f.html,886,4c8e06a065d19b225925561bce637efec8f980ad7e8b10e9c3e701519dd78150
scholars/PERS_92f293f8.html,942,61123d972996c0c247adc40969eec642c6cde3f6ecac78496dd9a2fe761caa6c
scholars/PERS_92f41884.html,889,86c799a0f48db1c0fa7aaf814f165ba4a9547d200aab54bb09dad057f47369ee
scholars/PERS_9366fe2c.html,943,6b790f1fc8034c4a97053d18df7a4ae627e7152dd3bcf9fe8b1a7957d7887e27
scholars/PERS_936e1165.html,910,a864a4347cbd1a93c4546bc776df1c22d04a92e8ce34e06c5449507572a70b64
scholars/PERS_9374fd12.html,965,9ad49aecd18a0331ba4337a288c78a64d810d13cff775dabe26c7f3304317077
scholars/PERS_93e2effb.html,961,529f6eb140a786fc68233012ed6aa57c5a780c9cfbda9950978dfcba228631df
scholars/PERS_94aa5d0a.html,937,cab2d561fe8dc5ef0de8775cb0afb8e5fbc2ae04bf76e596e46ff1ef6b1588e5
scholars/PERS_94f33410.html,993,8acd037590a24b0daf7acaf051fe3799793f98561ae12cd7ddf00b3fb738c67a
scholars/PERS_96b8b195.html,954,3a2ccff7fd33b14ede2777b261b9ce31c0a0d1d61f48b3b30869bbab8cea9030
scholars/PERS_9a855a7b.html,961,a45175e5e5746a5a8ee9f944e2d03946b85dc9eb9c364e354fbeb8abc3a91bfd
scholars/PERS_9ad66151.html,943,507cfaba6bb7e438e2641ee3b4ba6c033c939279735019cbe513d161f80828a4
scholars/PERS_9bf51055.html,910,c4e7269f35ad2a3396a441795d1c05faa33aba6ba88998910c9c9b5ab078bbe0
scholars/PERS_9ddf9210.html,932,08ac519ed24e70bb528b079bb6c0ed9f632ae8fece36c45efe7fe7f67bcb090c
scholars/PERS_9e9c9566.html,888,323374023f17c6deb44e15a3dec05ed2749d5f34856b728cfb40f71e511f4c04
scholars/PERS_9f398436.html,910,83517af734ccc39a691d0b4f6cb394196d46a5523a1b39a1a3e3494e727ce1bf
scholars/PERS_a0264ac5.html,955,ae0b1e41e2235c89ffcffd8abbb7797a2d734cebfe376ed2b67b43a4725b9aa0
scholars/PERS_a0f3d86d.html,944,6ba87cec216113a519f309b04b432aff02eb53449075e4bc23374db32c8e73d5
scholars/PERS_a1484b38.html,962,5b0dfa758221094ddb87644c98ee47ab9aa0ceeb3bf8571b2dcffac6b6a03e01
scholars/PERS_a638a4b3.html,944,9b05d879e0fc6822f46a191326360934c605c0539d21770be88c21b8ef632d93
scholars/PERS_a84aedaa.html,999,dbcd5fabaedbce6415a428d33a60239989cc8063d8904cb408ea1f2ca152ed9c
scholars/PERS_a8983673.html,912,8ef28563bfbba83fd88664cd504d4a3fe0c205f1590f7e9c61f1c16054698563
scholars/PERS_a901d460.html,956,1844bf260887c21ec14ee0659dd364af261e04c445980c1e84f6e466c9d3829d
scholars/PERS_aebd34a2.html,859,13cafbf8d3d17c04adacef2b49f7310edc999ad3f24094a487721bdbc8b4edd7
scholars/PERS_af811d47.html,944,ba95d564fd63dfb86c361d718ced6f6f6d87ab1f96329e787fbdc4091a8f3c22
scholars/PERS_b2c121e9.html,938,5d54c51e2f19a07f52abb0554c825ee91f855dfdcc3757c9d83c5eaf3d744f99
scholars/PERS_b5dd77b1.html,965,9240daa3541d67826705d2f65187ee9c7c5ba2afda2a91e48443f0269eeef587
scholars/PERS_b62a9567.html,953,6f76c820bde557f490542cfed138efd807a34029db75abc79cd70f8fbc2dc479
scholars/PERS_b76851a7.html,916,6c3594d332b7bf6e326602e565c49d7dcfb02771bf91c397f48a117b416d7904
scholars/PERS_b881461b.html,932,fd80be000fd3862d21c737fc5751ef6ea927a279bca06c79b989601425e1afbf
scholars/PERS_ba81468a.html,924,e7452b2ab1c673ad0321a25e08debd34af736d57ec319f4a0baaf8c338e9ac3e
scholars/PERS_bc97fb65.html,982,a6aa31bfe02b32d6800f09fb68a1cd69c9f8f907cbd979f3f4cfefc54d9f8720
scholars/PERS_bcaec2d8.html,942,0e7e82f89d6cfa88490d5b26102bcb7a23e4ffdd834b87bfd9669e99707e5e36
scholars/PERS_bd77e495.html,938,7af7bbd3502083073359fb85773feea81a135e505c0fa554c8534d8db012faa0
scholars/PERS_bdaaf440.html,906,c758f8536ff098bcf9f41c3e022fa1c129fd97b1325aaf17e8fac5f92573582d
scholars/PERS_bf91d4b8.html,917,1d6a80c0fdf73e7291f56d6cedfc0a481f1956bae3ad87dd539bf6507679f32b
scholars/PERS_c2ffc606.html,904,1eecbe27cf4c0ac1c2c75302ae9f84db7fc29fd251c64dea500e07e3ed46bbf3
scholars/PERS_c31236d2.html,916,78603f591e8b7a47d7e143ae8ce5f7b96cf12f82a7966d9f7507eb4635be79b8
scholars/PERS_c48611e0.html,937,7c5b3b6b633a76be3d238604b73c96a6d3b6a27a7d34a0fd4cedd69501566b84
scholars/PERS_c52dfaa0.html,933,ce46d115a8a68e9f1406341cab287abf51e02d8454e3abe0fe0244ec34f9ed39
scholars/PERS_c5677a3f.html,911,b941154c08e8c06816502161e4ab5fe25b052dc5fa6e30953a36a0f8b23c9657
scholars/PERS_c582889e.html,872,484c8a8606157bad39ce5431ba453f10db5a366701f90493713fb6d378695b0f
scholars/PERS_c6bbcef3.html,933,7986f0e855098a6a30cbfb94cdc8efa69f3dabbfdeb22985bcefb944f087f155
scholars/PERS_cac87738.html,972,524622d46b30e00b6be778beb7b30b332ff54105c1761c0785c3effb18398b60
scholars/PERS_cb52ebc2.html,966,5c1d4bd2bfb80cb8a8313f2d36d2457b343513a8182baa4da0a04215511cff7f
scholars/PERS_cb967ae4.html,947,b82a56f2d86b3256e065e79e8987f5e5bf5550bda7535fce7beb765ed0ccc126
scholars/PERS_cca8f93d.html,938,b8451d28df8f5c577b89ad62465f36b9e1215a4349a84a58ccf04228ded29410
scholars/PERS_cdbd7a15.html,945,0c1ab304e1f26707fda1c8eda7bc209ce97f28498575ec83da48e3c845f80269
scholars/PERS_ce100d3f.html,891,f2f68b0022d406e0b4fa8ec1f92568a59e1699e9bb14b2694b75efd58c02bd25
scholars/PERS_ced3d7b4.html,889,5c73539e0fa7d86833a3250f434507155faaa4e8bd5fec0d3e4c4eea3c1ddabb
scholars/PERS_cfb92c5f.html,928,a405984ab89345ba0ebd805b90783a0a21098a63eb4ec958a859653848154fad
scholars/PERS_d01427ca.html,915,77e3a87ab7a949c0e408572741545e47d4739145ee3186985076589779fff13c
scholars/PERS_d218805b.html,936,1e1507ba3007929eccc744c747781c75646389f0df73d91951b273ed9adf118c
scholars/PERS_d2559ba1.html,921,7a4a0d993ab63c93fcb93fb393d09b2f03da86d803a0c353ac52135f76436805
scholars/PERS_d4c2cc5e.html,939,91fdb17532349fbb09c73b8d6b2ec5a28b8df0804ce461dce7016f6c7be9b8cf
scholars/PERS_d98da899.html,948,5bf54dd22146c9b829f37462e710c4cc7560443ebebe6bc424a80acf51cb5850
scholars/PERS_da862dde.html,915,21a0fefbbf97decac3b11e3142aa8b8e8b97caf5d1257847e48426824e22e455
scholars/PERS_db046be0.html,910,5a9323c45c22b58bc4f0db6e543238a89252299d02807781caa568791d5ee829
scholars/PERS_db0a826b.html,922,3a9a6938528f686c9d5bad201c46728363f63448af50295a682310b70a38ad04
scholars/PERS_dd7de77e.html,933,e0f735fadd925375060b6603454c658dd2d0968cd5d3616eb106d489f7b1c9e0
scholars/PERS_de59a2bc.html,905,4994e1c81cbde00afdd5e850c6510f68380149188b4504d885358874fd20791a
scholars/PERS_dfaf6803.html,923,8db14175c3633dd1ae8e5ad1f8c1912839fbcce53e2bcaaede236e88baa2e48d
scholars/PERS_e1d622e5.html,921,080345706fae271884911e7fa4450646f90ca288cb022d159ff7c6f09a34e1a2
scholars/PERS_e1dd6b3e.html,940,97d5a5a985a13d1d3f2eefb92a1405695dc8b6ed0b5fdf44f9842b41ebd619fb
scholars/PERS_e30ad8b7.html,916,992babd695b319d73de28334dfe208ca0aa362163f9c0853f06feaffd61b73c5
scholars/PERS_e31ca12d.html,910,5465084d2fae43a921f9ab912aafe7ba2304ff8c09191366f7cd172d743c12cc
scholars/PERS_e4aab278.html,949,2a0c8617dc1e78aa6434eb0f7094eee71340d7b88dfc44dee046d461cfcf9e85
scholars/PERS_e5a5ac24.html,955,972284870fbfbb0710fd33875806a87c8540086a1ee85ef7a39a9000ad8048fb
scholars/PERS_e72d4c09.html,900,860d14cc3b6a4afaf6ca93b9c26ace11135fb95a56b440f31cc4f432630efc1f
scholars/PERS_e9545a0b.html,905,81da5ee9ac6d04bd14fa99bc790e9223e6af2799d7f8b7d249a15b67fb0cbc35
scholars/PERS_e96139bd.html,938,e0c636c2c1a6dae74bec8f591e9a9455e2a9378519ab2828ebaba3c5a8f4d6da
scholars/PERS_ea44fd14.html,960,f726f7005fc12824209352114649c22605b63b181f5c60f2686430e80892312c
scholars/PERS_ebb6d156.html,960,d388d837bfce8092b51723a845950f924c19b96f66f07711bc89a50054f49e68
scholars/PERS_ecdfe667.html,959,4a3f33ca4210b551ae49ec021db57d528b1411bc7748abd494176d9d1803beb5
scholars/PERS_ed83f502.html,943,d87df8903209b470f6fd152861a7a8a458185f7c1aadce66a44dba1d6de255f7
scholars/PERS_ee3448c3.html,972,fb6b53cb15815c64cd76d6018f223399b1516b7b5f36be93cca1a455a840f459
scholars/PERS_efc88709.html,933,0e84c2c81d8abd5040b4a595eb1aa5fcc0eb757d70bc8fa306c82e23590e84af
scholars/PERS_f074f69f.html,995,7d8b3815d63171d1c99c225c3e9d24132834f22aca5955023002c5a64cd5c9e1
scholars/PERS_f19cd8a1.html,866,f83af33b7dd2bceea7c17a29f60afe42a97db2951fc224abcde36a98ac88479c
scholars/PERS_f1a308b7.html,978,fe4bca45a3dbd95defebb62f9dc7c9de1e23878a672673567272d45cc61bb6d6
scholars/PERS_f1f2471d.html,927,40efa1832d36131fa82d4836ee894cc2f6e4f43e21729f09bb11ee3a8bc74144
scholars/PERS_f2fef030.html,898,cd7c99162e79b873841318873dc807b48a6022fa5219e070557d27c331498b3d
scholars/PERS_f56c5a7e.html,916,ba238bcac6832a0a269e77aa4416f5fc0f71eb5a589ddcefdae6a1b5d8c6fbb0
scholars/PERS_f5a69b65.html,967,22b42885b395eaaf22ebb8f58ae10ca5152b431906c1e718dbe36a600eee1015
scholars/PERS_f5b8b340.html,928,e760c53662d9495e8924ce8f086c999710e21216e3da980c137391997dabd321
scholars/PERS_f619aeed.html,905,0ec146fb0ec369b521fc355337f34fc2c4403116ad11489a1cb75571c68223ff
scholars/PERS_f82b6a8e.html,922,7b4f864794219c1c6de2470a1598c296cc1c24039cf3446e9ced3dbb3e084c25
scholars/PERS_f8ab5755.html,943,36ee38f1874819977aaf07fa6e2b67796697602f1848d781a136f86b3ede22f5
scholars/PERS_f940c5b3.html,956,555c56f0c0e8d6dd45be72e7409e517f23564005106238a961236739cadca919
scholars/PERS_fb25c80f.html,944,a292ec326ff7a02e211d07310ab6dec8c02b642e657442f8bd19e96ca5ba7a1a
scholars/PERS_fb73fb38.html,960,33895cad7ff694d28598ebb61c97fdd1f552f75e0c2f6d4b253b33e9ec4bd1fd
scholars/PERS_fc976255.html,888,ef33997744c82e951445d1419ddcdfbb34b6b4b32a5a29b44effbbf136d4ba0a
scholars/PERS_fe03c926.html,945,1991174989653899a1380f6ac64c50eb815b682eb30ae48277d21513629aeca9
scholars/abinyakin-vladimir.html,19802,eb98e2699990efd8a9f3650e2156ae0782b545d1dd058383855db51c20a03d87
scholars/akimushkina-ekaterina.html,19953,a8881115430b1940be23b0416631ea5bdb4c1c1512295fd183bd6d95cdd41a52
scholars/albedil-margarita.html,34102,cdc011895f47e0c7373c6193297c6cabab3d18b791337ddb1cb3dada961912da
scholars/albedil.html,955,7bee7afa925069f5b683fd0c2194cd9ae45ea46ed873440e3269d6f258f412fa
scholars/aleksandrova-nataliya.html,1003,ef957e21c39ce7d73609193542f236099dd751f442952707b1d0822e94bb70ae
scholars/aleshina-irina.html,19017,8d1150ba4af71eb50ceab18d51c5d29e48d6db56d9e6df20d0a0b529122dcab4
scholars/alexander-babin.html,36770,3b714687426b7fe1842d836c337673fa5ea101ea046f5229f41855b9c7755f76
scholars/alexander-dubyansky.html,40326,b81de204569f53687eb17522a137ae1bc7a7dd4a760f0a0a84199f8643fef8b8
scholars/alexey-vigasin.html,26294,df6e8c257935d26611c4399869d0923b14fa01bd43a0321c1df46e6bb17b3fcd
scholars/alikhanova.html,917,bbb757af0b50025bc0226708636e20fe603853c0cea17b0d23b777ae4e8a8335
scholars/anastasia-fiveyskaya.html,22797,494ea6ee4133857ec0ff49c0c47ab281528edb238dd46847a6ded1b4b2c97493
scholars/anastasia-guriya.html,30676,fe7778b38cfa05cdfed6b4c960611ef1615395f50dd9ec26d09dc69830941515
scholars/anastasia-krylova.html,32436,aaab4efb9848c89dea97519e1e909d08f83bc9bd4392cb41cc3e67ca1e0e5ed6
scholars/anastasia-lozhkina.html,28289,e68cf7d0ef1ac477f818bfe7842cfd5eb7f1d08bfe41710ff5a6175c94c816fa
scholars/anisimova-darya.html,22389,7dc363d767576875cd2a85244858e428b7c2072cae054d85fd6922727b3dc613
scholars/anna-smirnitskaya.html,30855,626b4173165e4fcc86d7caeda13a21c5efb26e0d8df19ce8010ac6f8401a3e54
scholars/arapov-aleksandr.html,19379,2ad62d322b471756bec0e390ac4dd6719cc451f5f984e71dea672554248bb9cb
scholars/areg-mekhakyan.html,41636,6fb405deaa3021f70c783f9e52dcb2c828a01793cf549efc686aa9f6dadb3712
scholars/atmanova-8c4df7.html,923,ddb3280ebcdbe4d6dd27d759b2f2954c68a534475163ea5301d7a24a48f34d41
scholars/atmanova-yuliya.html,26136,8c90f2b6fc21e5c478a8519836b5b565fc67a030bd87ecde2f9c1ff0906d2b26
scholars/babin.html,925,d4ef2e4b7d2be8010881e2a2c97ac1287190be12f66feec9199b18b5370282ff
scholars/belimova-vlada.html,19256,1494809a3d9224c7816cc810e8e5aa7350391e7f8396298c0246aa0a95cc9dd6
scholars/belov-vladimir.html,19588,ac313740d0ebb6630904c8fb8bd8478d58d35adfbf98afe28dbd2e0a575489ec
scholars/belov.html,914,18d77540efe3e99550149baf2ff510591e1cd31a66bba786b433842fa227f688
scholars/berezkin-yurii.html,22509,8a5fbe423f849666854ed7a106ff3b03378f87458c72c0b740c5fd7d82f726ea
scholars/beshchuk-yuliya.html,20376,da12daf151b6a3b36c839a15f5af2b43eed3ac383ee707419b1b91f03a6f75f4
scholars/beshchuk.html,910,1e9b2511411d5ae4f46a949b058d287ef0b4b89109c051603f9698e133b45ea0
scholars/bitinaite-elena.html,25063,67615cc4d8febb8570e8753784deaf4cbb417936a21280f992eb546ea6814647
scholars/bitinaite.html,929,e3460f63059c7e9e4b789571e555dee1053fa2fa8788ca572875ca2da427d1a8
scholars/blinderman-radkha.html,23866,7b0d6afd3cad09548aabb267900175bd3896895bb629f9824c91b89a2247fb70
scholars/bogolyubov-mikhail.html,20353,0bbcbf2774b6d9a699c09cee01079a8ade340a816785801781ad03a7782dc5b8
scholars/bogolyubov.html,951,b5e2024fe5f6301624dde38dd1e3836ef700a6ade3c9bc7f0fd41425631cdb42
scholars/bondarev-aleksei.html,19995,7cdd995ee7638dcaeca0337bef466ce988576bf06a6f13fefc496d41eb5a6303
scholars/borisov-yakov.html,19640,76cc2731d139dab8ca745feec6338ba855ac5f80e5ceb4e16a7982ea1a0a7462
scholars/boskhomdzhiev-mergen.html,20976,a530c24ccdf5a8adfe15446ce932fb84f6c6433d498d9dae2196335bbbdc79cd
scholars/brosalina-elena.html,26762,72a8a621a447fa7ff2bc62b94d8c315c5537fa9eb2e7e4f923525d5075c56ffd
scholars/brosalina.html,929,032941498cb92797157d2a7931d58eede740fc92cad984f0308f403b3e15af67
scholars/bryleva-natalya.html,20549,7b8f5a03be7d3acda4955f6e379fb520cb9fdbf0cc74b8c08d8c6745fb1a584d
scholars/burmistrov-sergei.html,31475,885912abc66ad9096b4e07094737ba543c447c8fd599445b59dfcfa6170946e6
scholars/bushuev-evgenii.html,19447,59e9efdcc930a7f8ce1071b3b02728fba326f6d0a19bcfeb7f6d43a819fb5986
scholars/chelnokova-anna.html,25682,4539cd77572464049113f0555009558d56d1e64a3442d6cd98befccd78222f83
scholars/chernavin-georgii.html,20095,128ff391ebcb309c46aeec630a5306508bdac27b3e0258cdc494e328b2da070b
scholars/daria-vorobyeva.html,34915,39560ea6c4f9ad873d0a828eaf2f3685865c88c55e1c2ad3e18a395ae1c7a559
scholars/demchenko-maksim.html,29788,0d8be5e2dbad2e066fa8fe01ff1d9a4b798ba97af24fc1cf45d6977e983e0378
scholars/demenova-viktoriya.html,20484,a0009efca1e872ef0c3bb6e78716a8ddb4358fd7c061d8398f083e0ebbaf5745
scholars/demichev-kirill.html,21600,2044b63176872eff4abf2250ee86d520bf40243bb51cf6ad4eae47fce8143182
scholars/desnitskaya-evgeniya.html,35211,6b8650bb4e12b15c7815115583a6aad0c3c063a3ec088b1308edb91875fd18fe
scholars/dmitrieva-viktoriya.html,19493,b34ebe399b47c99a072224a59994eb72b82d910dfc56df8140625fcb5dda7d71
scholars/dmitry-komissarov.html,28007,31b29fdf0cf183cf8ae0daa44839727f0ef2ffcb823b24c45c7a5c21967d3272
scholars/dmitry-zhutaev.html,33997,1d39f235c28bb850091e467d0f8f454563b60caca8b2a8dc080ebeba2b681136
scholars/donchenko-sergei.html,24929,4ed8b91b7bc5b6c125bff5626a90af38f5d6ea3fa72851509bfcfc7ec21fb941
scholars/drachuk-andrei.html,19353,d9ebdcedddd80ee9c236b6ee8cc46cc0db40cbe03c9951224fcb29ca4b610d29
scholars/drobyshev-yulii.html,35918,37b23e46cfe1816628d148d5b57a7cd275f079a876b20d2fe514ecde3ad6429d
scholars/druzhinin-vladimir.html,22121,04bc98b4ed71c2b8591100a64bec57393cae01a5c0621ee1d0908d7dc0ecd190
scholars/dubyanskaya-tatyana.html,24522,dc44077bd26229cc166052f9401f4faaa62720f1748ae310d5e7da4ae789769d
scholars/dubyanskaya.html,981,6eed4b3625ff51a300c16a79650f419208128f91247a2a5647d9cf89070cb224
scholars/dubyanskii-aleksandr.html,984,3cdbe17003fed208aab7bc06e99fd58ce33712a1867df1acf749a0af77c08062
scholars/egorova-mariya.html,22185,e572d9283e39b324fd55a60cd4ee77ed569634019cc484a861ce280dddcdfeba
scholars/ekaterina-yuditskaya.html,34614,348313a72ac2ae338c62b1fee6eb1ed639f04233511099342dff18fb81f1805c
scholars/elena-yuditskaya.html,973,313a0eae06297ab339ea4044f9f8a71c7764583177a7d6fe027a8ca990da8111
scholars/elikhina-yuliya.html,26342,3fe63227a3cfb32e155453c6b597f20d856bc5dadb99c9477215a6117ce3ab82
scholars/elikhina.html,898,acbf384bc0d432d6a696fe64d3dc54ee94eda7c25a9617a5660dab8fc6f9344b
scholars/elizaveta-kuzina.html,29294,a4998310f9167183ec88a302282b382f41a3eea2abd02a3f9d9af620774f4b99
scholars/erchenkov-oleg.html,24935,a8b8bcfa0ceb0c9808cc6776e6dd087b27d46336bfc212ae0b6d5da31036cf22
scholars/erchenkov.html,912,f24e30c2729f7bb1c54f27be63a919373932fc3aacae82b97e4e65e9c83bb66e
scholars/ermakova-tatyana.html,31291,cba19a44012b230471201de58de06a80706e4ae7e60f39152c515e539342c031
scholars/evgenia-renkovskaya.html,28172,26ea1dde815ae5fc402581859b560e963b5c3bfb97b558ac1d3fafd9c0e9336d
scholars/evgeny-ulansky.html,30218,109b6d364dda23cc0b58a29a8d4a7f8f6755949b20a6f3b7387e2b588668184f
scholars/fagradyan-marina.html,21168,fdfcd94e7216d4ebadf46f2d12f0edab401453fbd84f7a15f89456c1c5df2141
scholars/fedorova-natalya.html,19898,7116013c1be05a47c9db4386039d13f8dec17a1d76f4624ceda366051651d808
scholars/fiveiskaya-anastasiya.html,990,50c7135704e573f6ee9d2f108697be211435885aab489f222c3612ca68688aeb
scholars/fomin-maksim.html,25563,f494f5996208ca8894b7417a721a63bed936970e6f58b37eb52fa9e8b4aa2a1f
scholars/galimova-elmira.html,20085,8862ac2a0ac3d89d2f8381d1c6e4f46012e258425e2a3dc47f196bc65643fb17
scholars/gasuns.html,886,f669d1e2e23f189f1017955bbd79dc7704d25c068f5044c5247edb51d1a99fcc
scholars/gavrikov-denis.html,18208,7a41f873fe92b84b186027b86e4887a0bbe10484383bb49f8c1136af7098b664
scholars/gladkova-anna.html,21365,2256c587693ab8c60ea938acdae7d5449aa8549bf2b0055060708cd2f56f3fb3
scholars/gordiichuk.html,969,44c93d75a80d4773d1ff917711a14529651794d5a927ecb61ddfc525999f02cc
scholars/granovskaya-khelena.html,19782,898d6b023b0ba3bb6c06b3330bc7c79280d76f779d22b2865f6e9f45d7471594
scholars/guriya-anastasiya.html,942,4337cdc3e9345d11aac27115603d6a9a568f6e778e9adcdaa3251e3bd0c4bc58
scholars/gurov-nikita.html,22630,61d958756b2b29e0cab6ca577f5622abb225f426141ee7f8e47b53c35182d165
scholars/guzevataya-natalya.html,19508,40f59dee5a822cece7090defe3b395bea29589e0dc4422ad32d2541b779383fb
scholars/ignatev-andrei.html,33618,0c46417ff5e57e2473cc2db6ae21a45d084661db5cb14996693e228bbea026b7
scholars/ignatova-mariya.html,20701,dd9349184cdfc9846559b213d1990fecc3bca264593725f5d1f4d0dac9f12306
scholars/index.html,70980,9d8973cdb4af1b303660ae19021edf1973ea16bff91d012335a15e90310ff434
scholars/itkin-ilya.html,20069,a633f01f22c3370c8c848abde3f19621448a1119ca8d04e8c172ea62885a0551
scholars/ivanov-vladimir.html,23203,1ec7adffd6fc165a6b0cdfb67490897a3ad4e4eecf212641756816f77c669dac
scholars/kanaeva.html,927,c9351cde04c00dff42a931d8983669a4064fa226e4fe7f2fba181d05fc72319a
scholars/kardinskaya-svetlana.html,19832,69e9073be302ef7a8038c846a37062f175a17de9195308ac2e29d58640317bdd
scholars/karysheva-irina.html,20138,383e775fd163b7eae13b84bb0a9cbd358ecfc4544fef6fb676b8317a65d035e7
scholars/kasym-sofya.html,18664,fa9b4b4ba9ae1d11c90212e7a7d215746338c079faf656545a18c9d0362cd385
scholars/kavalevskaya-anna-1984-2.html,20610,7c6a79549e56469dbea5f1d639d77ca2d76d090d9d75b3ecc0ea2deb8b789e12
scholars/kavalevskaya-anna-1984.html,19651,f27aaab7bcb0bb5092c6d16ce03ab379805f41dd9af94823264447250b09ce52
scholars/kesharpu-ekaterina.html,18499,2dd34ab73bb332ea3193257d446d87339641e92acf18ccebe46554de64e53362
scholars/khardzhender-singkh.html,18093,30e5207eca1ab9d9602515ddcc404fb5982f60fde97ba6031c887f5354f78e18
scholars/khazizova-kseniya.html,20622,5862304d1c43b8bbc0bd3640fbf93d85039ab4877abeca7fb9ce29decbeef1b5
scholars/khmurkin-georgii.html,25854,9368686cc908501b1ed6031b4e1f1196bb43b3e97c65dda1adfe2b2d5ee0a8c8
scholars/khmurkin.html,933,b75b345548c804829c00518bffd43bd9b44ab38d3d439753a1f56caa95a2fc0f
scholars/khrushcheva-polina.html,26714,b5ad4a51bdf61f608c290100ad5d43a36f8c15c6602711b08d3be50cb3656779
scholars/kitinov-baatr.html,31794,6fca4d4dc805a30afc27cc5f36d92bb499dec29b98c596dde5af10beb9d01fc8
scholars/kitinov.html,887,f2cddbc86556a0e54fb2026606246125a13a9fd7e2d49f645a1c05fe15273e49
scholars/klebanov-andrei.html,21156,829534e1909440554e2cb69f7ef36e4b0a42b48da4d9ce4032b5981f96091449
scholars/kogan-anton.html,25762,9b86d3309dd1186e21008c2ca5749a637ecae18795dff5b78309f7047bc748c4
scholars/kogan.html,851,8c1bf8899ac89dfa572205b264e434fe6fd1f526b5461c31719d4165c2035905
scholars/kokova-yuliya-1955-2.html,19709,f36b6a73aa1ba082a173c0e2618c9673afea711250553de4bdf8ad1a8b37f7db
scholars/kokova-yuliya-1955.html,23548,9b7ad0966c36eedf422dc1311de52cb9d996234ec5c6eaa69569d808a10baf9a
scholars/kokova.html,917,4220ab243758f7748cef16576eb94a32eba198e184b02b81a9a9bce9f9c32885
scholars/komarov-erik.html,19484,9d781f8b353fdfde46eaf115eb3a26f4c9304be1042d792768c06fe5018f033f
scholars/komarova-irina.html,27298,8bb64553a3eea52b82a2dc4a441278aef2741fd3c3be6081ce24c9d5e7f799d6
scholars/komarova.html,917,379f4dd2b9ff934548c3742a71ae1b731b705ea7e60148d2aad898b3a06373ac
scholars/komissarov-dmitrii.html,966,2fb0a9d110f2f5d80c05315d7c2103a6d7dfed88a7bd82fba74e9b5e8b4b4d69
scholars/komissaruk-ekaterina.html,20733,a5d5af76b3d3bb0c79b43365c381c55217680d378e5e2df6bbc0405de1b4e95b
scholars/korablin-denis.html,27826,495615440128d605ee74acbcda0080514ee20494b4e5377f768bee71d0ef1287
scholars/korablin.html,935,1575f003d17f30538c173ca9935c7c20e0e8dfbef05c092d5765d61575e3c84c
scholars/korneev-gennadii.html,20381,121c29d655390a6489bbfcf6aa01fc7a60647f8a61d18d72238e8d91dbac0606
scholars/korneeva-natalya.html,953,f7bb78a32ea46d14c025cd1795ffb8447f9400e8bf7fdc615ad279c613293926
scholars/korneeva-tatyana.html,19141,19eb3e5e0247cec05f96c98bc0a7cfaa699e6cd7deb38013f594ff502f722631
scholars/korobov-vladimir.html,19201,9e4cc1c67c3434a849e27a70a2787be8472689b4c807d5a39eb820a711a30bfe
scholars/korobov.html,932,8d70f71af79171c4bfae8ca0503d83e84522c13d5e4073754b43463ce52f04c5
scholars/korovina-evgeniya.html,26194,fd2fae13f45426c7d1fd701b90759f3d5009e4e3461124156c6dea19ba238ffc
scholars/korovina.html,956,f8870dd91e7e1ac2be2b04ecabe306f64a09b988b07c208c7170b02b23232dc8
scholars/kostina-ekaterina.html,27480,ae327226443f4111923d69c343f367b7b5718ca2cf9b5cb36154fbce02d4e6d5
scholars/kostina.html,967,1054df8c139052f3c6bab86ede99f9733fe12f5e97b2916307f4aeeb9f6b6ce0
scholars/kotin-igor.html,25593,c7b363a9077bb649d6047236b7744c68457023d5227b357a1e301f3c9ee70daa
scholars/krapivina-rada.html,929,0d75f161a6fd433dee5821781e3bfbb1e78d02777b6f0673dea42e874bae2274
scholars/krasnodembskaya-nina.html,30656,7217e96eb7cd0f2f21829890f11980fdd284f78d18ab288d28195b184e440f61
scholars/krasnodembskaya.html,984,ff36edfc22019b02ed2a260efeeb64c15fea42615e4cbed44f987e0913101591
scholars/kristian-lindtner.html,17803,31c0a232cb68f938628a0e0ef77e45df9ff1e2ca87810b9860f307484785ea0d
scholars/kroitser-svetlana.html,20741,b476de91adc0fe78ee719b84d0e6a5547087dc4a41d6b6130ebb79e6f84f4f9d
scholars/krylova.html,943,0f356ed7a716e22b321b0cd6da65af85e100fb1147b275b3155e2f5e2c567e32
scholars/kryshtop-lyudmila.html,19538,f0c2f57b084cc20e5427c4f27c33c8a3e406311b8af6ae203328a52f4f16f9ae
scholars/kryuchkova-evgeniya.html,19169,e035e29e5f242d70e8b151865771f90929dcaeeffd4e6fe54a28a6e84dc6b0f7
scholars/kryukova-viktoriya.html,22743,40792b2eeec18399639accce579156b86e4e8396c327d36c1df3e541be5b1080
scholars/kulikov.html,904,f544d5abda347d032ff82909beb5d5ea42dc4ea9fb7361f7b38ec2d63288274c
scholars/kullanda-sergei.html,947,61e69c53f335e3dbedc8daabed67e05c8d8126f51da5713f10a87febc3490280
scholars/kurochkin-aleksandr.html,21638,90b65c3506048cbe35242c72d504d032c554d2709eb515a4f18b534c63169723
scholars/kuzina.html,925,addecfe4bdc1f2a815104e7a73c2784be4019e478fa89e71fa804d4fe7472bd5
scholars/lapshin-ivan.html,19360,d83cfa09ea4653bd27e36f5bd955ac079183e98cf6aaa058e9a6aae381335689
scholars/leitan-edgar.html,19407,b9e8437536f4da18e61ea17ed06a35a174ff6c510439460220de7fad5373d281
scholars/lekareva-eva.html,21969,e9f1b8aea0655652b5bff8d6348952024183cc2ba163b04f83f240ac8a69494d
scholars/lelyukhin-dmitrii.html,28246,65a1590a5ce729e0c0038ecc83f265f415c7cb240b88b59785b3ec71da5916c0
scholars/lelyukhin.html,939,40407152f15c125d83c5e2c201d1e68bbf162a22f75ac6adb24d96594e6eb7bf
scholars/lemeshkina-kseniya.html,23740,4026d624053aa03c46a86b10259f478e93f9e7c475b99e7b4aad9bdf95778414
scholars/leonid-kulikov.html,31810,8f2782b8891697a6f6c745651f045975cbc0dcf58b260d80d4cb2210d2299c38
scholars/leonov-mikhail.html,21880,46f9506189a5160fda4897a6ef32f71047e186fbf8f1a7fd4d1898efe2b31344
scholars/lepekhova-elena.html,27385,b97a02132b677c243a87eeb2d007c98a0441e862e187a5fb8c86aa75fd3add7c
scholars/lepekhova.html,917,9b2d8b138db2418a57e5583a63cbeda888ff47249ea8971bed3a9479e433126b
scholars/lev-titlin.html,28949,6257c30607083a316d8b29be14f6dc65f9d2376bb77ee92cc33935d28fa80533
scholars/lidova-natalya.html,941,f0c7f7f7285652bdf1d738b0ddbbc6b1591f853cf80b93f12994bfcc19d00723
scholars/lobanov-sergei.html,25196,d2d4aca0536f7f5cd0914b416b3d4796ac49b86af18542f8763ae918363819a2
scholars/lozhkina-anastasiya.html,966,1cb01e547b78fbd47647f873ee449d7d5f69b1d4f06f0af666c8f250398229c1
scholars/luchina-tatyana.html,20871,ee11559791e890a7231966a3eb61f5ce855ad8043352bfa47e81d524b5bfa1b9
scholars/luzhinskaya-polina.html,21898,5f866794157e8fae4678d3e1023c539eaf49dca58f32df83b9cfdb1487d669a7
scholars/lysenko-viktoriya.html,948,b880c295e54ee6d0c864b26da6b2ff7de97dcc45ce00fbb91cde882f526f953d
scholars/lyulina-anastasiya.html,35151,e62126b777b7476251135203f8dc79c64531e88a06fff438118fe58e73a944d9
scholars/malyutin-ivan.html,20897,2060de1cb0219ce0d4161060436faa7dba1195061a86800b621b866c0fdd775f
scholars/marcis-gasuns.html,30065,3b36e83ff4259927c5bb5cc6fcca2087831e9f737a4d5dbc22f6c6fce00ba901
scholars/maretina-kseniya.html,21662,129d71cdf53e0e98f3c29bceefb2f09a2e8e2ea0751a66b03db212a46311c61a
scholars/mariya-shilinskene.html,17732,9507f57f6109179253f3eba084649ba6fd1928f8458a908bfead8c7bd7961712
scholars/mazhitov-sattar.html,20407,8a8dee2041878234a71376b75668defaa1d8325a26821d6e86ad332e99ec3323
scholars/mazurina-valentina.html,24656,eb149ac1a0e20ff19a882ad0f90dbfd9d014532a57468fc2aa7688157162e873
scholars/meitarchiyan-margarita.html,22350,f4511d865c009d70ec80768fc9c3c9f394961265cc4d84a03cd5d4b49b6da523
scholars/mekhakyan-fef030.html,901,4bebae30809691c4583b67a4d123e3bb390921768d0a59ebcfd29533f7921488
scholars/merenkova-olga.html,20273,ad3796cf6ec13053379d1d3fcd24c4fab6e9880accda4fb5da543fdd5f6ac1c1
scholars/minaeva-mariya.html,23178,6b8bc5fd2f62142c17a30dd93d1f6e847ecd0334d30a86729cdc5b01f2ba2c4a
scholars/mitruev-bembya.html,21038,6a8cbf634270a3e274529e64466dea6b064cd6b319d7f548e5c74ad2d03867de
scholars/molina-anna.html,22377,454a526bd6f902ab842a71936a697f9e768f8d90e51d8ef4b417c306d6aed3f1
scholars/motyleva-vera.html,18690,4629d782c8dfaaefe942e41c77c6d99eb5e7cd1351f1c859db2932b97bd5ae13
scholars/mrachkovskaya-arina.html,20357,173f7281a023005f46c43c05f715923e7980bcbfa6cd3eec13647b89c5ba9383
scholars/naimushina-darya.html,20296,0dd6ccfdb0843d2ba9c90b724db29bffce8612f9bd51db49155bd1dce611c8f4
scholars/natalia-alexandrova.html,48407,9c9b603d56e754c3b58088df27e9a72fb507c675d23ed0fb6e2e829ade1bc4fa
scholars/natalia-kanaeva.html,27252,5f15cd29af4759c6b02047c9cfa35fab9c7ca2e095f114206786c9bd8a165e24
scholars/natalia-korneeva.html,42682,d029319b23238da244bc61292662ba86005e644ac8d6ed566163e4b24fb478e8
scholars/natalia-lidova.html,39098,6841dc6d5b0b393d070329009d38a998fcc55400cbfba90b0cadaeda8bce08a6
scholars/negreev-ivan.html,19261,68f6f62e4d33b0881edd1c2de99c0e2b94fdc26549958ef1483082590a98f307
scholars/nemchinov-viktor.html,21660,6d16db17217a8213ff02aeb079536a980b51fdd20c931dd26328e152355c1368
scholars/nesterkin-sergei.html,19510,22ed5c0de47d7aab4464c1a90582a0ecdd6ee5817cae2dfe00d5edf363c1b2ee
scholars/neveleva-svetlana.html,21482,a29349c7a18d4ca3f160e55bd03eb431d4bc83250808ac92fa20356a0d132bd4
scholars/nikolai-gordiichuk.html,32780,8f71525e41f39feddb194cceef681e6dc8b8ac4b30e0f08279e865fdd067b93b
scholars/nikolskaya-kseniya.html,20975,c8cd9626b8379108d9c85bc867d3b6f4b11f9a8fc262b7832dd9378d91317858
scholars/nina-budzishevska.html,17733,c53f67326071e50dd5d3531bd5724d077805ec8fb25d8410529ddb45dd7feb1a
scholars/novoselova-evgeniya.html,18979,ffdd22a3b29c21e1c632d4716d088bd26af6aae1e5db000eb7560d63ef23c1b4
scholars/ofertas-stanislav.html,31684,56afde57d4a7e34c85bc547644bee308933b9f389b4afd6e5cdbe0af84388d54
scholars/ogneva-elena.html,35763,a0659733541788b7a07f610efe4b27ea850ef198aa4d88876acf1a3eb9668b95
scholars/olga-vecherina.html,38252,07393e81ef362ff1be3018a4a61646c0990f7bca35e1048b951bf7216d8edccc
scholars/oranskaya-tatyana.html,29109,d2f64feda2e81a02e4550c1e59579319b22b5e2165e7ac54a56722c468bf6362
scholars/oranskaya.html,939,6114edd20f272044a9e4d1584a92f3e2a93a79b3dc834cf8c72d687fb9e67eb9
scholars/ostrovskaya-elena.html,35516,4d39cb918c2caa0364ca33a7d68a042c0a273afd1d4db3906fe7d45f12fff4fc
scholars/pakhomov-sergei.html,31218,30ee7648a617a8474f3e6ffde53a7e3332430dfc06bd360a2bdd76afd0dbcab4
scholars/pakhomov.html,934,c551dcc5b07ccc5a6eff88a4692d8ffde8fdbbfb1978c84f3444b0fa44b17917
scholars/pakhomova-aleksandra.html,22666,a4ac2ad64b3fff885082e04934797587b3d26e894f58b14802fab099f7c3d14d
scholars/paramonov-denis.html,22411,f6e62d04680f239e8a03e97372cca3154818e960698222c8254c8eddf45f8d5b
scholars/paribok-andrei.html,36589,4f13832f695faa7ee91490f1b963e219440cfdfeee512e44579da9cc319827ed
scholars/pavlova-mariya.html,19718,39de6cd3912b82c691080931bc269dd841cadbde868bf5ef01d9ac0ba575d64c
scholars/pokatilov-sergei.html,19668,3c72293892dda6c2fb11baa441cc0609d2cadc60cf4e19cef0f14decf02bc730
scholars/pskhu-ruzana.html,33376,8c13b96f4e4bc0e873942eedc4412b91467a2cb0138db2155edcc7943d9d099e
scholars/rada-krapivina.html,25104,6df3cb17a76d6a3b600978989b6c0991d08b1d14bea8f8633bc468c5302f18a4
scholars/ratushnyi-danila.html,19829,ce7bed41e15a5b8881ee83daa8661966abf67e6afd9562e62a5a413ac787b189
scholars/renkovskaya.html,969,be8d7bcee93b465ad958167fc5acca3a3fcda33426daed77e2f3087ccdf6ef9f
scholars/rodionov-mikhail.html,19381,801f3f1cacb8226cfd4ea2830d4d084141d185ff294810b1d15432e1405a902c
scholars/rodionov.html,939,4139bb41166b4322933f4e33427220dba4f0531d247a941d3bff0d1b63f8a3aa
scholars/roman-liliya.html,18102,5fafc716bdf69b3442ec4d0c2d977ec14181bb94dd1c6c6acd8b61dbf92a7216
scholars/rozhnova-darya.html,19446,10585262093fbc639abaabd4edb1ffed2f8a99b38cf6b5a7cc9b0f42b2c41023
scholars/rusanov-215083.html,929,0163a0605ff26b2b5f3cdd183ee6f9cfd89e8759c927b7d1c2957699887a23f6
scholars/rusanov-maksim.html,27615,1dfc713f0742bf8c06dbe72ff5ace9bdbd7b7b51a2bbdce0e709b014ea28b86b
scholars/rusanov.html,922,1e2d10ccb2aa06db584556eb4bfb206ff7a3f92b998c84ca2e8f2a35e0d119da
scholars/rybakova-anna.html,28728,14e35ad9626402f9af35ce24761b08ad26e9ce1ee0254be80b6041d93bad25ea
scholars/ryzhakova-svetlana.html,953,1acef735c05c4d6c7dd62bcc485c78c4e85b4a9dd9d608b192277440b8d41062
scholars/sabirova-rimma.html,27987,1a91d6820b69c71c81a9db990939dbf394d216ea3b6008b70ec5085e0ab91495
scholars/sabirova.html,905,bb69701ecbecd3d6f7c61fcacc35d3f6ed00e0127701f236012ea3f3c4f1b331
scholars/safina-natalya.html,23018,5d71df1188ccc3dee9e53c970961d672582aa34c9a3cdea6c17173f7473669b3
scholars/selivanova-tamara.html,20346,0c21b602cf26d7b23e64b07d52713485eeaa1236ff71a4bd1a536fbc64c49859
scholars/senina-natalya.html,19207,64cb2fe8a0a13e6eaa63c673645d1b64e066c277cc40dce4afce55440beccfaf
scholars/serebryanyi-sergei.html,19345,b6e479a8f7ad08e967d30b6959b03179e4c3e3d648f351cfdd0edd71bb879db7
scholars/sergeeva-varvara.html,19504,e346474206022f3259812306901fa4ed3ecac7c898bab9a3a6839e8a72600b8a
scholars/sergey-kullanda.html,23152,7c67cfb5e7830d399f8fec8b58e671f7de5db0d622f541cb004875a7851f74a8
scholars/sergey-tavastsherna.html,47488,8f3c29e6465ee36b52de307ade421d7dad4acb5c605b99965b515b100a7b263a
scholars/shalakhov-evgenii.html,20149,26426182643af26fbb451a6fb53c3c9b8f5efa4c0efa58b57b94ff223117d3ac
scholars/shaposhnikova-darya.html,19869,2d3a16b275d048eb155b6740cdc49ecb59281cc270c376f7178f23f9518191d2
scholars/sharapova-aleksandra.html,18820,276c9f0bd23d5c630618f93939e857b57d8c9d9b82c695bc191d2e7ce14886a3
scholars/sharygin-gleb.html,19673,1c13ed619df6ad6f61ec8a3367b3a3980b3533494ddb273a089be00078e7f276
scholars/shcherbak-mariya.html,19030,87a3b0485f940e1dd767a4b57455a13ddbcfda10f5aaa2ecd3569c5b781b685f
scholars/shokhin-vladimir.html,935,f0fef1a438f366d5781740a9c5c2d083558646063d15a850cc387dad9dcb6652
scholars/shomakhmadov-safarali.html,28371,8895053f55a819484038cd63be9b631d7cda675ec8d205b44e4cdaf4159d010c
scholars/shomakhmadov.html,998,8f888c58fcf5cadc69bcad0b63676bda8ccda8ed7f0a2955e34f7817924aea72
scholars/shrestkha-krishna.html,32292,16a02fdd284d020bec89ae820945814047af259770649fd23cd52d2fd17ab4a4
scholars/shrestkha.html,909,2d78cf3d8da9175fb60412ebd6480076a144f052e4cba85663dfaf7fff5f42dd
scholars/shustova-alla.html,37489,62435c7df93aad3e3abe839a01d9ae0e45da0b26703962d607241d1c7be6c251
scholars/skorokhodova-tatyana-1970-2.html,20117,85685d34659b0e54eb272e53df56e351ec461e68190ff47efaeaf004f86e951a
scholars/skorokhodova-tatyana-1970.html,33957,7e901da38a70f1ff7c1cd09bd1bea991c9a23d88c860684c27daa6f4ae0d13f5
scholars/slinko-elena.html,19391,b8d1d4236273b773d8ef77f8faa440a3eaa26e6898913e2b281751b457d91526
scholars/slinko.html,899,953468d9ebf08e6eb97238c85138b13a4df186f9786fd28ed454f21540796a63
scholars/smirnitskaya.html,966,8fb59a05fcc8ac14018613fed7c427f8e50487c3852a4ab1cd8d62ea526d71bb
scholars/smirnova-ekaterina.html,19487,1536ac41c6d3fb93a7ad5a40098a9ade5fc8a56a4d0ce47d75ee2e431b8ae4e4
scholars/soboleva-diana.html,23284,af13bd584d93ed111a0e800480ca0cae8393763ce988d8167237b175c142851b
scholars/soboleva-elena.html,23278,be770f0e3a88d5965f56b0ace090cd29201dfb81926607be4f2fb9a84a9710cd
scholars/sofia-tsvetkova.html,47994,794cdb99b2922e97b777cb188c07fcf085e5d994c1d5c0be2d13cba410eaa4ec
scholars/sokolova-irina.html,20360,0de3c6717b084d60b47e206722ae0281fcbe2566a9075a71f9edf5e3f5951f94
scholars/stolyarova-ekaterina.html,26233,41bb591027d7d199b599687d579cf8f7a82e84728f525f571467d060406650a5
scholars/strelkov-andrei.html,19734,d2a832295fa357c571b666947d74011b42a320808a9126cdf35e134b4500fab9
scholars/strelkov.html,928,94f58d61ceae2ef03ce5926418616d0af3f792c4142a6b17304ea1bd566b265a
scholars/strelkova-gyuzel.html,22154,778471f36c4bc55d3279961d91c1eae0c11af412216be912693859c142f09652
scholars/streltsova-liliya.html,26830,d44af1267f112a56557cd0d1ec289b558c3d0efb9f8ad282d66ffe1c367333ff
scholars/stukalin-gleb.html,20039,3d61982e2a9c345b9e03deb24edb5cade302fb5740e24b72e253a5b9658ffc0b
scholars/svetlana-ryzhakova.html,48378,3388704b53f9fa4129fc89c30b067a4e2b0c6516fcde278b796c6341e467a77c
scholars/svetlana.html,20262,889461ae8035d9eadaf98ae77abfcd40277db527dc4d7e8d52083112375a24e9
scholars/tanonova-elena.html,20048,1aa501a61075de3baeebf70fcf8d7195cd543f7f1f5325d6bd6703f1c3853e72
scholars/tavastsherna-sergei.html,971,5e069db87989ec2ee1ef45128a322a0a0b27b4785e89cde673f8598bec4f091d
scholars/terentev-andrei.html,22767,14d88799422ff5140039934ce2af3c15c10e62e7bfd847be008565be80e2cd1a
scholars/terentev.html,940,094235eee121dcad89a75d6cdab0f8f9f83fb9e50b04f797d202a576e8efeeb6
scholars/tishin-vladimir.html,22111,79bca8a267b725892de8ad29c1132dc2317609e49e406081f917d22bfc10970d
scholars/titlin.html,859,ee06118313950cfb80de72d28588b8f23392f75ed1e617077ef111d72a64859d
scholars/tolchelnikov-ivan.html,21387,550fa085e5292960676dd32f7c999f8dea83ce66bce22a8a2021d5d6402e3ff0
scholars/tsendina-anna.html,21135,58f0601d774e700ecc8cf3b861cce97628392678f97e9462cc9112e14f2eaac2
scholars/tsvetkova-sofya.html,935,23fdee75655c151833f0e3ec61f57934579a7d5f71029678474af83655bf0dd3
scholars/tyulina-elena.html,35889,bceb18897ad96bf3a622699403916f52ac471f13411d70631c0f16d297ade129
scholars/uimina-yuliya.html,21011,6ffe0333c6fb40b235192b8c3864db75c9e309932d58b9fda39d3fc042ee61e2
scholars/ulanskii-evgenii.html,931,b0c1cf948e01876537ad0bcd22bb11cc5255c2b4e84973abb04b5d882c0e85d0
scholars/usenko-ivan.html,18538,8bf0fdbf8ae7c18186ce1abd3b920b6fd9b04d9fc570e7fc9b14328d0db03c83
scholars/uspenskaya-elena.html,23435,6d6184fc1795616288120c008d1a9cfe8a349e665a945d5a7244c4e723112f9e
scholars/uspenskaya.html,935,d19ccab8cca60229d38fe8ea73a7001554b60a72841720d69b599c40b2644128
scholars/v-m-shelkovich.html,911,c11a9663da72afbcd21a5d565d3122c7833abebc31139eca8a5fb4861b7d1346
scholars/vasilev-aleksei.html,24975,36f8f8b12d2c95a226309dd5d0db962d10148ad3ded0d7cdd7abbeb0b292a387
scholars/vasilev.html,957,e60684731eaac81e94acfbae85186b0e2191d779402b177d87e8cdba762e274c
scholars/vasilkov-yaroslav.html,37729,762c9d511881368202b694c88a1b2c94a0a96f6d08196a87531b5f4c87ad6707
scholars/vatman-semen.html,20777,6bbb4f29291c206e503c757b280fd083aa8479407724a2e26f16972b73be03e2
scholars/vecherina-olga.html,911,2ccfe9323b5c42f828bf7406b16e0528593810451fe79609f29f43e4226d6af0
scholars/vertogradova-viktoriya.html,1008,78328dc514c14023e9b070bfbf50e21023fee771af5f1d2eaecbdcdeb086a13e
scholars/victoria-lysenko.html,41179,b003d86bcb871284164a1dde366c2fc2d6dab8c3002d9ad4a4ca9bb3758d75ea
scholars/victoria-vertogradova.html,38144,4fe6f6039bc682db4207ada2d761c6071fbced9cd0ff14c59552ff5cdd5f7801
scholars/vigasin-aleksei.html,930,8841f801928aa2d883530e174e64e80424558436320f1e19625335e085b1fb77
scholars/vigel-narine.html,19008,05b367a5f5281787874ab5307b9c96ea6d85128445d115a8e3539c91a823415f
scholars/vishnu-shukla.html,18163,6f06656c2f86a11831192fb114b1fbb226c39aae99669e87846e8f79dd84bb5c
scholars/vladimir-shokhin.html,27052,5bf7dee5ae4b4fa6dd48a23fdb013e333e4527836c53c12a332c8785793d57b5
scholars/vladimir.html,19805,d3b821f2f7be5b65695ad889e0f0d944c07164d6b499d0c8afc242fe14d3be77
scholars/voloshina-oksana.html,32393,3bc95f790067b114d44907e4b9d7b4c8e586dbf798242484d4d873a4fd3f8311
scholars/voloshina.html,940,6d8c8c0c2c764647d374d449f390e7ac193e1203493ea065a56b07da1e6bfefa
scholars/vorobeva-darya.html,934,1cebc3f5b3e1c56af88366b63f821e5432b94daba147105ed619580cfd7621cd
scholars/vozchikov-dmitrii.html,18313,d23ea89e3ef12c8993591e30816f2b4b8a1b09f7b068eaaee3addbe96d2097b2
scholars/vozdigan-kseniya.html,24415,a18abd371363b753e050adca63dd31be01f622d17b990f616393598da62e05c2
scholars/vvedenskaya-elvira.html,21409,1e3e852b33105d5202ddd7e499266af2979a6ff26c8d9060e9c37e4a1f3d2da0
scholars/vyrshchikov-evgenii.html,37704,5ef79bc2a13895bdcc4b9abef7c36ecd96a59991b04cd0882076df19e584fb6b
scholars/yakovleva-mariya.html,23325,7d630fd1c17aaac85f3454c48a1c6d093e0ade7e483f7816a4148d8b4a5c75fe
scholars/yuditskaya-117242.html,974,f5b3856654f49a34294126ae4607b523ec66135d96da9c82b91c4c588111c1ff
scholars/yulia-alikhanova.html,34088,e2b7ff550e334deb9c44d0d85560039649c6d5a7a397c1fe608434da615f96b6
scholars/zagorulko-andrei.html,19791,c5639a4a1b701b6380b3adab7c6600c36f3c25d066c27a1d5f11cfd717a067ee
scholars/zagumennov-547db9.html,936,6a03ff14d4703fb415af9f3cc793f2ede1554260cb4efbb68e1ad6492b3c74b9
scholars/zagumennov-boris.html,20721,50692091478eb3d2ef4afe5baa476876ad62a9b7dfd6ba82ce5073b38eb3a0ee
scholars/zastrozhnova-evgeniya.html,19250,fa0684bbd8c78309948e899150b462043ac5dadc6aa60e85295a3bf0b68f722a
scholars/zevatskii-timofei.html,19252,b9731a1eeefcbe5cf94473acd8545ec8f816a122c0db2290ddf227ad1d8bcc42
scholars/zheleznova-natalya.html,18999,533518a84e6e35b94b04116a3e935d515cb3c184b72f10c83670f393ce6ff38e
scholars/zhukova-lyubov.html,24179,cab42c7de53911ae167db6c97b96a1139fbe16838f5d888a713a0d2dd22ffb10
scholars/zhutaev-dmitrii.html,888,a034f9f6348c669351bcaf7531e631d4d480b813d3335021477a714940f92453
scholars/zimina-tatyana.html,27074,05371060a2dedbeb26555a6be307e76b1a70c0aa670b0f0622a498be2ea3fb9e
scholars/zorin-aleksei.html,31720,27b7df7c71e391e4e1bf0d0939c4b14943ee7797ae1d06a3f6630d2d046a0ff0
search-index.json,643406,698fc0e312875a5229ed855f1557686f8a4116bc7117ffe7f41d500fc31948db
search.html,9739,dea756f44496cb023a4ba52b6413bcc18495da489549adcf8db78de517c0ee29
site.webmanifest,348,7d9f6bed4002c86a8a58c6ccd57c73da3a21c95b7e7269efec9a53cf8c5228e8
site_data.json,1941365,e16e4a50a77c0e06fe8c119c920c0e57efe23a5d0e5565bf73154bcfe0f48ff5
sitemap.xml,46846,14204e5aacdf464b51a88f2b2adb6582fef71f1a0430b328993c987ae2757e8a
themes/academichistory.html,563,cc871de0b90422a02eb8360cf260d056f8bf6d681f04947c104a148f7d6eb865
themes/art-and-material-culture.html,22624,6d0d3e9c25a8cd9bb0127446103094a1634600269cb2d839edbc75ace36850c9
themes/art.html,592,f5a6ea2b584a7d272f54e982b7ec9c59c41b915a37fa31ee38cb2512e7720379
themes/history-and-culture.html,73240,1bd45b794fbb2e340380c68868d82a84b93706f22d9b5d4d3b12e0ac7c93d6d5
themes/history.html,563,cc871de0b90422a02eb8360cf260d056f8bf6d681f04947c104a148f7d6eb865
themes/index.html,10081,76ac1db994e9e10185dc5921927cdfc696689176ed3ecb7c132f9acf55e566b1
themes/linguistics-and-philology.html,93834,1b71617ad465051da9b87e3c52064dfe9955446673c5276ee2b4bbff31f34724
themes/linguistics.html,557,42d7caf20e7b57004493da60f63e8558860a8645f1bf1ae65e2acf0f0661df33
themes/literature-and-poetry.html,83482,8982f18b7839e32b6f9f6403053499468e5e387957d1dd4e4a65702f8a08439b
themes/philosophy.html,535,457895f433c8bfd399a43e3b0d57aea965c7355c8f6c03db80179227242406c3
themes/religion-and-philosophy.html,150473,4598b7d5364550506cc770351cd26642b5ac8089a19e2855f4824dfe6e04fcfd
themes/unspecified.html,180120,6e6c791cbb96bdad312c0b75cb4d47867669c62cd4ca807aa8e72de432904b3c
