person_id,display_name,city_year,city_label,matched_institution,year_distance,confidence
PERS_003adcfe,Псху Рузана Владимировна,2007,Москва,,,none
PERS_003adcfe,Псху Рузана Владимировна,2010,Москва,,,none
PERS_003adcfe,Псху Рузана Владимировна,2012,Москва,,,none
PERS_003adcfe,Псху Рузана Владимировна,2013,Москва,,,none
PERS_003adcfe,Псху Рузана Владимировна,2014,Москва,,,none
PERS_003adcfe,Псху Рузана Владимировна,2018,Москва,,,none
PERS_003adcfe,Псху Рузана Владимировна,2019,Москва,,,none
PERS_003adcfe,Псху Рузана Владимировна,2020,Москва,,,none
PERS_003adcfe,Псху Рузана Владимировна,2021,Москва,,,none
PERS_003adcfe,Псху Рузана Владимировна,2022,Москва,,,none
PERS_003adcfe,Псху Рузана Владимировна,2023,Москва,,,none
PERS_003adcfe,Псху Рузана Владимировна,2024,Москва,,,none
PERS_003adcfe,Псху Рузана Владимировна,2025,Москва,,,none
PERS_003adcfe,Псху Рузана Владимировна,2026,Москва,,,none
PERS_00c3b0cc,Щербак Мария Борисовна,2022,СПб,,,none
PERS_01aafd44,Сафина Наталья Алексеевна,2018,Москва,,,none
PERS_01aafd44,Сафина Наталья Алексеевна,2020,Москва,,,none
PERS_01aafd44,Сафина Наталья Алексеевна,2021,Москва,,,none
PERS_045c435e,К. Джункова,2018,Братислава – СПб,,,none
PERS_05d56645,Бабин Александр Николаевич,2017,ГИИ,,6,none
PERS_05d56645,Бабин Александр Николаевич,2018,ГИИ,,5,none
PERS_05d56645,Бабин Александр Николаевич,2019,Москва,,4,none
PERS_05d56645,Бабин Александр Николаевич,2019,ГМВ,,4,none
PERS_05d56645,Бабин Александр Николаевич,2020,Москва,ВШЭ,3,far
PERS_05d56645,Бабин Александр Николаевич,2020,ГИИ,ВШЭ,3,far
PERS_05d56645,Бабин Александр Николаевич,2021,Москва,ВШЭ,2,far
PERS_05d56645,Бабин Александр Николаевич,2021,ГИИ,ВШЭ,2,far
PERS_05d56645,Бабин Александр Николаевич,2023,Москва,ВШЭ,0,near
PERS_05d56645,Бабин Александр Николаевич,2024,Москва,ВШЭ,1,near
PERS_05d56645,Бабин Александр Николаевич,2025,Москва,ВШЭ,2,far
PERS_0665f215,Шохин Владимир Кириллович,2020,Москва,,4,none
PERS_0665f215,Шохин Владимир Кириллович,2025,Москва,"ИФ РАН, Москва",0,near
PERS_0665f215,Шохин Владимир Кириллович,2026,Москва,"ИФ РАН, Москва",1,near
PERS_06ee047f,Елихина Юлия Игоревна,2012,"Отдел Востока Государственного Эрмитажа, Санкт-Петербург",,8,none
PERS_07adc1e6,Лейтан Эдгар Зигфридович,2023,Вена,,,none
PERS_0c451d76,Лобанов Сергей Владимирович,2012,Москва,,,none
PERS_0c451d76,Лобанов Сергей Владимирович,2013,Москва,,,none
PERS_0c451d76,Лобанов Сергей Владимирович,2022,Москва,,,none
PERS_0c451d76,Лобанов Сергей Владимирович,2023,Москва,,,none
PERS_0c451d76,Лобанов Сергей Владимирович,2024,Москва,,,none
PERS_0c451d76,Лобанов Сергей Владимирович,2025,Москва,,,none
PERS_0c451d76,Лобанов Сергей Владимирович,2026,Москва,,,none
PERS_0e0a154e,Титлин Лев Игоревич,2012,Москва,,4,none
PERS_0e0a154e,Титлин Лев Игоревич,2020,Москва,ИФ РАН,2,far
PERS_0e0a154e,Титлин Лев Игоревич,2021,Москва,ИФ РАН,1,near
PERS_0fd718a7,Воздиган Ксения Михайловна,2012,СПб,,,none
PERS_0fd718a7,Воздиган Ксения Михайловна,2013,Санкт-Петербург,,,none
PERS_0fd718a7,Воздиган Ксения Михайловна,2014,СПб,,,none
PERS_10547db9,Б. В. Загуменнов,2006,СПб,,,none
PERS_10547db9,Б. В. Загуменнов,2012,СПб,,,none
PERS_1130c736,Серебряный Сергей Дмитриевич,2020,Москва,,,none
PERS_11da326d,Тавастшерна Сергей Сергеевич,2006,СПб,,6,none
PERS_11da326d,Тавастшерна Сергей Сергеевич,2013,Санкт-Петербург,"СПбГУ, Восточный факультет",1,near
PERS_11da326d,Тавастшерна Сергей Сергеевич,2014,СПб,СПбГУ,1,near
PERS_11da326d,Тавастшерна Сергей Сергеевич,2018,СПб,СПбГУ,0,near
PERS_11da326d,Тавастшерна Сергей Сергеевич,2019,Санкт-Петербург,СПбГУ,0,near
PERS_11da326d,Тавастшерна Сергей Сергеевич,2021,Санкт-Петербург,СПбГУ,0,near
PERS_11da326d,Тавастшерна Сергей Сергеевич,2025,СПб,"СПбГУ, Санкт-Петербург",0,near
PERS_11da326d,Тавастшерна Сергей Сергеевич,2026,Санкт-Петербург,"СПбГУ, Санкт-Петербург",1,near
PERS_12125da9,Лысенко Виктория Георгиевна,2004,Москва,,8,none
PERS_12125da9,Лысенко Виктория Георгиевна,2007,Москва,,5,none
PERS_12125da9,Лысенко Виктория Георгиевна,2010,Москва,Институт философии РАН,2,far
PERS_12125da9,Лысенко Виктория Георгиевна,2011,Москва,Институт философии РАН,1,near
PERS_12125da9,Лысенко Виктория Георгиевна,2012,Москва,Институт философии РАН,0,near
PERS_12125da9,Лысенко Виктория Георгиевна,2013,Москва,Институт философии РАН,1,near
PERS_12125da9,Лысенко Виктория Георгиевна,2014,Москва,Институт философии РАН,2,far
PERS_12125da9,Лысенко Виктория Георгиевна,2018,Москва,ИФ РАН,1,near
PERS_12125da9,Лысенко Виктория Георгиевна,2019,Москва,ИФ РАН,1,near
PERS_12125da9,Лысенко Виктория Георгиевна,2020,Москва,ИФ РАН,0,near
PERS_12125da9,Лысенко Виктория Георгиевна,2021,Москва,ИФ РАН,1,near
PERS_12125da9,Лысенко Виктория Георгиевна,2023,Москва,"ИФ РАН, Москва",2,far
PERS_12125da9,Лысенко Виктория Георгиевна,2024,Москва,"ИФ РАН, Москва",1,near
PERS_12125da9,Лысенко Виктория Георгиевна,2025,Москва,"ИФ РАН, Москва",0,near
PERS_168a3a8b,Усенко Иван Сергеевич,2026,Москва,,,none
PERS_180c5e5c,Арапов Александр Владиленович,2014,Воронеж,,,none
PERS_18fcab2a,Блиндерман Радха Тимуровна,2020,Кембридж,,,none
PERS_18fcab2a,Блиндерман Радха Тимуровна,2021,"Кембридж, Масс.",,,none
PERS_1955e9e8,К. Гаралите,2011,Вильнюс,,,none
PERS_1a097e52,Парибок Андрей Всеволодович,2006,СПб,СПбГУ,1,near
PERS_1a097e52,Парибок Андрей Всеволодович,2011,Санкт-Петербург,,4,none
PERS_1a097e52,Парибок Андрей Всеволодович,2012,СПб,,5,none
PERS_1a097e52,Парибок Андрей Всеволодович,2013,Санкт-Петербург,,6,none
PERS_1a097e52,Парибок Андрей Всеволодович,2014,СПб,,7,none
PERS_1a097e52,Парибок Андрей Всеволодович,2018,СПб,,11,none
PERS_1a097e52,Парибок Андрей Всеволодович,2020,Санкт-Петербург,,13,none
PERS_1a097e52,Парибок Андрей Всеволодович,2021,Санкт-Петербург,,14,none
PERS_1a097e52,Парибок Андрей Всеволодович,2022,Москва,,15,none
PERS_1a097e52,Парибок Андрей Всеволодович,2023,Москва,,16,none
PERS_1a097e52,Парибок Андрей Всеволодович,2024,Москва,,17,none
PERS_1a097e52,Парибок Андрей Всеволодович,2025,Москва,,18,none
PERS_1a097e52,Парибок Андрей Всеволодович,2026,Москва,,19,none
PERS_1c6fcce5,Кузина Елизавета Олеговна,2016,ГИИ,,5,none
PERS_1c6fcce5,Кузина Елизавета Олеговна,2018,ГИИ,РУДН,3,far
PERS_1c6fcce5,Кузина Елизавета Олеговна,2020,Москва,РУДН,1,near
PERS_1c6fcce5,Кузина Елизавета Олеговна,2020,ГИИ,РУДН,1,near
PERS_1c6fcce5,Кузина Елизавета Олеговна,2021,Москва,РУДН,0,near
PERS_1c6fcce5,Кузина Елизавета Олеговна,2022,ГИИ,РУДН,1,near
PERS_1fa7cc0c,Дубянский Александр Михайлович,2004,Москва,,11,none
PERS_1fa7cc0c,Дубянский Александр Михайлович,2010,Москва,,5,none
PERS_1fa7cc0c,Дубянский Александр Михайлович,2011,Москва,,4,none
PERS_1fa7cc0c,Дубянский Александр Михайлович,2012,Москва,ИСАА МГУ,3,far
PERS_1fa7cc0c,Дубянский Александр Михайлович,2012,ИСАА,ИСАА МГУ,3,far
PERS_1fa7cc0c,Дубянский Александр Михайлович,2018,Москва,ИСАА МГУ,0,near
PERS_1fa7cc0c,Дубянский Александр Михайлович,2019,Москва,ИСАА МГУ,0,near
PERS_1fa7cc0c,Дубянский Александр Михайлович,2020,Москва,ИСАА МГУ,1,near
PERS_2011b78d,Бондарев Алексей Владимирович,2021,"РГПУ, СПб",,,none
PERS_2095dc59,Шалахов Евгений Геннадьевич,2024,"ГБУ «Замок Шереметьева», онлайн",,,none
PERS_22d87263,Костина Екатерина Александровна,2013,Санкт-Петербург,,9,none
PERS_22d87263,Костина Екатерина Александровна,2014,СПб,,8,none
PERS_22d87263,Костина Екатерина Александровна,2020,Санкт-Петербург,СПбГУ,2,far
PERS_22d87263,Костина Екатерина Александровна,2021,Санкт-Петербург,СПбГУ,1,near
PERS_22d87263,Костина Екатерина Александровна,2023,Санкт-Петербург,СПбГУ,1,near
PERS_23215083,Русанов Максим Альбертович,2004,Москва,,,none
PERS_23215083,Русанов Максим Альбертович,2006,Москва,,,none
PERS_23215083,Русанов Максим Альбертович,2007,Москва,,,none
PERS_23215083,Русанов Максим Альбертович,2013,Москва,,,none
PERS_23215083,Русанов Максим Альбертович,2014,Москва,,,none
PERS_23215083,Русанов Максим Альбертович,2018,Москва,,,none
PERS_23215083,Русанов Максим Альбертович,2019,Москва,,,none
PERS_23abae7d,Пушкарева Юлия Георгиевна,2026,Москва,,,none
PERS_23f54085,Введенская Эльвира Игоревна,2019,Вриндаван,,,none
PERS_260a598a,Пахомов Сергей Владимирович,2011,Санкт-Петербург,,4,none
PERS_260a598a,Пахомов Сергей Владимирович,2012,СПб,,5,none
PERS_260a598a,Пахомов Сергей Владимирович,2013,Санкт-Петербург,,6,none
PERS_260a598a,Пахомов Сергей Владимирович,2018,СПб,,11,none
PERS_260a598a,Пахомов Сергей Владимирович,2019,Санкт-Петербург,,12,none
PERS_260a598a,Пахомов Сергей Владимирович,2020,Санкт-Петербург,,13,none
PERS_260a598a,Пахомов Сергей Владимирович,2021,Санкт-Петербург,,14,none
PERS_260a598a,Пахомов Сергей Владимирович,2022,СПб,,15,none
PERS_260a598a,Пахомов Сергей Владимирович,2023,Санкт-Петербург,,16,none
PERS_260a598a,Пахомов Сергей Владимирович,2024,Санкт-Петербург,,17,none
PERS_260a598a,Пахомов Сергей Владимирович,2025,СПб.,,18,none
PERS_26ce5ec1,Нина Будзишевска,2014,Вроцлав,,,none
PERS_28317057,Дубянская Татьяна Александровна,2004,Москва,,,none
PERS_28317057,Дубянская Татьяна Александровна,2006,Москва,,,none
PERS_28317057,Дубянская Татьяна Александровна,2007,Москва,,,none
PERS_28317057,Дубянская Татьяна Александровна,2023,Москва,,,none
PERS_28317057,Дубянская Татьяна Александровна,2024,Москва,,,none
PERS_287fe378,Рыбакова Анна Геннадьевна,2019,Москва,,,none
PERS_287fe378,Рыбакова Анна Геннадьевна,2020,Москва,,,none
PERS_287fe378,Рыбакова Анна Геннадьевна,2021,Москва – Патмос,,,none
PERS_287fe378,Рыбакова Анна Геннадьевна,2022,Москва/Патмос,,,none
PERS_287fe378,Рыбакова Анна Геннадьевна,2023,Москва,,,none
PERS_287fe378,Рыбакова Анна Геннадьевна,2024,Москва – Патмос,,,none
PERS_287fe378,Рыбакова Анна Геннадьевна,2025,Москва – Патмос,,,none
PERS_287fe378,Рыбакова Анна Геннадьевна,2026,Москва – Патмос,,,none
PERS_29607432,Лапшин Иван Евгеньевич,2020,Москва,,,none
PERS_2a2e5602,Коровина Евгения Владимировна,2019,Москва,,,none
PERS_2a2e5602,Коровина Евгения Владимировна,2021,Москва,,,none
PERS_2a2e5602,Коровина Евгения Владимировна,2023,Москва,,,none
PERS_2a2e5602,Коровина Евгения Владимировна,2025,Москва,,,none
PERS_2a2e5602,Коровина Евгения Владимировна,2026,Москва,,,none
PERS_2b7ca933,Танонова Елена Викторовна,2011,Санкт-Петербург,,,none
PERS_2b7ca933,Танонова Елена Викторовна,2023,Санкт-Петербург,,,none
PERS_2c40b9b1,Гуров Никита Владимирович,2006,СПб,СПбГУ,1,near
PERS_2c9b38ec,Ватман Семён Викторович,2007,"Университет культуры, СПБ",,,none
PERS_2e00cb36,Меренкова Ольга Николаевна,2018,СПб,,,none
PERS_2e00cb36,Меренкова Ольга Николаевна,2023,Санкт-Петербург,,,none
PERS_2e2b9553,Наймушина Дарья Дмитриевна,2025,"ГМВ, РГХПУ им. С.Г. Строганова, Москва",,,none
PERS_3074a8e5,Терентьев Андрей Анатольевич,2013,Санкт-Петербург,,,none
PERS_3074a8e5,Терентьев Андрей Анатольевич,2020,Санкт-Петербург,,,none
PERS_3074a8e5,Терентьев Андрей Анатольевич,2022,СПб,,,none
PERS_30b54681,Бушуев Евгений Сергеевич,2011,Санкт-Петербург,,,none
PERS_310b2911,Толчельников Иван Евгеньевич,2024,Москва,,,none
PERS_310b2911,Толчельников Иван Евгеньевич,2025,Москва,,,none
PERS_310b2911,Толчельников Иван Евгеньевич,2026,Москва,,,none
PERS_3357f25b,Скороходова Татьяна Григорьевна,2006,Пенза,,,none
PERS_3357f25b,Скороходова Татьяна Григорьевна,2011,Пенза,,,none
PERS_3357f25b,Скороходова Татьяна Григорьевна,2012,Пенза,,,none
PERS_3357f25b,Скороходова Татьяна Григорьевна,2013,Пенза,,,none
PERS_3357f25b,Скороходова Татьяна Григорьевна,2014,Пенза,,,none
PERS_3357f25b,Скороходова Татьяна Григорьевна,2018,Пенза,,,none
PERS_3357f25b,Скороходова Татьяна Григорьевна,2019,Пенза,,,none
PERS_3357f25b,Скороходова Татьяна Григорьевна,2021,Пенза,,,none
PERS_3357f25b,Скороходова Татьяна Григорьевна,2022,Пенза,,,none
PERS_3357f25b,Скороходова Татьяна Григорьевна,2023,Пенза,,,none
PERS_3357f25b,Скороходова Татьяна Григорьевна,2024,Пенза,,,none
PERS_3357f25b,Скороходова Татьяна Григорьевна,2025,Пенза,,,none
PERS_3357f25b,Скороходова Татьяна Григорьевна,2026,Пенза,,,none
PERS_34c0d384,Павлова Мария Борисовна,2014,Москва,,,none
PERS_34c0d384,Павлова Мария Борисовна,2024,Москва,,,none
PERS_35a30342,Негреев Иван Олегович,2018,Москва,,,none
PERS_35c57654,Егорова Мария Александровна,2025,Москва,,,none
PERS_35c57654,Егорова Мария Александровна,2026,Москва,,,none
PERS_36c30cf9,Загорулько Андрей Владиславович,2004,Москва,,,none
PERS_36dabb79,Гурия Анастасия Георгиевна,2007,Москва,,8,none
PERS_36dabb79,Гурия Анастасия Георгиевна,2016,ИСАА,ИСАА МГУ,1,near
PERS_37bb2d43,Покатилов Сергей Андреевич,2024,Санкт-Петербург,,,none
PERS_37bb2d43,Покатилов Сергей Андреевич,2025,СПб.,,,none
PERS_37c15317,Калина А. Э.,2024,Москва,,,none
PERS_37d557c2,Анисимова Дарья Дмитриевна,2025,СПб.,,,none
PERS_37d557c2,Анисимова Дарья Дмитриевна,2026,Санкт-Петербург,,,none
PERS_3b196639,Гордийчук Николай Валентинович,2019,Москва,РГГУ,3,far
PERS_3b196639,Гордийчук Николай Валентинович,2019,ГАУГН,РГГУ,3,far
PERS_3b196639,Гордийчук Николай Валентинович,2020,Москва,ИВ РАН,2,far
PERS_3b196639,Гордийчук Николай Валентинович,2020,ГАУГН,ИВ РАН,2,far
PERS_3b196639,Гордийчук Николай Валентинович,2021,Москва,ИВ РАН,1,near
PERS_3b196639,Гордийчук Николай Валентинович,2021,ГАУГН,ИВ РАН,1,near
PERS_3b196639,Гордийчук Николай Валентинович,2022,Москва,ИВ РАН,0,near
PERS_3b196639,Гордийчук Николай Валентинович,2023,Москва,ИВ РАН,1,near
PERS_3c202afd,Крапивина Раиса Николаевна,2011,Санкт-Петербург,,10,none
PERS_3c202afd,Крапивина Раиса Николаевна,2024,СПб,ИВР РАН,3,far
PERS_3c202afd,Крапивина Раиса Николаевна,2025,СПб,,4,none
PERS_3c202afd,Крапивина Раиса Николаевна,2026,Санкт-Петербург,,5,none
PERS_3c7d41ac,Фомин Максим Сергеевич,2012,Великобритания,,5,none
PERS_3c7d41ac,Фомин Максим Сергеевич,2015,"Университет Ольстера, Сев. Ирландия",Ulster University,2,far
PERS_3c7d41ac,Фомин Максим Сергеевич,2021,Университет Ольстера,Ulster University,3,far
PERS_3ccc9bd7,А. Солька,2021,"НИ, Лозанна",,,none
PERS_3ccc9bd7,А. Солька,2024,"ни, Лозанна",,,none
PERS_3d3b302d,Соболева Диана Владимировна,2026,Санкт-Петербург,,4,none
PERS_3d4df70f,Акимушкина Екатерина Олеговна,2012,Москва,,,none
PERS_3e105f43,Игнатьев Андрей Александрович,2004,Калининград,,,none
PERS_3e105f43,Игнатьев Андрей Александрович,2006,Калининград,,,none
PERS_3e105f43,Игнатьев Андрей Александрович,2007,Калиниград,,,none
PERS_3e105f43,Игнатьев Андрей Александрович,2010,Калининград,,,none
PERS_3e105f43,Игнатьев Андрей Александрович,2011,Калининград,,,none
PERS_3e105f43,Игнатьев Андрей Александрович,2012,Калининград,,,none
PERS_3e105f43,Игнатьев Андрей Александрович,2013,Калининград,,,none
PERS_3e105f43,Игнатьев Андрей Александрович,2014,Калининград,,,none
PERS_3e105f43,Игнатьев Андрей Александрович,2019,Калининград,,,none
PERS_3e105f43,Игнатьев Андрей Александрович,2021,Калининград,,,none
PERS_3e105f43,Игнатьев Андрей Александрович,2022,Калининград,,,none
PERS_3e105f43,Игнатьев Андрей Александрович,2023,Калининград,,,none
PERS_3e105f43,Игнатьев Андрей Александрович,2024,Калининград,,,none
PERS_3e105f43,Игнатьев Андрей Александрович,2026,Калининград,,,none
PERS_3e38ff72,Рожнова Дарья Антоновна,2024,"РГПУ им. А.И.Герцена, онлайн",,,none
PERS_3f406fe3,Кравцова Е. Р.,2024,Москва,,,none
PERS_3fd690ee,Комиссарук Екатерина Львовна,2018,Москва,,,none
PERS_40862f5e,Корнеева Наталья Афанасьевна,2010,Москва,,,none
PERS_40862f5e,Корнеева Наталья Афанасьевна,2011,Москва,,,none
PERS_40862f5e,Корнеева Наталья Афанасьевна,2012,Москва,,,none
PERS_40862f5e,Корнеева Наталья Афанасьевна,2014,Москва,,,none
PERS_40862f5e,Корнеева Наталья Афанасьевна,2019,Москва,,,none
PERS_40862f5e,Корнеева Наталья Афанасьевна,2019,Наталья Афонасьевна НИ,,,none
PERS_40862f5e,Корнеева Наталья Афанасьевна,2021,Москва,,,none
PERS_40862f5e,Корнеева Наталья Афанасьевна,2022,Москва,,,none
PERS_40862f5e,Корнеева Наталья Афанасьевна,2022,НИ,,,none
PERS_40862f5e,Корнеева Наталья Афанасьевна,2023,Москва,,,none
PERS_40862f5e,Корнеева Наталья Афанасьевна,2023,НИ,,,none
PERS_40862f5e,Корнеева Наталья Афанасьевна,2024,Москва,,,none
PERS_40862f5e,Корнеева Наталья Афанасьевна,2024,ни,,,none
PERS_40862f5e,Корнеева Наталья Афанасьевна,2025,Москва,,,none
PERS_40862f5e,Корнеева Наталья Афанасьевна,2025,независимый исследователь,,,none
PERS_40862f5e,Корнеева Наталья Афанасьевна,2026,Москва,,,none
PERS_40f75cf9,Роман Лилия Геннадьевна,2022,Москва,,,none
PERS_40f75cf9,Роман Лилия Геннадьевна,2023,Москва,,,none
PERS_410c5a08,А. Хомиченкене,2004,Клайпеда,,,none
PERS_41d6aa73,Воробьева Дарья Николаевна,2015,ГИИ,,10,none
PERS_41d6aa73,Воробьева Дарья Николаевна,2016,ГИИ,,9,none
PERS_41d6aa73,Воробьева Дарья Николаевна,2017,ГИИ,,8,none
PERS_41d6aa73,Воробьева Дарья Николаевна,2018,СПб,,7,none
PERS_41d6aa73,Воробьева Дарья Николаевна,2018,ГИИ,,7,none
PERS_41d6aa73,Воробьева Дарья Николаевна,2019,ГИИ,,6,none
PERS_41d6aa73,Воробьева Дарья Николаевна,2020,ГИИ,,5,none
PERS_41d6aa73,Воробьева Дарья Николаевна,2021,ГИИ,,4,none
PERS_41d6aa73,Воробьева Дарья Николаевна,2023,Москва,"ГИИ, НИУ ВШЭ, РГХПУ им. С.Г. Строганова, Москва",2,far
PERS_41d6aa73,Воробьева Дарья Николаевна,2024,Москва,"ГИИ, НИУ ВШЭ, РГХПУ им. С.Г. Строганова, Москва",1,near
PERS_41d6aa73,Воробьева Дарья Николаевна,2025,Москва,"ГИИ, НИУ ВШЭ, РГХПУ им. С.Г. Строганова, Москва",0,near
PERS_42da4866,Стукалин Глеб Дмитриевич,2018,СПб,,,none
PERS_42da4866,Стукалин Глеб Дмитриевич,2019,Санкт-Петербург,,,none
PERS_44440578,Грановская Хелена,2026,Тель-Авив,,,none
PERS_467d4dbb,Клебанов Андрей Александрович,2021,Киото,,,none
PERS_47ad46f1,Родионов Михаил Анатольевич,2011,Санкт-Петербург,,,none
PERS_4a0de87e,Белимова Влада Сергеевна,2026,Москва,,,none
PERS_4ebb20aa,Кардинская Светлана Владленовна,2012,Ижевск,,,none
PERS_50c46233,Маретина Ксения Александровна,2012,СПб,,,none
PERS_50c46233,Маретина Ксения Александровна,2024,СПб,,,none
PERS_50c46233,Маретина Ксения Александровна,2025,СПб.,,,none
PERS_50d73711,Смирнитская Анна Александровна,2018,Москва,ИВ РАН,2,far
PERS_50d73711,Смирнитская Анна Александровна,2019,Москва,ИВ РАН,1,near
PERS_50d73711,Смирнитская Анна Александровна,2020,Москва,ИВ РАН,0,near
PERS_50d73711,Смирнитская Анна Александровна,2022,Москва,ИВ РАН,0,near
PERS_50d73711,Смирнитская Анна Александровна,2023,Москва,ИВ РАН,1,near
PERS_50d73711,Смирнитская Анна Александровна,2025,Москва,ИВ РАН,3,far
PERS_51524b11,Гладкова Анна Геннадьевна,2025,СПб.,,,none
PERS_5228da95,Вертоградова Виктория Викторовна,2006,Москва,,6,none
PERS_554c138a,Хмуркин Георгий Георгиевич,2018,МГТУ,ИИЕТ РАН,3,far
PERS_554c138a,Хмуркин Георгий Георгиевич,2019,НИ,,4,none
PERS_554c138a,Хмуркин Георгий Георгиевич,2020,МАИ,,5,none
PERS_56508328,Десницкая Евгения Алексеевна,2006,СПб,СПбГУ,1,near
PERS_56508328,Десницкая Евгения Алексеевна,2014,СПб,,7,none
PERS_56508328,Десницкая Евгения Алексеевна,2018,СПб,,11,none
PERS_56508328,Десницкая Евгения Алексеевна,2019,Санкт-Петербург,,12,none
PERS_56508328,Десницкая Евгения Алексеевна,2020,Санкт-Петербург,,13,none
PERS_56508328,Десницкая Евгения Алексеевна,2021,Санкт-Петербург,,14,none
PERS_56508328,Десницкая Евгения Алексеевна,2022,СПб,,15,none
PERS_56508328,Десницкая Евгения Алексеевна,2023,Санкт-Петербург,,16,none
PERS_56508328,Десницкая Евгения Алексеевна,2024,Санкт-Петербург,,17,none
PERS_56508328,Десницкая Евгения Алексеевна,2025,СПб.,,18,none
PERS_56508328,Десницкая Евгения Алексеевна,2026,Санкт-Петербург,,19,none
PERS_587b08ec,Леонов Михаил Васильевич,2019,НИ,,,none
PERS_587b08ec,Леонов Михаил Васильевич,2023,Москва,,,none
PERS_587b08ec,Леонов Михаил Васильевич,2024,Москва,,,none
PERS_587b08ec,Леонов Михаил Васильевич,2024,ни,,,none
PERS_58b39545,Ренковская Евгения Алексеевна,2021,Москва,"ИЯз РАН, ИВ РАН",0,near
PERS_58b39545,Ренковская Евгения Алексеевна,2025,Москва,,4,none
PERS_58b39545,Ренковская Евгения Алексеевна,2026,Москва,,5,none
PERS_58e18506,Соколова Ирина Александровна,2026,Санкт-Петербург,,,none
PERS_5d34c947,Волошина Оксана Анатольевна,2014,Москва,,,none
PERS_5d34c947,Волошина Оксана Анатольевна,2018,Москва,,,none
PERS_5d34c947,Волошина Оксана Анатольевна,2019,Москва,,,none
PERS_5d34c947,Волошина Оксана Анатольевна,2020,Москва,,,none
PERS_5d34c947,Волошина Оксана Анатольевна,2021,Москва,,,none
PERS_5d34c947,Волошина Оксана Анатольевна,2022,Москва,,,none
PERS_5d34c947,Волошина Оксана Анатольевна,2025,Москва,,,none
PERS_5d34c947,Волошина Оксана Анатольевна,2026,Москва,,,none
PERS_5e2a5a5c,Столярова Екатерина Владимировна,2018,СПб,,,none
PERS_5e2a5a5c,Столярова Екатерина Владимировна,2019,Санкт-Петербург,,,none
PERS_5e2a5a5c,Столярова Екатерина Владимировна,2022,СПб,,,none
PERS_5e2a5a5c,Столярова Екатерина Владимировна,2023,Санкт-Петербург,,,none
PERS_5e2a5a5c,Столярова Екатерина Владимировна,2024,СПб,,,none
PERS_5e2a5a5c,Столярова Екатерина Владимировна,2025,СПб.,,,none
PERS_5f6689e8,Дмитриева Виктория Алексеевна,2025,СПб.,,,none
PERS_61202bf3,Алиханова Юлия Марковна,2004,Москва,,11,none
PERS_61202bf3,Алиханова Юлия Марковна,2007,Москва,,8,none
PERS_61202bf3,Алиханова Юлия Марковна,2010,Москва,,5,none
PERS_61202bf3,Алиханова Юлия Марковна,2011,Москва,,4,none
PERS_61202bf3,Алиханова Юлия Марковна,2012,Москва,ИСАА МГУ,3,far
PERS_61202bf3,Алиханова Юлия Марковна,2012,ИСАА,ИСАА МГУ,3,far
PERS_61de659d,Белов Владимир Николаевич,2020,Москва,,,none
PERS_6441d568,Соболева Елена Станиславовна,2023,Санкт-Петербург,,,none
PERS_6441d568,Соболева Елена Станиславовна,2025,СПб.,,,none
PERS_68e9019d,Малютин Иван Иванович,2023,Санкт-Петербург,,,none
PERS_68e9019d,Малютин Иван Иванович,2024,Санкт-Петербург,,,none
PERS_69750b7c,Мазурина Валентина Николаевна,2013,Санкт-Петербург,,,none
PERS_69750b7c,Мазурина Валентина Николаевна,2014,СПб,,,none
PERS_69750b7c,Мазурина Валентина Николаевна,2018,СПб,,,none
PERS_6a165aa7,Хазизова Ксения Владимировна,2025,"ИСАА, Москва",,,none
PERS_6ae5c779,Фивейская Анастасия Васильевна,2021,Москва,ИСАА МГУ,1,near
PERS_6ae5c779,Фивейская Анастасия Васильевна,2024,Москва,,4,none
PERS_6b867946,Смирнова Екатерина Викторовна,2014,СПб,,,none
PERS_6e211759,Иванов Владимир Павлович,2012,СПб,,,none
PERS_6e211759,Иванов Владимир Павлович,2022,СПб,,,none
PERS_6e211759,Иванов Владимир Павлович,2025,СПб,,,none
PERS_6e211759,Иванов Владимир Павлович,2026,Санкт-Петербург,,,none
PERS_6f89f9c1,Крючкова Евгения Родионовна,2006,СПб,,,none
PERS_71e9dee1,Яскунас Валдас,2007,Вильнюс,,,none
PERS_71e9dee1,Яскунас Валдас,2012,Вильнюс,,,none
PERS_72506535,Крылова Анастасия Сергеевна,2019,Москва,ИВ РАН,2,far
PERS_72506535,Крылова Анастасия Сергеевна,2020,Москва,ИВ РАН,1,near
PERS_72506535,Крылова Анастасия Сергеевна,2021,Москва,ИВ РАН,0,near
PERS_72506535,Крылова Анастасия Сергеевна,2022,Москва,ИВ РАН,0,near
PERS_72506535,Крылова Анастасия Сергеевна,2024,Москва,ИВ РАН,1,near
PERS_72506535,Крылова Анастасия Сергеевна,2025,Москва,ИВ РАН,2,far
PERS_72506535,Крылова Анастасия Сергеевна,2026,Москва,ИВ РАН,3,far
PERS_7542d270,Демченко Максим Борисович,2018,Москва,,,none
PERS_7542d270,Демченко Максим Борисович,2019,Москва,,,none
PERS_7542d270,Демченко Максим Борисович,2020,Москва,,,none
PERS_7542d270,Демченко Максим Борисович,2021,Москва,,,none
PERS_7542d270,Демченко Максим Борисович,2022,Москва,,,none
PERS_7542d270,Демченко Максим Борисович,2023,Москва,,,none
PERS_7542d270,Демченко Максим Борисович,2024,Москва,,,none
PERS_7542d270,Демченко Максим Борисович,2025,Москва,,,none
PERS_7542d270,Демченко Максим Борисович,2026,Москва,,,none
PERS_7700f517,Парамонов Денис Олегович,2010,Москва,,,none
PERS_7700f517,Парамонов Денис Олегович,2011,Москва,,,none
PERS_79ed852e,Евграфов Д. А.,2024,Москва,,,none
PERS_7d6f456c,Мотылёва Вера Леонидовна,2026,Москва,,,none
PERS_7da0afff,Демичев Кирилл Андреевич,2012,"УРАО, Нижний Новгород",,6,none
PERS_7eb0dc30,Зимина Татьяна Александровна,2013,Санкт-Петербург,,,none
PERS_7eb0dc30,Зимина Татьяна Александровна,2014,СПб,,,none
PERS_7eb0dc30,Зимина Татьяна Александровна,2018,СПб,,,none
PERS_7eb0dc30,Зимина Татьяна Александровна,2019,Санкт-Петербург,,,none
PERS_7eb0dc30,Зимина Татьяна Александровна,2020,Санкт-Петербург,,,none
PERS_7efcddc6,Брылёва Наталья Анатольевна,2024,"Институт экономики и управления АПК, КрасГАУ, онлайн",,,none
PERS_7f908d49,Стрельцова Лилия Александровна,2012,СПб,,,none
PERS_7f908d49,Стрельцова Лилия Александровна,2013,Санкт-Петербург,,,none
PERS_7f908d49,Стрельцова Лилия Александровна,2019,Санкт-Петербург,,,none
PERS_7f908d49,Стрельцова Лилия Александровна,2024,СПб,,,none
PERS_7f908d49,Стрельцова Лилия Александровна,2025,СПб.,,,none
PERS_8108c314,Ерченков Олег Николаевич,2012,Ижевск,,,none
PERS_8108c314,Ерченков Олег Николаевич,2019,Ленинградская обл.,,,none
PERS_8108c314,Ерченков Олег Николаевич,2020,Санкт-Петербург,,,none
PERS_8108c314,Ерченков Олег Николаевич,2022,СПб,,,none
PERS_8108c314,Ерченков Олег Николаевич,2024,Горный Алтай,,,none
PERS_829c1de5,Васильков Ярослав Владимирович,2006,СПб,МАЭ РАН,1,near
PERS_829c1de5,Васильков Ярослав Владимирович,2011,Санкт-Петербург,,4,none
PERS_829c1de5,Васильков Ярослав Владимирович,2012,СПб,,5,none
PERS_829c1de5,Васильков Ярослав Владимирович,2013,Санкт-Петербург,,6,none
PERS_829c1de5,Васильков Ярослав Владимирович,2014,СПб,,7,none
PERS_829c1de5,Васильков Ярослав Владимирович,2018,СПб,,11,none
PERS_829c1de5,Васильков Ярослав Владимирович,2019,Санкт-Петербург,,12,none
PERS_829c1de5,Васильков Ярослав Владимирович,2021,Санкт-Петербург,,14,none
PERS_829c1de5,Васильков Ярослав Владимирович,2022,СПб,,15,none
PERS_829c1de5,Васильков Ярослав Владимирович,2024,СПб,,17,none
PERS_829c1de5,Васильков Ярослав Владимирович,2025,СПб - Фронт-Ройал,,18,none
PERS_829c1de5,Васильков Ярослав Владимирович,2026,Санкт-Петербург - Фронт-Ройал,,19,none
PERS_8516d1e4,Гасунс Марцис Юрьевич,2006,Москва,,,none
PERS_8516d1e4,Гасунс Марцис Юрьевич,2019,Краснодар,,,none
PERS_8516d1e4,Гасунс Марцис Юрьевич,2019,НИ,,,none
PERS_8516d1e4,Гасунс Марцис Юрьевич,2020,Краснодар,,,none
PERS_8516d1e4,Гасунс Марцис Юрьевич,2021,Краснодар,,,none
PERS_8516d1e4,Гасунс Марцис Юрьевич,2023,Обнинск,,,none
PERS_8516d1e4,Гасунс Марцис Юрьевич,2024,Обнинск,,,none
PERS_8516d1e4,Гасунс Марцис Юрьевич,2024,ни,,,none
PERS_85a048b8,Денисенко Валерия Леонтьевна,2023,Новосибирск,,,none
PERS_874cbfb7,Шарапова Александра Владимировна,2021,Санкт-Петербург,,,none
PERS_88d163c1,Видунас Витис,2004,Вильнюс,,,none
PERS_88d163c1,Видунас Витис,2006,"Вильнюс, Литва",,,none
PERS_88d163c1,Видунас Витис,2007,Вильнюс,,,none
PERS_88d163c1,Видунас Витис,2010,Вильнюс,,,none
PERS_88d163c1,Видунас Витис,2011,Вильнюс,,,none
PERS_88d163c1,Видунас Витис,2012,Вильнюс,,,none
PERS_88d163c1,Видунас Витис,2013,Вильнюс,,,none
PERS_88d163c1,Видунас Витис,2014,Вильнюс,,,none
PERS_88d163c1,Видунас Витис,2018,Вильнюс,,,none
PERS_88d163c1,Видунас Витис,2019,Вильнюс,,,none
PERS_8a8c5d8b,Шелкович Владимир Михайлович,2006,СПб,,,none
PERS_8df3730a,Донченко Сергей Сергеевич,2013,Санкт-Петербург,,,none
PERS_8df3730a,Донченко Сергей Сергеевич,2019,Санкт-Петербург,,,none
PERS_8df3730a,Донченко Сергей Сергеевич,2024,СПб,,,none
PERS_8df3730a,Донченко Сергей Сергеевич,2025,СПб.,,,none
PERS_8df81b6d,Лужинская Полина Александровна,2024,СПб,,,none
PERS_8df81b6d,Лужинская Полина Александровна,2025,СПб.,,,none
PERS_8df81b6d,Лужинская Полина Александровна,2026,Санкт-Петербург,,,none
PERS_8e117242,Юдицкая Екатерина Алексеевна,2018,Москва,ИВ РАН,0,near
PERS_8e117242,Юдицкая Екатерина Алексеевна,2019,Москва,ИВ РАН,0,near
PERS_8e117242,Юдицкая Екатерина Алексеевна,2021,Москва,ИВ РАН,0,near
PERS_900efc73,Зевацкий Тимофей Юрьевич,2025,СПб.,,,none
PERS_91b473b1,Челнокова Анна Витальевна,2011,Санкт-Петербург,,11,none
PERS_91b473b1,Челнокова Анна Витальевна,2013,Санкт-Петербург,,9,none
PERS_91b473b1,Челнокова Анна Витальевна,2023,Санкт-Петербург,СПбГУ,1,near
PERS_91b473b1,Челнокова Анна Витальевна,2024,СПб,СПбГУ,2,far
PERS_91b473b1,Челнокова Анна Витальевна,2025,СПб.,СПбГУ,3,far
PERS_91b473b1,Челнокова Анна Витальевна,2026,Санкт-Петербург,,4,none
PERS_92868e4f,Жутаев Дар Игоревич,2006,Москва,,6,none
PERS_92868e4f,Жутаев Дар Игоревич,2010,Москва,ИВ РАН,2,far
PERS_92f293f8,Хрущева Полина Викторовна,2011,Екатеринбург,,,none
PERS_92f293f8,Хрущева Полина Викторовна,2012,Екатеринбург,,,none
PERS_92f293f8,Хрущева Полина Викторовна,2013,Екатеринбург,,,none
PERS_92f293f8,Хрущева Полина Викторовна,2014,Екатеринбург,,,none
PERS_92f293f8,Хрущева Полина Викторовна,2018,Екатеринбург,,,none
PERS_92f41884,Касым Софья Васильевна,2026,Санкт-Петербург,,,none
PERS_9366fe2c,Крыштоп Людмила Эдуардовна,2020,Москва,,,none
PERS_936e1165,Файбушевич Светлана Ивановна,2026,Москва,,,none
PERS_93e2effb,Комиссаров Дмитрий Алексеевич,2018,Москва,,7,none
PERS_93e2effb,Комиссаров Дмитрий Алексеевич,2021,Москва,,4,none
PERS_93e2effb,Комиссаров Дмитрий Алексеевич,2022,Москва,"ИКВИА НИУ ВШЭ, Москва",3,far
PERS_93e2effb,Комиссаров Дмитрий Алексеевич,2023,Москва,"ИКВИА НИУ ВШЭ, Москва",2,far
PERS_93e2effb,Комиссаров Дмитрий Алексеевич,2024,Москва,"ИКВИА НИУ ВШЭ, Москва",1,near
PERS_93e2effb,Комиссаров Дмитрий Алексеевич,2025,Москва,"ИКВИА НИУ ВШЭ, Москва",0,near
PERS_93e2effb,Комиссаров Дмитрий Алексеевич,2026,Москва,"ИКВИА НИУ ВШЭ, Москва",1,near
PERS_94f33410,Застрожнова Евгения Григорьевна,2026,Санкт-Петербург,,,none
PERS_96b8b195,Боголюбов Михаил Николаевич,2006,СПб,,,none
PERS_9a855a7b,Альбедиль Маргарита Федоровна,2011,Санкт-Петербург,,,none
PERS_9a855a7b,Альбедиль Маргарита Федоровна,2012,СПб,,,none
PERS_9a855a7b,Альбедиль Маргарита Федоровна,2013,Санкт-Петербург,,,none
PERS_9a855a7b,Альбедиль Маргарита Федоровна,2014,СПб,,,none
PERS_9a855a7b,Альбедиль Маргарита Федоровна,2018,СПб,,,none
PERS_9a855a7b,Альбедиль Маргарита Федоровна,2019,Санкт-Петербург,,,none
PERS_9a855a7b,Альбедиль Маргарита Федоровна,2021,Санкт-Петербург,,,none
PERS_9a855a7b,Альбедиль Маргарита Федоровна,2022,СПб,,,none
PERS_9a855a7b,Альбедиль Маргарита Федоровна,2023,Санкт-Петербург,,,none
PERS_9a855a7b,Альбедиль Маргарита Федоровна,2024,СПб,,,none
PERS_9a855a7b,Альбедиль Маргарита Федоровна,2025,СПб.,,,none
PERS_9a855a7b,Альбедиль Маргарита Федоровна,2026,Санкт-Петербург,,,none
PERS_9ad66151,Лелюхин Дмитрий Николаевич,2004,Москва,,8,none
PERS_9ad66151,Лелюхин Дмитрий Николаевич,2006,Москва,,6,none
PERS_9ad66151,Лелюхин Дмитрий Николаевич,2011,Москва,ИВ РАН,1,near
PERS_9ad66151,Лелюхин Дмитрий Николаевич,2013,Москва,ИВ РАН,1,near
PERS_9ad66151,Лелюхин Дмитрий Николаевич,2014,Москва,ИВ РАН,2,far
PERS_9e9c9566,Лекарева Ева Павловна,2023,Санкт-Петербург,,,none
PERS_9e9c9566,Лекарева Ева Павловна,2024,СПб,,,none
PERS_9e9c9566,Лекарева Ева Павловна,2025,СПб.,,,none
PERS_9e9c9566,Лекарева Ева Павловна,2026,Санкт-Петербург,,,none
PERS_9f398436,Куликов Леонид Игоревич,2018,"Гент, Бельгия","ВШЭ, Гентский университет",2,far
PERS_9f398436,Куликов Леонид Игоревич,2022,Гент/Лувен-ля-Нёв,"ВШЭ, Гентский университет",1,near
PERS_9f398436,Куликов Леонид Игоревич,2025,Гент,"НИУ ВШЭ, онлайн",2,far
PERS_9f398436,Куликов Леонид Игоревич,2026,Гент,"НИУ ВШЭ, онлайн",3,far
PERS_a0264ac5,Бурмистров Сергей Леонидович,2013,Санкт-Петербург,,,none
PERS_a0264ac5,Бурмистров Сергей Леонидович,2016,СПб,,,none
PERS_a0264ac5,Бурмистров Сергей Леонидович,2018,СПб,,,none
PERS_a0264ac5,Бурмистров Сергей Леонидович,2019,Санкт-Петербург,,,none
PERS_a0264ac5,Бурмистров Сергей Леонидович,2020,Санкт-Петербург,,,none
PERS_a0264ac5,Бурмистров Сергей Леонидович,2021,Санкт-Петербург,,,none
PERS_a0264ac5,Бурмистров Сергей Леонидович,2022,СПб,,,none
PERS_a0264ac5,Бурмистров Сергей Леонидович,2023,Санкт-Петербург,,,none
PERS_a0264ac5,Бурмистров Сергей Леонидович,2024,Санкт-Петербург,,,none
PERS_a0264ac5,Бурмистров Сергей Леонидович,2025,СПб.,,,none
PERS_a0264ac5,Бурмистров Сергей Леонидович,2026,Санкт-Петербург,,,none
PERS_a0f3d86d,Сергеева Варвара Алексеевна,2026,Москва,,,none
PERS_a1484b38,Кавалевская Анна Петровна,2019,Гамбург,,,none
PERS_a1484b38,Кавалевская Анна Петровна,2020,"Гамбург, Германия",,,none
PERS_a1484b38,Кавалевская Анна Петровна,2021,Гамбург,,,none
PERS_a638a4b3,Федорова Наталья Леонидовна,2026,Москва,,,none
PERS_a84aedaa,Шомахмадов Сафарали Хайбуллоевич,2006,СПб,,,none
PERS_a84aedaa,Шомахмадов Сафарали Хайбуллоевич,2011,С.-Петербург,,,none
PERS_a84aedaa,Шомахмадов Сафарали Хайбуллоевич,2013,Санкт-Петербург,,,none
PERS_a84aedaa,Шомахмадов Сафарали Хайбуллоевич,2014,СПб,,,none
PERS_a84aedaa,Шомахмадов Сафарали Хайбуллоевич,2021,Санкт-Петербург,,,none
PERS_a84aedaa,Шомахмадов Сафарали Хайбуллоевич,2022,СПб,,,none
PERS_a84aedaa,Шомахмадов Сафарали Хайбуллоевич,2026,Санкт-Петербург,,,none
PERS_a8983673,Вигель Нарине Липаритовна,2024,ФГБОУ ВО РостГМУ,,,none
PERS_a901d460,Фаградян Марина Александровна,2019,Санкт-Петербург,,,none
PERS_af811d47,Корнеева Татьяна Георгиевна,2020,Москва,,,none
PERS_b2c121e9,Успенская Елена Николаевна,2006,СПб,МАЭ РАН,1,near
PERS_b2c121e9,Успенская Елена Николаевна,2011,Санкт-Петербург,,4,none
PERS_b62a9567,Курочкин Александр Юрьевич,2018,Москва,,,none
PERS_b62a9567,Курочкин Александр Юрьевич,2018,"Москва, СПб",,,none
PERS_b62a9567,Курочкин Александр Юрьевич,2019,Москва,,,none
PERS_b76851a7,Митруев Бембя Леонидович,2021,Элиста,,,none
PERS_b76851a7,Митруев Бембя Леонидович,2022,Элиста,,,none
PERS_b881461b,Яковлева Мария Николаевна,2019,Санкт-Петербург,,,none
PERS_b881461b,Яковлева Мария Николаевна,2025,СПб.,,,none
PERS_b881461b,Яковлева Мария Николаевна,2026,Санкт-Петербург,,,none
PERS_ba81468a,Кокова Юлия Георгиевна,2006,СПб,,,none
PERS_ba81468a,Кокова Юлия Георгиевна,2014,СПб,,,none
PERS_ba81468a,Кокова Юлия Георгиевна,2018,СПб,,,none
PERS_bbd15f4f,Степин А. А.,2024,Санкт-Петербург,,,none
PERS_bc97fb65,Краснодембская Нина Георгиевна,2011,Санкт-Петербург,,,none
PERS_bc97fb65,Краснодембская Нина Георгиевна,2012,СПб,,,none
PERS_bc97fb65,Краснодембская Нина Георгиевна,2013,Санкт-Петербург,,,none
PERS_bc97fb65,Краснодембская Нина Георгиевна,2014,СПб,,,none
PERS_bc97fb65,Краснодембская Нина Георгиевна,2019,Санкт-Петербург,,,none
PERS_bc97fb65,Краснодембская Нина Георгиевна,2020,Санкт-Петербург,,,none
PERS_bc97fb65,Краснодембская Нина Георгиевна,2022,СПб,,,none
PERS_bc97fb65,Краснодембская Нина Георгиевна,2023,Санкт-Петербург,,,none
PERS_bc97fb65,Краснодембская Нина Георгиевна,2024,СПб,,,none
PERS_bcaec2d8,Дружинин Владимир Юрьевич,2020,Новосибирск,,,none
PERS_bcaec2d8,Дружинин Владимир Юрьевич,2021,Новосибирск,,,none
PERS_bcaec2d8,Дружинин Владимир Юрьевич,2022,Новосибирск,,,none
PERS_bd77e495,Корнеев Геннадий Батыревич,2025,"Администрация Главы Республики Калмыкия, Элиста",,,none
PERS_bdaaf440,Слинько Елена Викторовна,2004,Москва,,,none
PERS_bf91d4b8,Уймина Юлия Александровна,2018,Екатеринбург,,,none
PERS_bf91d4b8,Уймина Юлия Александровна,2019,Екатеринбург,,,none
PERS_bf91d4b8,Уймина Юлия Александровна,2022,Екатеринбург,,,none
PERS_bff5de3e,Бейнорюс Аудрюс,2004,Вильнюс,,,none
PERS_bff5de3e,Бейнорюс Аудрюс,2007,Вильнюс,,,none
PERS_bff5de3e,Бейнорюс Аудрюс,2011,Вильнюс,,,none
PERS_c2ffc606,Драчук Андрей Олегович,2026,Москва,,,none
PERS_c31236d2,Березкин Юрий Евгеньевич,2011,Санкт-Петербург,,,none
PERS_c31236d2,Березкин Юрий Евгеньевич,2014,СПб,,,none
PERS_c48611e0,Островская Елена Петровна,2006,СПб,СПбФ ИВ РАН,1,near
PERS_c48611e0,Островская Елена Петровна,2013,Санкт-Петербург,,6,none
PERS_c48611e0,Островская Елена Петровна,2014,СПб,,7,none
PERS_c48611e0,Островская Елена Петровна,2018,СПб,,11,none
PERS_c48611e0,Островская Елена Петровна,2019,Санкт-Петербург,,12,none
PERS_c48611e0,Островская Елена Петровна,2020,Санкт-Петербург,,13,none
PERS_c48611e0,Островская Елена Петровна,2021,Санкт-Петербург,,14,none
PERS_c48611e0,Островская Елена Петровна,2022,СПб,,15,none
PERS_c48611e0,Островская Елена Петровна,2023,Санкт-Петербург,,16,none
PERS_c48611e0,Островская Елена Петровна,2024,СПб,,17,none
PERS_c48611e0,Островская Елена Петровна,2025,СПб,,18,none
PERS_c52dfaa0,Цветкова Светлана Олеговна,2011,Санкт-Петербург,Восточный ф-т СПбГУ,1,near
PERS_c52dfaa0,Цветкова Светлана Олеговна,2012,СПб,Восточный ф-т СПбГУ,0,near
PERS_c52dfaa0,Цветкова Светлана Олеговна,2013,Санкт-Петербург,Восточный ф-т СПбГУ,1,near
PERS_c52dfaa0,Цветкова Светлана Олеговна,2014,СПб,СПбГУ,1,near
PERS_c52dfaa0,Цветкова Светлана Олеговна,2018,СПб,СПбГУ,0,near
PERS_c52dfaa0,Цветкова Светлана Олеговна,2019,Санкт-Петербург,СПбГУ,0,near
PERS_c52dfaa0,Цветкова Светлана Олеговна,2021,Санкт-Петербург,СПбГУ,0,near
PERS_c52dfaa0,Цветкова Светлана Олеговна,2026,Санкт-Петербург,"СПбГУ, Санкт-Петербург",1,near
PERS_c5677a3f,Зорин Алексей Валерьевич,2006,СПб,СПбФ ИВРАН,1,near
PERS_c5677a3f,Зорин Алексей Валерьевич,2011,Санкт-Петербург,,4,none
PERS_c5677a3f,Зорин Алексей Валерьевич,2012,СПб,,5,none
PERS_c5677a3f,Зорин Алексей Валерьевич,2013,Санкт-Петербург,,6,none
PERS_c5677a3f,Зорин Алексей Валерьевич,2014,СПб,,7,none
PERS_c5677a3f,Зорин Алексей Валерьевич,2019,Санкт-Петербург,,12,none
PERS_c5677a3f,Зорин Алексей Валерьевич,2021,Санкт-Петербург,,14,none
PERS_c6bbcef3,Битинайте Елена Алексеевна,2018,Ростов-на-Дону,,,none
PERS_c6bbcef3,Битинайте Елена Алексеевна,2019,Краснодар,,,none
PERS_c6bbcef3,Битинайте Елена Алексеевна,2020,Краснодар,,,none
PERS_c6bbcef3,Битинайте Елена Алексеевна,2022,Краснодар,,,none
PERS_c6bbcef3,Битинайте Елена Алексеевна,2025,Краснодар,,,none
PERS_cac87738,Гузеватая Наталья Владимировна,2019,Санкт-Петербург,,,none
PERS_cb52ebc2,Лемешкина Ксения Вячеславовна,2020,Санкт-Петербург,,,none
PERS_cb52ebc2,Лемешкина Ксения Вячеславовна,2024,СПб,,,none
PERS_cb52ebc2,Лемешкина Ксения Вячеславовна,2025,СПб.,,,none
PERS_cb52ebc2,Лемешкина Ксения Вячеславовна,2026,Санкт-Петербург,,,none
PERS_cdbd7a15,Кулланда Сергей Всеволодович,2011,Москва,ИВ РАН,1,near
PERS_ce100d3f,Мария Шилинскене,2014,Тампере,,,none
PERS_ced3d7b4,Молина Анна Валерьевна,2024,Москва,"ИКВИА НИУ ВШЭ, ИМЛИ РАН",0,near
PERS_ced3d7b4,Молина Анна Валерьевна,2026,Москва,"ИМЛИ РАН, Москва",1,near
PERS_cfb92c5f,Уланский Евгений Андреевич,2019,Москва,ИСАА МГУ,1,near
PERS_cfb92c5f,Уланский Евгений Андреевич,2020,Москва,ИСАА МГУ,0,near
PERS_cfb92c5f,Уланский Евгений Андреевич,2021,Москва,ИСАА МГУ,1,near
PERS_cfb92c5f,Уланский Евгений Андреевич,2022,Москва,ИСАА МГУ,0,near
PERS_cfb92c5f,Уланский Евгений Андреевич,2025,"независимый исследователь, Москва",ИСАА МГУ,3,far
PERS_d01427ca,Бещук Юлия Владимировна,2026,Санкт-Петербург,,,none
PERS_d018b6eb,Д. Валанчюнас,2007,Вильнюс,,,none
PERS_d17a6a92,Киняева А. В.,2024,Москва,,,none
PERS_d218805b,Крюкова Виктория Юрьевна,2012,СПб,,,none
PERS_d218805b,Крюкова Виктория Юрьевна,2019,Санкт-Петербург,,,none
PERS_d218805b,Крюкова Виктория Юрьевна,2022,СПб,,,none
PERS_d218805b,Крюкова Виктория Юрьевна,2024,СПб,,,none
PERS_d98da899,Рыжакова Светлана Игоревна,2004,Москва,,8,none
PERS_d98da899,Рыжакова Светлана Игоревна,2006,Москва,,6,none
PERS_d98da899,Рыжакова Светлана Игоревна,2007,Москва,,5,none
PERS_d98da899,Рыжакова Светлана Игоревна,2010,Москва,Ин-т этнологии и антропологии РАН,2,far
PERS_d98da899,Рыжакова Светлана Игоревна,2011,Москва,Ин-т этнологии и антропологии РАН,1,near
PERS_d98da899,Рыжакова Светлана Игоревна,2012,Москва,Ин-т этнологии и антропологии РАН,0,near
PERS_d98da899,Рыжакова Светлана Игоревна,2013,Москва,Ин-т этнологии и антропологии РАН,1,near
PERS_d98da899,Рыжакова Светлана Игоревна,2014,Москва,ИЭА РАН,1,near
PERS_d98da899,Рыжакова Светлана Игоревна,2018,Москва,ИЭА РАН,1,near
PERS_d98da899,Рыжакова Светлана Игоревна,2019,Москва,ИЭА РАН,0,near
PERS_d98da899,Рыжакова Светлана Игоревна,2020,Москва,ИЭА РАН,1,near
PERS_d98da899,Рыжакова Светлана Игоревна,2021,Москва,ИЭА РАН,2,far
PERS_d98da899,Рыжакова Светлана Игоревна,2022,Москва,ИЭА РАН,3,far
PERS_d98da899,Рыжакова Светлана Игоревна,2023,Москва,,4,none
PERS_d98da899,Рыжакова Светлана Игоревна,2024,Москва,,5,none
PERS_d98da899,Рыжакова Светлана Игоревна,2025,Москва,,6,none
PERS_d98da899,Рыжакова Светлана Игоревна,2026,Москва,,7,none
PERS_db046be0,Сабирова Римма Наилевна,2018,Казань,,,none
PERS_db046be0,Сабирова Римма Наилевна,2019,Казань,,,none
PERS_db046be0,Сабирова Римма Наилевна,2020,Казань,,,none
PERS_db046be0,Сабирова Римма Наилевна,2021,Казань,,,none
PERS_db046be0,Сабирова Римма Наилевна,2022,Казань,,,none
PERS_db046be0,Сабирова Римма Наилевна,2025,Казань,,,none
PERS_db046be0,Сабирова Римма Наилевна,2026,Казань,,,none
PERS_dd7de77e,Бросалина Елена Кирилловна,2006,СПб,,,none
PERS_dd7de77e,Бросалина Елена Кирилловна,2011,Санкт-Петербург,,,none
PERS_dd7de77e,Бросалина Елена Кирилловна,2013,Санкт-Петербург,,,none
PERS_dd7de77e,Бросалина Елена Кирилловна,2018,СПб,,,none
PERS_dd7de77e,Бросалина Елена Кирилловна,2019,Санкт-Петербург,,,none
PERS_e1d622e5,Мажитов Саттар Фазылович,2012,"Институт истории и этнологии им. Ч.Ч. Валиханова КН МОН РК, г. Алматы, Казахстан",,,none
PERS_e1dd6b3e,Лидова Наталья Ростиславовна,2010,Москва,,5,none
PERS_e1dd6b3e,Лидова Наталья Ростиславовна,2012,ИМЛИ,ИМЛИ РАН,3,far
PERS_e1dd6b3e,Лидова Наталья Ростиславовна,2014,Москва,ИМЛИ РАН,1,near
PERS_e1dd6b3e,Лидова Наталья Ростиславовна,2021,Москва,ИМЛИ РАН,0,near
PERS_e1dd6b3e,Лидова Наталья Ростиславовна,2023,Москва,ИМЛИ РАН,0,near
PERS_e1dd6b3e,Лидова Наталья Ростиславовна,2024,Москва,"ИМЛИ РАН, онлайн",0,near
PERS_e1dd6b3e,Лидова Наталья Ростиславовна,2025,Москва,"ИМЛИ РАН, Москва",0,near
PERS_e1dd6b3e,Лидова Наталья Ростиславовна,2026,Москва,"ИМЛИ РАН, Москва",1,near
PERS_e30ad8b7,Гавриков Денис Сергеевич,2022,Москва,,,none
PERS_e31ca12d,Вечерина Ольга Павловна,2014,Москва,,8,none
PERS_e31ca12d,Вечерина Ольга Павловна,2016,МГППУ,,6,none
PERS_e31ca12d,Вечерина Ольга Павловна,2017,МГППУ,,5,none
PERS_e31ca12d,Вечерина Ольга Павловна,2018,Москва,,4,none
PERS_e31ca12d,Вечерина Ольга Павловна,2018,МГППУ,,4,none
PERS_e31ca12d,Вечерина Ольга Павловна,2019,Москва,РУДН,3,far
PERS_e31ca12d,Вечерина Ольга Павловна,2019,МГППУ,РУДН,3,far
PERS_e31ca12d,Вечерина Ольга Павловна,2020,Москва,РУДН,2,far
PERS_e31ca12d,Вечерина Ольга Павловна,2020,МГППУ,РУДН,2,far
PERS_e31ca12d,Вечерина Ольга Павловна,2021,Москва,РУДН,1,near
PERS_e31ca12d,Вечерина Ольга Павловна,2021,МГППУ,РУДН,1,near
PERS_e31ca12d,Вечерина Ольга Павловна,2022,Москва,РУДН,0,near
PERS_e4aab278,Возчиков Дмитрий Викторович,2026,Екатеринбург,,,none
PERS_e5a5ac24,Невелева Светлана Леонидовна,2006,СПб,,,none
PERS_e5a5ac24,Невелева Светлана Леонидовна,2011,Санкт-Петербург,,,none
PERS_e72d4c09,Огнева Елена Дмитриевна,2012,Киев — Луцк,,,none
PERS_e72d4c09,Огнева Елена Дмитриевна,2012,"Институт востоковедения, Киев",,,none
PERS_e72d4c09,Огнева Елена Дмитриевна,2015,ИВ НАН Украины,,,none
PERS_e72d4c09,Огнева Елена Дмитриевна,2016,ИВ НАН Украины,,,none
PERS_e72d4c09,Огнева Елена Дмитриевна,2017,ИВ НАН Украины,,,none
PERS_e72d4c09,Огнева Елена Дмитриевна,2018,ИВ НАН Украины,,,none
PERS_e72d4c09,Огнева Елена Дмитриевна,2020,ИВ НАН Украины,,,none
PERS_e72d4c09,Огнева Елена Дмитриевна,2021,ИВ НАН Украины,,,none
PERS_e72d4c09,Огнева Елена Дмитриевна,2022,ИВ НАН Украины,,,none
PERS_e8396809,Вишну Шукла,2020,Санкт-Петербург,,,none
PERS_e96139bd,Коробов Владимир Борисович,2011,Вильнюс,,,none
PERS_e96139bd,Коробов Владимир Борисович,2013,Вильнюс,,,none
PERS_e96139bd,Коробов Владимир Борисович,2020,"Вильнюс, Литва",,,none
PERS_ebb6d156,Ложкина Анастасия Витальевна,2018,Москва,ИФ РАН,0,near
PERS_efc88709,Канаева Наталия Алексеевна,2013,Москва,,7,none
PERS_efc88709,Канаева Наталия Алексеевна,2018,Москва,ВШЭ,2,far
PERS_efc88709,Канаева Наталия Алексеевна,2025,Москва,"Школа философии и культурологии НИУ ВШЭ, Москва",0,near
PERS_f074f69f,Александрова Наталия Владимировна,2013,Москва,ИВ РАН,1,near
PERS_f074f69f,Александрова Наталия Владимировна,2014,Москва,РГГУ,1,near
PERS_f074f69f,Александрова Наталия Владимировна,2018,Москва,ИВ РАН,0,near
PERS_f074f69f,Александрова Наталия Владимировна,2019,Москва,ИВ РАН,0,near
PERS_f074f69f,Александрова Наталия Владимировна,2021,Москва,ИВ РАН,0,near
PERS_f074f69f,Александрова Наталия Владимировна,2022,Москва,ИВ РАН,0,near
PERS_f074f69f,Александрова Наталия Владимировна,2023,Москва,ИВ РАН,1,near
PERS_f074f69f,Александрова Наталия Владимировна,2024,Москва,"ИВ РАН, ИКВИА НИУ ВШЭ",0,near
PERS_f074f69f,Александрова Наталия Владимировна,2025,Москва,"ИВ РАН, ИКВИА НИУ ВШЭ, Москва",0,near
PERS_f074f69f,Александрова Наталия Владимировна,2026,Москва,"ИВ РАН, ИКВИА НИУ ВШЭ, Москва",1,near
PERS_f19cd8a1,Котин Игорь Юрьевич,2011,Санкт-Петербург,,,none
PERS_f19cd8a1,Котин Игорь Юрьевич,2012,СПб,,,none
PERS_f19cd8a1,Котин Игорь Юрьевич,2014,СПб,,,none
PERS_f19cd8a1,Котин Игорь Юрьевич,2018,СПб,,,none
PERS_f19cd8a1,Котин Игорь Юрьевич,2022,СПб,,,none
PERS_f19cd8a1,Котин Игорь Юрьевич,2023,Санкт-Петербург,,,none
PERS_f19cd8a1,Котин Игорь Юрьевич,2026,Санкт-Петербург,,,none
PERS_f1a308b7,Абинякин Владимир Александрович,2026,Санкт-Петербург,,,none
PERS_f2fef030,Мехакян Арег Гайкович,2007,Москва,,11,none
PERS_f2fef030,Мехакян Арег Гайкович,2010,Ереван,,8,none
PERS_f2fef030,Мехакян Арег Гайкович,2012,Ереван,,6,none
PERS_f2fef030,Мехакян Арег Гайкович,2015,МЦР,ИВ РАН,3,far
PERS_f2fef030,Мехакян Арег Гайкович,2016,МРЦ,ИВ РАН,2,far
PERS_f2fef030,Мехакян Арег Гайкович,2017,МЦР,ИВ РАН,1,near
PERS_f2fef030,Мехакян Арег Гайкович,2020,Москва,ИВ РАН,1,near
PERS_f2fef030,Мехакян Арег Гайкович,2020,ГММ А.Н. Скрябина,ИВ РАН,1,near
PERS_f2fef030,Мехакян Арег Гайкович,2021,Москва,ИВ РАН,2,far
PERS_f2fef030,Мехакян Арег Гайкович,2021,ГММ А.Н. Скрябина,ИВ РАН,2,far
PERS_f2fef030,Мехакян Арег Гайкович,2022,ГММ А.Н. Скрябина,ИВ РАН,3,far
PERS_f2fef030,Мехакян Арег Гайкович,2023,"ГММ А.Н. Скрябина, онлайн",,4,none
PERS_f2fef030,Мехакян Арег Гайкович,2025,"ММС, Москва",,6,none
PERS_f3cf67c6,Харджендер Сингх Чаудхари,2026,Дели,,,none
PERS_f56c5a7e,Жукова Любовь Евгеньевна,2022,Москва,,,none
PERS_f56c5a7e,Жукова Любовь Евгеньевна,2023,«Москва»,,,none
PERS_f56c5a7e,Жукова Любовь Евгеньевна,2024,Москва,,,none
PERS_f56c5a7e,Жукова Любовь Евгеньевна,2025,СПб.,,,none
PERS_f5a69b65,Кройцер Светлана Александровна,2025,Москва,,,none
PERS_f5b8b340,Вигасин Алексей Алексеевич,2006,Москва,,18,none
PERS_f5b8b340,Вигасин Алексей Алексеевич,2007,Москва,,17,none
PERS_f5b8b340,Вигасин Алексей Алексеевич,2023,ИСАА,ИСАА МГУ,1,near
PERS_f5b8b340,Вигасин Алексей Алексеевич,2025,Москва,ИСАА МГУ,1,near
PERS_f82b6a8e,Сенина Наталья Викторовна,2025,Москва,,,none
PERS_f8ab5755,Оранская Татьяна Иосифовна,2010,Гамбург,,,none
PERS_f8ab5755,Оранская Татьяна Иосифовна,2019,Гамбург,,,none
PERS_f8ab5755,Оранская Татьяна Иосифовна,2020,"Гамбург, Германия",,,none
PERS_f8ab5755,Оранская Татьяна Иосифовна,2023,Санкт-Петербург,,,none
PERS_f8ab5755,Оранская Татьяна Иосифовна,2024,СПб,,,none
PERS_f8ab5755,Оранская Татьяна Иосифовна,2025,СПб,,,none
PERS_f8ab5755,Оранская Татьяна Иосифовна,2026,Санкт-Петербург,,,none
PERS_f940c5b3,Стрелкова Гюзэль Владимировна,2004,Москва,,,none
PERS_f940c5b3,Стрелкова Гюзэль Владимировна,2006,Москва,,,none
PERS_f940c5b3,Стрелкова Гюзэль Владимировна,2012,Москва,,,none
PERS_f940c5b3,Стрелкова Гюзэль Владимировна,2024,Москва,,,none
PERS_fb25c80f,Ермакова Татьяна Викторовна,2014,СПб,,7,none
PERS_fb25c80f,Ермакова Татьяна Викторовна,2018,СПб,,11,none
PERS_fb25c80f,Ермакова Татьяна Викторовна,2019,Санкт-Петербург,,12,none
PERS_fb25c80f,Ермакова Татьяна Викторовна,2020,Санкт-Петербург,,13,none
PERS_fb25c80f,Ермакова Татьяна Викторовна,2021,Санкт-Петербург,,14,none
PERS_fb25c80f,Ермакова Татьяна Викторовна,2022,СПб,,15,none
PERS_fb25c80f,Ермакова Татьяна Викторовна,2023,Санкт-Петербург,,16,none
PERS_fb25c80f,Ермакова Татьяна Викторовна,2024,СПб,,17,none
PERS_fb25c80f,Ермакова Татьяна Викторовна,2025,СПб,,18,none
PERS_fb25c80f,Ермакова Татьяна Викторовна,2026,Санкт-Петербург,,19,none
PERS_fb73fb38,Кешарпу Екатерина Витальевна,2026,Москва,,,none
