video_id,year,duration_sec,has_manual_ru,has_auto_ru,manual_langs,auto_langs,error
NmFjM156E1Q,2023,8579,False,False,,,
ZMgc9ikKEUo,2023,3159,False,True,,aa;ab;af;ak;am;ar;as;ay;az;ba;be;bg;bho;bn;bo;br;bs;ca;ceb;co;crs;cs;cy;da;de;dv;dz;ee;el;en;eo;es;et;eu;fa;fi;fil;fj;fo;fr;fy;ga;gaa;gd;gl;gn;gu;gv;ha;haw;hi;hmn;hr;ht;hu;hy;id;ig;is;it;iu;iw;ja;jv;ka;kha;kk;kl;km;kn;ko;kri;ku;ky;la;lb;lg;ln;lo;lt;lua;luo;lv;mfe;mg;mi;mk;ml;mn;mr;ms;mt;my;ne;new;nl;no;nso;ny;oc;om;or;os;pa;pam;pl;ps;pt;pt-PT;qu;rn;ro;ru;ru-orig;rw;sa;sd;sg;si;sk;sl;sm;sn;so;sq;sr;ss;st;su;sv;sw;ta;te;tg;th;ti;tk;tn;to;tr;ts;tt;tum;ug;uk;ur;uz;ve;vi;war;wo;xh;yi;yo;zh-Hans;zh-Hant;zu,
gPaPetQ5JPM,2023,1482,False,True,,aa;ab;af;ak;am;ar;as;ay;az;ba;be;bg;bho;bn;bo;br;bs;ca;ceb;co;crs;cs;cy;da;de;dv;dz;ee;el;en;eo;es;et;eu;fa;fi;fil;fj;fo;fr;fy;ga;gaa;gd;gl;gn;gu;gv;ha;haw;hi;hmn;hr;ht;hu;hy;id;ig;is;it;iu;iw;ja;jv;ka;kha;kk;kl;km;kn;ko;kri;ku;ky;la;lb;lg;ln;lo;lt;lua;luo;lv;mfe;mg;mi;mk;ml;mn;mr;ms;mt;my;ne;new;nl;no;nso;ny;oc;om;or;os;pa;pam;pl;ps;pt;pt-PT;qu;rn;ro;ru;ru-orig;rw;sa;sd;sg;si;sk;sl;sm;sn;so;sq;sr;ss;st;su;sv;sw;ta;te;tg;th;ti;tk;tn;to;tr;ts;tt;tum;ug;uk;ur;uz;ve;vi;war;wo;xh;yi;yo;zh-Hans;zh-Hant;zu,
ZZNTgPua1tY,2023,2070,False,True,,aa;ab;af;ak;am;ar;as;ay;az;ba;be;bg;bho;bn;bo;br;bs;ca;ceb;co;crs;cs;cy;da;de;dv;dz;ee;el;en;eo;es;et;eu;fa;fi;fil;fj;fo;fr;fy;ga;gaa;gd;gl;gn;gu;gv;ha;haw;hi;hmn;hr;ht;hu;hy;id;ig;is;it;iu;iw;ja;jv;ka;kha;kk;kl;km;kn;ko;kri;ku;ky;la;lb;lg;ln;lo;lt;lua;luo;lv;mfe;mg;mi;mk;ml;mn;mr;ms;mt;my;ne;new;nl;no;nso;ny;oc;om;or;os;pa;pam;pl;ps;pt;pt-PT;qu;rn;ro;ru;ru-orig;rw;sa;sd;sg;si;sk;sl;sm;sn;so;sq;sr;ss;st;su;sv;sw;ta;te;tg;th;ti;tk;tn;to;tr;ts;tt;tum;ug;uk;ur;uz;ve;vi;war;wo;xh;yi;yo;zh-Hans;zh-Hant;zu,
8xR5XOPg2YQ,2023,2009,False,True,,aa;ab;af;ak;am;ar;as;ay;az;ba;be;bg;bho;bn;bo;br;bs;ca;ceb;co;crs;cs;cy;da;de;dv;dz;ee;el;en;eo;es;et;eu;fa;fi;fil;fj;fo;fr;fy;ga;gaa;gd;gl;gn;gu;gv;ha;haw;hi;hmn;hr;ht;hu;hy;id;ig;is;it;iu;iw;ja;jv;ka;kha;kk;kl;km;kn;ko;kri;ku;ky;la;lb;lg;ln;lo;lt;lua;luo;lv;mfe;mg;mi;mk;ml;mn;mr;ms;mt;my;ne;new;nl;no;nso;ny;oc;om;or;os;pa;pam;pl;ps;pt;pt-PT;qu;rn;ro;ru;ru-orig;rw;sa;sd;sg;si;sk;sl;sm;sn;so;sq;sr;ss;st;su;sv;sw;ta;te;tg;th;ti;tk;tn;to;tr;ts;tt;tum;ug;uk;ur;uz;ve;vi;war;wo;xh;yi;yo;zh-Hans;zh-Hant;zu,
E6QLEL20gqk,2023,1847,False,True,,aa;ab;af;ak;am;ar;as;ay;az;ba;be;bg;bho;bn;bo;br;bs;ca;ceb;co;crs;cs;cy;da;de;dv;dz;ee;el;en;eo;es;et;eu;fa;fi;fil;fj;fo;fr;fy;ga;gaa;gd;gl;gn;gu;gv;ha;haw;hi;hmn;hr;ht;hu;hy;id;ig;is;it;iu;iw;ja;jv;ka;kha;kk;kl;km;kn;ko;kri;ku;ky;la;lb;lg;ln;lo;lt;lua;luo;lv;mfe;mg;mi;mk;ml;mn;mr;ms;mt;my;ne;new;nl;no;nso;ny;oc;om;or;os;pa;pam;pl;ps;pt;pt-PT;qu;rn;ro;ru;ru-orig;rw;sa;sd;sg;si;sk;sl;sm;sn;so;sq;sr;ss;st;su;sv;sw;ta;te;tg;th;ti;tk;tn;to;tr;ts;tt;tum;ug;uk;ur;uz;ve;vi;war;wo;xh;yi;yo;zh-Hans;zh-Hant;zu,
6hGe_Imo-7U,2023,2114,False,True,,aa;ab;af;ak;am;ar;as;ay;az;ba;be;bg;bho;bn;bo;br;bs;ca;ceb;co;crs;cs;cy;da;de;dv;dz;ee;el;en;eo;es;et;eu;fa;fi;fil;fj;fo;fr;fy;ga;gaa;gd;gl;gn;gu;gv;ha;haw;hi;hmn;hr;ht;hu;hy;id;ig;is;it;iu;iw;ja;jv;ka;kha;kk;kl;km;kn;ko;kri;ku;ky;la;lb;lg;ln;lo;lt;lua;luo;lv;mfe;mg;mi;mk;ml;mn;mr;ms;mt;my;ne;new;nl;no;nso;ny;oc;om;or;os;pa;pam;pl;ps;pt;pt-PT;qu;rn;ro;ru;ru-orig;rw;sa;sd;sg;si;sk;sl;sm;sn;so;sq;sr;ss;st;su;sv;sw;ta;te;tg;th;ti;tk;tn;to;tr;ts;tt;tum;ug;uk;ur;uz;ve;vi;war;wo;xh;yi;yo;zh-Hans;zh-Hant;zu,
FDFwugkv3yM,2023,1908,False,True,,aa;ab;af;ak;am;ar;as;ay;az;ba;be;bg;bho;bn;bo;br;bs;ca;ceb;co;crs;cs;cy;da;de;dv;dz;ee;el;en;eo;es;et;eu;fa;fi;fil;fj;fo;fr;fy;ga;gaa;gd;gl;gn;gu;gv;ha;haw;hi;hmn;hr;ht;hu;hy;id;ig;is;it;iu;iw;ja;jv;ka;kha;kk;kl;km;kn;ko;kri;ku;ky;la;lb;lg;ln;lo;lt;lua;luo;lv;mfe;mg;mi;mk;ml;mn;mr;ms;mt;my;ne;new;nl;no;nso;ny;oc;om;or;os;pa;pam;pl;ps;pt;pt-PT;qu;rn;ro;ru;ru-orig;rw;sa;sd;sg;si;sk;sl;sm;sn;so;sq;sr;ss;st;su;sv;sw;ta;te;tg;th;ti;tk;tn;to;tr;ts;tt;tum;ug;uk;ur;uz;ve;vi;war;wo;xh;yi;yo;zh-Hans;zh-Hant;zu,
yS7OrtJ0vEo,2023,1774,False,True,,aa;ab;af;ak;am;ar;as;ay;az;ba;be;bg;bho;bn;bo;br;bs;ca;ceb;co;crs;cs;cy;da;de;dv;dz;ee;el;en;eo;es;et;eu;fa;fi;fil;fj;fo;fr;fy;ga;gaa;gd;gl;gn;gu;gv;ha;haw;hi;hmn;hr;ht;hu;hy;id;ig;is;it;iu;iw;ja;jv;ka;kha;kk;kl;km;kn;ko;kri;ku;ky;la;lb;lg;ln;lo;lt;lua;luo;lv;mfe;mg;mi;mk;ml;mn;mr;ms;mt;my;ne;new;nl;no;nso;ny;oc;om;or;os;pa;pam;pl;ps;pt;pt-PT;qu;rn;ro;ru;ru-orig;rw;sa;sd;sg;si;sk;sl;sm;sn;so;sq;sr;ss;st;su;sv;sw;ta;te;tg;th;ti;tk;tn;to;tr;ts;tt;tum;ug;uk;ur;uz;ve;vi;war;wo;xh;yi;yo;zh-Hans;zh-Hant;zu,
D443p2_z53M,2023,1988,False,True,,aa;ab;af;ak;am;ar;as;ay;az;ba;be;bg;bho;bn;bo;br;bs;ca;ceb;co;crs;cs;cy;da;de;dv;dz;ee;el;en;eo;es;et;eu;fa;fi;fil;fj;fo;fr;fy;ga;gaa;gd;gl;gn;gu;gv;ha;haw;hi;hmn;hr;ht;hu;hy;id;ig;is;it;iu;iw;ja;jv;ka;kha;kk;kl;km;kn;ko;kri;ku;ky;la;lb;lg;ln;lo;lt;lua;luo;lv;mfe;mg;mi;mk;ml;mn;mr;ms;mt;my;ne;new;nl;no;nso;ny;oc;om;or;os;pa;pam;pl;ps;pt;pt-PT;qu;rn;ro;ru;ru-orig;rw;sa;sd;sg;si;sk;sl;sm;sn;so;sq;sr;ss;st;su;sv;sw;ta;te;tg;th;ti;tk;tn;to;tr;ts;tt;tum;ug;uk;ur;uz;ve;vi;war;wo;xh;yi;yo;zh-Hans;zh-Hant;zu,
ziuJevNqUAY,2023,1204,False,True,,aa;ab;af;ak;am;ar;as;ay;az;ba;be;bg;bho;bn;bo;br;bs;ca;ceb;co;crs;cs;cy;da;de;dv;dz;ee;el;en;eo;es;et;eu;fa;fi;fil;fj;fo;fr;fy;ga;gaa;gd;gl;gn;gu;gv;ha;haw;hi;hmn;hr;ht;hu;hy;id;ig;is;it;iu;iw;ja;jv;ka;kha;kk;kl;km;kn;ko;kri;ku;ky;la;lb;lg;ln;lo;lt;lua;luo;lv;mfe;mg;mi;mk;ml;mn;mr;ms;mt;my;ne;new;nl;no;nso;ny;oc;om;or;os;pa;pam;pl;ps;pt;pt-PT;qu;rn;ro;ru;ru-orig;rw;sa;sd;sg;si;sk;sl;sm;sn;so;sq;sr;ss;st;su;sv;sw;ta;te;tg;th;ti;tk;tn;to;tr;ts;tt;tum;ug;uk;ur;uz;ve;vi;war;wo;xh;yi;yo;zh-Hans;zh-Hant;zu,
1oAIpL_c4k8,2023,1403,False,False,,,
6m6cxOrUPgQ,2023,1122,False,True,,aa;ab;af;ak;am;ar;as;ay;az;ba;be;bg;bho;bn;bo;br;bs;ca;ceb;co;crs;cs;cy;da;de;dv;dz;ee;el;en;eo;es;et;eu;fa;fi;fil;fj;fo;fr;fy;ga;gaa;gd;gl;gn;gu;gv;ha;haw;hi;hmn;hr;ht;hu;hy;id;ig;is;it;iu;iw;ja;jv;ka;kha;kk;kl;km;kn;ko;kri;ku;ky;la;lb;lg;ln;lo;lt;lua;luo;lv;mfe;mg;mi;mk;ml;mn;mr;ms;mt;my;ne;new;nl;no;nso;ny;oc;om;or;os;pa;pam;pl;ps;pt;pt-PT;qu;rn;ro;ru;ru-orig;rw;sa;sd;sg;si;sk;sl;sm;sn;so;sq;sr;ss;st;su;sv;sw;ta;te;tg;th;ti;tk;tn;to;tr;ts;tt;tum;ug;uk;ur;uz;ve;vi;war;wo;xh;yi;yo;zh-Hans;zh-Hant;zu,
GgqAJyqgDR4,2023,1395,False,True,,aa;ab;af;ak;am;ar;as;ay;az;ba;be;bg;bho;bn;bo;br;bs;ca;ceb;co;crs;cs;cy;da;de;dv;dz;ee;el;en;eo;es;et;eu;fa;fi;fil;fj;fo;fr;fy;ga;gaa;gd;gl;gn;gu;gv;ha;haw;hi;hmn;hr;ht;hu;hy;id;ig;is;it;iu;iw;ja;jv;ka;kha;kk;kl;km;kn;ko;kri;ku;ky;la;lb;lg;ln;lo;lt;lua;luo;lv;mfe;mg;mi;mk;ml;mn;mr;ms;mt;my;ne;new;nl;no;nso;ny;oc;om;or;os;pa;pam;pl;ps;pt;pt-PT;qu;rn;ro;ru;ru-orig;rw;sa;sd;sg;si;sk;sl;sm;sn;so;sq;sr;ss;st;su;sv;sw;ta;te;tg;th;ti;tk;tn;to;tr;ts;tt;tum;ug;uk;ur;uz;ve;vi;war;wo;xh;yi;yo;zh-Hans;zh-Hant;zu,
mbZhYseG_NU,2023,1605,False,True,,aa;ab;af;ak;am;ar;as;ay;az;ba;be;bg;bho;bn;bo;br;bs;ca;ceb;co;crs;cs;cy;da;de;dv;dz;ee;el;en;eo;es;et;eu;fa;fi;fil;fj;fo;fr;fy;ga;gaa;gd;gl;gn;gu;gv;ha;haw;hi;hmn;hr;ht;hu;hy;id;ig;is;it;iu;iw;ja;jv;ka;kha;kk;kl;km;kn;ko;kri;ku;ky;la;lb;lg;ln;lo;lt;lua;luo;lv;mfe;mg;mi;mk;ml;mn;mr;ms;mt;my;ne;new;nl;no;nso;ny;oc;om;or;os;pa;pam;pl;ps;pt;pt-PT;qu;rn;ro;ru;ru-orig;rw;sa;sd;sg;si;sk;sl;sm;sn;so;sq;sr;ss;st;su;sv;sw;ta;te;tg;th;ti;tk;tn;to;tr;ts;tt;tum;ug;uk;ur;uz;ve;vi;war;wo;xh;yi;yo;zh-Hans;zh-Hant;zu,
rKrSz-Zo5yQ,2023,1625,False,True,,aa;ab;af;ak;am;ar;as;ay;az;ba;be;bg;bho;bn;bo;br;bs;ca;ceb;co;crs;cs;cy;da;de;dv;dz;ee;el;en;eo;es;et;eu;fa;fi;fil;fj;fo;fr;fy;ga;gaa;gd;gl;gn;gu;gv;ha;haw;hi;hmn;hr;ht;hu;hy;id;ig;is;it;iu;iw;ja;jv;ka;kha;kk;kl;km;kn;ko;kri;ku;ky;la;lb;lg;ln;lo;lt;lua;luo;lv;mfe;mg;mi;mk;ml;mn;mr;ms;mt;my;ne;new;nl;no;nso;ny;oc;om;or;os;pa;pam;pl;ps;pt;pt-PT;qu;rn;ro;ru;ru-orig;rw;sa;sd;sg;si;sk;sl;sm;sn;so;sq;sr;ss;st;su;sv;sw;ta;te;tg;th;ti;tk;tn;to;tr;ts;tt;tum;ug;uk;ur;uz;ve;vi;war;wo;xh;yi;yo;zh-Hans;zh-Hant;zu,
26QDJdLX9og,2023,7953,False,True,,aa;ab;af;ak;am;ar;as;ay;az;ba;be;bg;bho;bn;bo;br;bs;ca;ceb;co;crs;cs;cy;da;de;dv;dz;ee;el;en;eo;es;et;eu;fa;fi;fil;fj;fo;fr;fy;ga;gaa;gd;gl;gn;gu;gv;ha;haw;hi;hmn;hr;ht;hu;hy;id;ig;is;it;iu;iw;ja;jv;ka;kha;kk;kl;km;kn;ko;kri;ku;ky;la;lb;lg;ln;lo;lt;lua;luo;lv;mfe;mg;mi;mk;ml;mn;mr;ms;mt;my;ne;new;nl;no;nso;ny;oc;om;or;os;pa;pam;pl;ps;pt;pt-PT;qu;rn;ro;ru;ru-orig;rw;sa;sd;sg;si;sk;sl;sm;sn;so;sq;sr;ss;st;su;sv;sw;ta;te;tg;th;ti;tk;tn;to;tr;ts;tt;tum;ug;uk;ur;uz;ve;vi;war;wo;xh;yi;yo;zh-Hans;zh-Hant;zu,
Td8MIWW8tsQ,2023,1416,False,True,,aa;ab;af;ak;am;ar;as;ay;az;ba;be;bg;bho;bn;bo;br;bs;ca;ceb;co;crs;cs;cy;da;de;dv;dz;ee;el;en;eo;es;et;eu;fa;fi;fil;fj;fo;fr;fy;ga;gaa;gd;gl;gn;gu;gv;ha;haw;hi;hmn;hr;ht;hu;hy;id;ig;is;it;iu;iw;ja;jv;ka;kha;kk;kl;km;kn;ko;kri;ku;ky;la;lb;lg;ln;lo;lt;lua;luo;lv;mfe;mg;mi;mk;ml;mn;mr;ms;mt;my;ne;new;nl;no;nso;ny;oc;om;or;os;pa;pam;pl;ps;pt;pt-PT;qu;rn;ro;ru;ru-orig;rw;sa;sd;sg;si;sk;sl;sm;sn;so;sq;sr;ss;st;su;sv;sw;ta;te;tg;th;ti;tk;tn;to;tr;ts;tt;tum;ug;uk;ur;uz;ve;vi;war;wo;xh;yi;yo;zh-Hans;zh-Hant;zu,
MEehOskuV8M,2023,28568,False,True,,aa;ab;af;ak;am;ar;as;ay;az;ba;be;bg;bho;bn;bo;br;bs;ca;ceb;co;crs;cs;cy;da;de;dv;dz;ee;el;en;eo;es;et;eu;fa;fi;fil;fj;fo;fr;fy;ga;gaa;gd;gl;gn;gu;gv;ha;haw;hi;hmn;hr;ht;hu;hy;id;ig;is;it;iu;iw;ja;jv;ka;kha;kk;kl;km;kn;ko;kri;ku;ky;la;lb;lg;ln;lo;lt;lua;luo;lv;mfe;mg;mi;mk;ml;mn;mr;ms;mt;my;ne;new;nl;no;nso;ny;oc;om;or;os;pa;pam;pl;ps;pt;pt-PT;qu;rn;ro;ru;ru-orig;rw;sa;sd;sg;si;sk;sl;sm;sn;so;sq;sr;ss;st;su;sv;sw;ta;te;tg;th;ti;tk;tn;to;tr;ts;tt;tum;ug;uk;ur;uz;ve;vi;war;wo;xh;yi;yo;zh-Hans;zh-Hant;zu,
v7lYYYV4VKo,2023,,,,,,ERROR: [youtube] v7lYYYV4VKo: Private video. Sign in if you've been granted access to this video. Use --cookies-from-bro
5-icaeTCSnw,2023,36021,False,True,,aa;ab;af;ak;am;ar;as;ay;az;ba;be;bg;bho;bn;bo;br;bs;ca;ceb;co;crs;cs;cy;da;de;dv;dz;ee;el;en;eo;es;et;eu;fa;fi;fil;fj;fo;fr;fy;ga;gaa;gd;gl;gn;gu;gv;ha;haw;hi;hmn;hr;ht;hu;hy;id;ig;is;it;iu;iw;ja;jv;ka;kha;kk;kl;km;kn;ko;kri;ku;ky;la;lb;lg;ln;lo;lt;lua;luo;lv;mfe;mg;mi;mk;ml;mn;mr;ms;mt;my;ne;new;nl;no;nso;ny;oc;om;or;os;pa;pam;pl;ps;pt;pt-PT;qu;rn;ro;ru;ru-orig;rw;sa;sd;sg;si;sk;sl;sm;sn;so;sq;sr;ss;st;su;sv;sw;ta;te;tg;th;ti;tk;tn;to;tr;ts;tt;tum;ug;uk;ur;uz;ve;vi;war;wo;xh;yi;yo;zh-Hans;zh-Hant;zu,
PXk9JZF5EdA,2023,20623,False,True,,aa;ab;af;ak;am;ar;as;ay;az;ba;be;bg;bho;bn;bo;br;bs;ca;ceb;co;crs;cs;cy;da;de;dv;dz;ee;el;en;eo;es;et;eu;fa;fi;fil;fj;fo;fr;fy;ga;gaa;gd;gl;gn;gu;gv;ha;haw;hi;hmn;hr;ht;hu;hy;id;ig;is;it;iu;iw;ja;jv;ka;kha;kk;kl;km;kn;ko;kri;ku;ky;la;lb;lg;ln;lo;lt;lua;luo;lv;mfe;mg;mi;mk;ml;mn;mr;ms;mt;my;ne;new;nl;no;nso;ny;oc;om;or;os;pa;pam;pl;ps;pt;pt-PT;qu;rn;ro;ru;ru-orig;rw;sa;sd;sg;si;sk;sl;sm;sn;so;sq;sr;ss;st;su;sv;sw;ta;te;tg;th;ti;tk;tn;to;tr;ts;tt;tum;ug;uk;ur;uz;ve;vi;war;wo;xh;yi;yo;zh-Hans;zh-Hant;zu,
-TWByfAUjZI,2023,7738,False,True,,aa;ab;af;ak;am;ar;as;ay;az;ba;be;bg;bho;bn;bo;br;bs;ca;ceb;co;crs;cs;cy;da;de;dv;dz;ee;el;en;eo;es;et;eu;fa;fi;fil;fj;fo;fr;fy;ga;gaa;gd;gl;gn;gu;gv;ha;haw;hi;hmn;hr;ht;hu;hy;id;ig;is;it;iu;iw;ja;jv;ka;kha;kk;kl;km;kn;ko;kri;ku;ky;la;lb;lg;ln;lo;lt;lua;luo;lv;mfe;mg;mi;mk;ml;mn;mr;ms;mt;my;ne;new;nl;no;nso;ny;oc;om;or;os;pa;pam;pl;ps;pt;pt-PT;qu;rn;ro;ru;ru-orig;rw;sa;sd;sg;si;sk;sl;sm;sn;so;sq;sr;ss;st;su;sv;sw;ta;te;tg;th;ti;tk;tn;to;tr;ts;tt;tum;ug;uk;ur;uz;ve;vi;war;wo;xh;yi;yo;zh-Hans;zh-Hant;zu,
JOEpCQDSqns,2023,3154,False,True,,aa;ab;af;ak;am;ar;as;ay;az;ba;be;bg;bho;bn;bo;br;bs;ca;ceb;co;crs;cs;cy;da;de;dv;dz;ee;el;en;eo;es;et;eu;fa;fi;fil;fj;fo;fr;fy;ga;gaa;gd;gl;gn;gu;gv;ha;haw;hi;hmn;hr;ht;hu;hy;id;ig;is;it;iu;iw;ja;jv;ka;kha;kk;kl;km;kn;ko;kri;ku;ky;la;lb;lg;ln;lo;lt;lua;luo;lv;mfe;mg;mi;mk;ml;mn;mr;ms;mt;my;ne;new;nl;no;nso;ny;oc;om;or;os;pa;pam;pl;ps;pt;pt-PT;qu;rn;ro;ru;ru-orig;rw;sa;sd;sg;si;sk;sl;sm;sn;so;sq;sr;ss;st;su;sv;sw;ta;te;tg;th;ti;tk;tn;to;tr;ts;tt;tum;ug;uk;ur;uz;ve;vi;war;wo;xh;yi;yo;zh-Hans;zh-Hant;zu,
UZKA1AnQLfo,2023,2465,False,True,en-GB,aa;ab;af;ak;am;ar;as;ay;az;ba;be;bg;bho;bn;bo;br;bs;ca;ceb;co;crs;cs;cy;da;de;dv;dz;ee;el;en;eo;es;et;eu;fa;fi;fil;fj;fo;fr;fy;ga;gaa;gd;gl;gn;gu;gv;ha;haw;hi;hmn;hr;ht;hu;hy;id;ig;is;it;iu;iw;ja;jv;ka;kha;kk;kl;km;kn;ko;kri;ku;ky;la;lb;lg;ln;lo;lt;lua;luo;lv;mfe;mg;mi;mk;ml;mn;mr;ms;mt;my;ne;new;nl;no;nso;ny;oc;om;or;os;pa;pam;pl;ps;pt;pt-PT;qu;rn;ro;ru;ru-orig;rw;sa;sd;sg;si;sk;sl;sm;sn;so;sq;sr;ss;st;su;sv;sw;ta;te;tg;th;ti;tk;tn;to;tr;ts;tt;tum;ug;uk;ur;uz;ve;vi;war;wo;xh;yi;yo;zh-Hans;zh-Hant;zu,
g_k-enVyhGw,2023,3000,False,True,,aa;ab;af;ak;am;ar;as;ay;az;ba;be;bg;bho;bn;bo;br;bs;ca;ceb;co;crs;cs;cy;da;de;dv;dz;ee;el;en;eo;es;et;eu;fa;fi;fil;fj;fo;fr;fy;ga;gaa;gd;gl;gn;gu;gv;ha;haw;hi;hmn;hr;ht;hu;hy;id;ig;is;it;iu;iw;ja;jv;ka;kha;kk;kl;km;kn;ko;kri;ku;ky;la;lb;lg;ln;lo;lt;lua;luo;lv;mfe;mg;mi;mk;ml;mn;mr;ms;mt;my;ne;new;nl;no;nso;ny;oc;om;or;os;pa;pam;pl;ps;pt;pt-PT;qu;rn;ro;ru;ru-orig;rw;sa;sd;sg;si;sk;sl;sm;sn;so;sq;sr;ss;st;su;sv;sw;ta;te;tg;th;ti;tk;tn;to;tr;ts;tt;tum;ug;uk;ur;uz;ve;vi;war;wo;xh;yi;yo;zh-Hans;zh-Hant;zu,
dURX8wgHSbE,2023,21939,False,True,,aa;ab;af;ak;am;ar;as;ay;az;ba;be;bg;bho;bn;bo;br;bs;ca;ceb;co;crs;cs;cy;da;de;dv;dz;ee;el;en;eo;es;et;eu;fa;fi;fil;fj;fo;fr;fy;ga;gaa;gd;gl;gn;gu;gv;ha;haw;hi;hmn;hr;ht;hu;hy;id;ig;is;it;iu;iw;ja;jv;ka;kha;kk;kl;km;kn;ko;kri;ku;ky;la;lb;lg;ln;lo;lt;lua;luo;lv;mfe;mg;mi;mk;ml;mn;mr;ms;mt;my;ne;new;nl;no;nso;ny;oc;om;or;os;pa;pam;pl;ps;pt;pt-PT;qu;rn;ro;ru;ru-orig;rw;sa;sd;sg;si;sk;sl;sm;sn;so;sq;sr;ss;st;su;sv;sw;ta;te;tg;th;ti;tk;tn;to;tr;ts;tt;tum;ug;uk;ur;uz;ve;vi;war;wo;xh;yi;yo;zh-Hans;zh-Hant;zu,
JECHNCYFkFE,2023,2140,False,True,,aa;ab;af;ak;am;ar;as;ay;az;ba;be;bg;bho;bn;bo;br;bs;ca;ceb;co;crs;cs;cy;da;de;dv;dz;ee;el;en;eo;es;et;eu;fa;fi;fil;fj;fo;fr;fy;ga;gaa;gd;gl;gn;gu;gv;ha;haw;hi;hmn;hr;ht;hu;hy;id;ig;is;it;iu;iw;ja;jv;ka;kha;kk;kl;km;kn;ko;kri;ku;ky;la;lb;lg;ln;lo;lt;lua;luo;lv;mfe;mg;mi;mk;ml;mn;mr;ms;mt;my;ne;new;nl;no;nso;ny;oc;om;or;os;pa;pam;pl;ps;pt;pt-PT;qu;rn;ro;ru;ru-orig;rw;sa;sd;sg;si;sk;sl;sm;sn;so;sq;sr;ss;st;su;sv;sw;ta;te;tg;th;ti;tk;tn;to;tr;ts;tt;tum;ug;uk;ur;uz;ve;vi;war;wo;xh;yi;yo;zh-Hans;zh-Hant;zu,
JJhQwiKLetE,2023,2217,False,True,,aa;ab;af;ak;am;ar;as;ay;az;ba;be;bg;bho;bn;bo;br;bs;ca;ceb;co;crs;cs;cy;da;de;dv;dz;ee;el;en;eo;es;et;eu;fa;fi;fil;fj;fo;fr;fy;ga;gaa;gd;gl;gn;gu;gv;ha;haw;hi;hmn;hr;ht;hu;hy;id;ig;is;it;iu;iw;ja;jv;ka;kha;kk;kl;km;kn;ko;kri;ku;ky;la;lb;lg;ln;lo;lt;lua;luo;lv;mfe;mg;mi;mk;ml;mn;mr;ms;mt;my;ne;new;nl;no;nso;ny;oc;om;or;os;pa;pam;pl;ps;pt;pt-PT;qu;rn;ro;ru;ru-orig;rw;sa;sd;sg;si;sk;sl;sm;sn;so;sq;sr;ss;st;su;sv;sw;ta;te;tg;th;ti;tk;tn;to;tr;ts;tt;tum;ug;uk;ur;uz;ve;vi;war;wo;xh;yi;yo;zh-Hans;zh-Hant;zu,
MEDa4O9fN_s,2023,2279,False,True,,aa;ab;af;ak;am;ar;as;ay;az;ba;be;bg;bho;bn;bo;br;bs;ca;ceb;co;crs;cs;cy;da;de;dv;dz;ee;el;en;eo;es;et;eu;fa;fi;fil;fj;fo;fr;fy;ga;gaa;gd;gl;gn;gu;gv;ha;haw;hi;hmn;hr;ht;hu;hy;id;ig;is;it;iu;iw;ja;jv;ka;kha;kk;kl;km;kn;ko;kri;ku;ky;la;lb;lg;ln;lo;lt;lua;luo;lv;mfe;mg;mi;mk;ml;mn;mr;ms;mt;my;ne;new;nl;no;nso;ny;oc;om;or;os;pa;pam;pl;ps;pt;pt-PT;qu;rn;ro;ru;ru-orig;rw;sa;sd;sg;si;sk;sl;sm;sn;so;sq;sr;ss;st;su;sv;sw;ta;te;tg;th;ti;tk;tn;to;tr;ts;tt;tum;ug;uk;ur;uz;ve;vi;war;wo;xh;yi;yo;zh-Hans;zh-Hant;zu,
TAA73pshkmI,2023,1470,False,True,,aa;ab;af;ak;am;ar;as;ay;az;ba;be;bg;bho;bn;bo;br;bs;ca;ceb;co;crs;cs;cy;da;de;dv;dz;ee;el;en;eo;es;et;eu;fa;fi;fil;fj;fo;fr;fy;ga;gaa;gd;gl;gn;gu;gv;ha;haw;hi;hmn;hr;ht;hu;hy;id;ig;is;it;iu;iw;ja;jv;ka;kha;kk;kl;km;kn;ko;kri;ku;ky;la;lb;lg;ln;lo;lt;lua;luo;lv;mfe;mg;mi;mk;ml;mn;mr;ms;mt;my;ne;new;nl;no;nso;ny;oc;om;or;os;pa;pam;pl;ps;pt;pt-PT;qu;rn;ro;ru;ru-orig;rw;sa;sd;sg;si;sk;sl;sm;sn;so;sq;sr;ss;st;su;sv;sw;ta;te;tg;th;ti;tk;tn;to;tr;ts;tt;tum;ug;uk;ur;uz;ve;vi;war;wo;xh;yi;yo;zh-Hans;zh-Hant;zu,
3nCPdlDYDms,2023,1785,False,True,,aa;ab;af;ak;am;ar;as;ay;az;ba;be;bg;bho;bn;bo;br;bs;ca;ceb;co;crs;cs;cy;da;de;dv;dz;ee;el;en;eo;es;et;eu;fa;fi;fil;fj;fo;fr;fy;ga;gaa;gd;gl;gn;gu;gv;ha;haw;hi;hmn;hr;ht;hu;hy;id;ig;is;it;iu;iw;ja;jv;ka;kha;kk;kl;km;kn;ko;kri;ku;ky;la;lb;lg;ln;lo;lt;lua;luo;lv;mfe;mg;mi;mk;ml;mn;mr;ms;mt;my;ne;new;nl;no;nso;ny;oc;om;or;os;pa;pam;pl;ps;pt;pt-PT;qu;rn;ro;ru;ru-orig;rw;sa;sd;sg;si;sk;sl;sm;sn;so;sq;sr;ss;st;su;sv;sw;ta;te;tg;th;ti;tk;tn;to;tr;ts;tt;tum;ug;uk;ur;uz;ve;vi;war;wo;xh;yi;yo;zh-Hans;zh-Hant;zu,
NzX9ybf8y70,2023,,,,,,timeout
wWjvuPuJO78,2023,2413,False,False,,,
HKPVeyX-ZnQ,2023,2066,False,True,,aa;ab;af;ak;am;ar;as;ay;az;ba;be;bg;bho;bn;bo;br;bs;ca;ceb;co;crs;cs;cy;da;de;dv;dz;ee;el;en;eo;es;et;eu;fa;fi;fil;fj;fo;fr;fy;ga;gaa;gd;gl;gn;gu;gv;ha;haw;hi;hmn;hr;ht;hu;hy;id;ig;is;it;iu;iw;ja;jv;ka;kha;kk;kl;km;kn;ko;kri;ku;ky;la;lb;lg;ln;lo;lt;lua;luo;lv;mfe;mg;mi;mk;ml;mn;mr;ms;mt;my;ne;new;nl;no;nso;ny;oc;om;or;os;pa;pam;pl;ps;pt;pt-PT;qu;rn;ro;ru;ru-orig;rw;sa;sd;sg;si;sk;sl;sm;sn;so;sq;sr;ss;st;su;sv;sw;ta;te;tg;th;ti;tk;tn;to;tr;ts;tt;tum;ug;uk;ur;uz;ve;vi;war;wo;xh;yi;yo;zh-Hans;zh-Hant;zu,
P9iOwncHqBg,2023,2673,False,True,,aa;ab;af;ak;am;ar;as;ay;az;ba;be;bg;bho;bn;bo;br;bs;ca;ceb;co;crs;cs;cy;da;de;dv;dz;ee;el;en;eo;es;et;eu;fa;fi;fil;fj;fo;fr;fy;ga;gaa;gd;gl;gn;gu;gv;ha;haw;hi;hmn;hr;ht;hu;hy;id;ig;is;it;iu;iw;ja;jv;ka;kha;kk;kl;km;kn;ko;kri;ku;ky;la;lb;lg;ln;lo;lt;lua;luo;lv;mfe;mg;mi;mk;ml;mn;mr;ms;mt;my;ne;new;nl;no;nso;ny;oc;om;or;os;pa;pam;pl;ps;pt;pt-PT;qu;rn;ro;ru;ru-orig;rw;sa;sd;sg;si;sk;sl;sm;sn;so;sq;sr;ss;st;su;sv;sw;ta;te;tg;th;ti;tk;tn;to;tr;ts;tt;tum;ug;uk;ur;uz;ve;vi;war;wo;xh;yi;yo;zh-Hans;zh-Hant;zu,
V9h922k2Rtw,2023,2332,False,True,,aa;ab;af;ak;am;ar;as;ay;az;ba;be;bg;bho;bn;bo;br;bs;ca;ceb;co;crs;cs;cy;da;de;dv;dz;ee;el;en;eo;es;et;eu;fa;fi;fil;fj;fo;fr;fy;ga;gaa;gd;gl;gn;gu;gv;ha;haw;hi;hmn;hr;ht;hu;hy;id;ig;is;it;iu;iw;ja;jv;ka;kha;kk;kl;km;kn;ko;kri;ku;ky;la;lb;lg;ln;lo;lt;lua;luo;lv;mfe;mg;mi;mk;ml;mn;mr;ms;mt;my;ne;new;nl;no;nso;ny;oc;om;or;os;pa;pam;pl;ps;pt;pt-PT;qu;rn;ro;ru;ru-orig;rw;sa;sd;sg;si;sk;sl;sm;sn;so;sq;sr;ss;st;su;sv;sw;ta;te;tg;th;ti;tk;tn;to;tr;ts;tt;tum;ug;uk;ur;uz;ve;vi;war;wo;xh;yi;yo;zh-Hans;zh-Hant;zu,
_eEFdrzltmY,2023,2479,False,True,,aa;ab;af;ak;am;ar;as;ay;az;ba;be;bg;bho;bn;bo;br;bs;ca;ceb;co;crs;cs;cy;da;de;dv;dz;ee;el;en;eo;es;et;eu;fa;fi;fil;fj;fo;fr;fy;ga;gaa;gd;gl;gn;gu;gv;ha;haw;hi;hmn;hr;ht;hu;hy;id;ig;is;it;iu;iw;ja;jv;ka;kha;kk;kl;km;kn;ko;kri;ku;ky;la;lb;lg;ln;lo;lt;lua;luo;lv;mfe;mg;mi;mk;ml;mn;mr;ms;mt;my;ne;new;nl;no;nso;ny;oc;om;or;os;pa;pam;pl;ps;pt;pt-PT;qu;rn;ro;ru;ru-orig;rw;sa;sd;sg;si;sk;sl;sm;sn;so;sq;sr;ss;st;su;sv;sw;ta;te;tg;th;ti;tk;tn;to;tr;ts;tt;tum;ug;uk;ur;uz;ve;vi;war;wo;xh;yi;yo;zh-Hans;zh-Hant;zu,
JRa-UfS_AWM,2023,3003,False,True,,aa;ab;af;ak;am;ar;as;ay;az;ba;be;bg;bho;bn;bo;br;bs;ca;ceb;co;crs;cs;cy;da;de;dv;dz;ee;el;en;eo;es;et;eu;fa;fi;fil;fj;fo;fr;fy;ga;gaa;gd;gl;gn;gu;gv;ha;haw;hi;hmn;hr;ht;hu;hy;id;ig;is;it;iu;iw;ja;jv;ka;kha;kk;kl;km;kn;ko;kri;ku;ky;la;lb;lg;ln;lo;lt;lua;luo;lv;mfe;mg;mi;mk;ml;mn;mr;ms;mt;my;ne;new;nl;no;nso;ny;oc;om;or;os;pa;pam;pl;ps;pt;pt-PT;qu;rn;ro;ru;ru-orig;rw;sa;sd;sg;si;sk;sl;sm;sn;so;sq;sr;ss;st;su;sv;sw;ta;te;tg;th;ti;tk;tn;to;tr;ts;tt;tum;ug;uk;ur;uz;ve;vi;war;wo;xh;yi;yo;zh-Hans;zh-Hant;zu,
cFLTV3KZUYM,2023,2759,False,True,,aa;ab;af;ak;am;ar;as;ay;az;ba;be;bg;bho;bn;bo;br;bs;ca;ceb;co;crs;cs;cy;da;de;dv;dz;ee;el;en;eo;es;et;eu;fa;fi;fil;fj;fo;fr;fy;ga;gaa;gd;gl;gn;gu;gv;ha;haw;hi;hmn;hr;ht;hu;hy;id;ig;is;it;iu;iw;ja;jv;ka;kha;kk;kl;km;kn;ko;kri;ku;ky;la;lb;lg;ln;lo;lt;lua;luo;lv;mfe;mg;mi;mk;ml;mn;mr;ms;mt;my;ne;new;nl;no;nso;ny;oc;om;or;os;pa;pam;pl;ps;pt;pt-PT;qu;rn;ro;ru;ru-orig;rw;sa;sd;sg;si;sk;sl;sm;sn;so;sq;sr;ss;st;su;sv;sw;ta;te;tg;th;ti;tk;tn;to;tr;ts;tt;tum;ug;uk;ur;uz;ve;vi;war;wo;xh;yi;yo;zh-Hans;zh-Hant;zu,
6ODttidAwgI,2023,2926,False,True,,aa;ab;af;ak;am;ar;as;ay;az;ba;be;bg;bho;bn;bo;br;bs;ca;ceb;co;crs;cs;cy;da;de;dv;dz;ee;el;en;eo;es;et;eu;fa;fi;fil;fj;fo;fr;fy;ga;gaa;gd;gl;gn;gu;gv;ha;haw;hi;hmn;hr;ht;hu;hy;id;ig;is;it;iu;iw;ja;jv;ka;kha;kk;kl;km;kn;ko;kri;ku;ky;la;lb;lg;ln;lo;lt;lua;luo;lv;mfe;mg;mi;mk;ml;mn;mr;ms;mt;my;ne;new;nl;no;nso;ny;oc;om;or;os;pa;pam;pl;ps;pt;pt-PT;qu;rn;ro;ru;ru-orig;rw;sa;sd;sg;si;sk;sl;sm;sn;so;sq;sr;ss;st;su;sv;sw;ta;te;tg;th;ti;tk;tn;to;tr;ts;tt;tum;ug;uk;ur;uz;ve;vi;war;wo;xh;yi;yo;zh-Hans;zh-Hant;zu,
_lEO_jFsFvs,2023,,,,,,timeout
0OaG7ULAtTQ,2023,3260,False,True,,aa;ab;af;ak;am;ar;as;ay;az;ba;be;bg;bho;bn;bo;br;bs;ca;ceb;co;crs;cs;cy;da;de;dv;dz;ee;el;en;eo;es;et;eu;fa;fi;fil;fj;fo;fr;fy;ga;gaa;gd;gl;gn;gu;gv;ha;haw;hi;hmn;hr;ht;hu;hy;id;ig;is;it;iu;iw;ja;jv;ka;kha;kk;kl;km;kn;ko;kri;ku;ky;la;lb;lg;ln;lo;lt;lua;luo;lv;mfe;mg;mi;mk;ml;mn;mr;ms;mt;my;ne;new;nl;no;nso;ny;oc;om;or;os;pa;pam;pl;ps;pt;pt-PT;qu;rn;ro;ru;ru-orig;rw;sa;sd;sg;si;sk;sl;sm;sn;so;sq;sr;ss;st;su;sv;sw;ta;te;tg;th;ti;tk;tn;to;tr;ts;tt;tum;ug;uk;ur;uz;ve;vi;war;wo;xh;yi;yo;zh-Hans;zh-Hant;zu,
BiB62h4h8nA,2023,3101,False,True,,aa;ab;af;ak;am;ar;as;ay;az;ba;be;bg;bho;bn;bo;br;bs;ca;ceb;co;crs;cs;cy;da;de;dv;dz;ee;el;en;eo;es;et;eu;fa;fi;fil;fj;fo;fr;fy;ga;gaa;gd;gl;gn;gu;gv;ha;haw;hi;hmn;hr;ht;hu;hy;id;ig;is;it;iu;iw;ja;jv;ka;kha;kk;kl;km;kn;ko;kri;ku;ky;la;lb;lg;ln;lo;lt;lua;luo;lv;mfe;mg;mi;mk;ml;mn;mr;ms;mt;my;ne;new;nl;no;nso;ny;oc;om;or;os;pa;pam;pl;ps;pt;pt-PT;qu;rn;ro;ru;ru-orig;rw;sa;sd;sg;si;sk;sl;sm;sn;so;sq;sr;ss;st;su;sv;sw;ta;te;tg;th;ti;tk;tn;to;tr;ts;tt;tum;ug;uk;ur;uz;ve;vi;war;wo;xh;yi;yo;zh-Hans;zh-Hant;zu,
3EGajKOPdqE,2023,2728,False,True,,aa;ab;af;ak;am;ar;as;ay;az;ba;be;bg;bho;bn;bo;br;bs;ca;ceb;co;crs;cs;cy;da;de;dv;dz;ee;el;en;eo;es;et;eu;fa;fi;fil;fj;fo;fr;fy;ga;gaa;gd;gl;gn;gu;gv;ha;haw;hi;hmn;hr;ht;hu;hy;id;ig;is;it;iu;iw;ja;jv;ka;kha;kk;kl;km;kn;ko;kri;ku;ky;la;lb;lg;ln;lo;lt;lua;luo;lv;mfe;mg;mi;mk;ml;mn;mr;ms;mt;my;ne;new;nl;no;nso;ny;oc;om;or;os;pa;pam;pl;ps;pt;pt-PT;qu;rn;ro;ru;ru-orig;rw;sa;sd;sg;si;sk;sl;sm;sn;so;sq;sr;ss;st;su;sv;sw;ta;te;tg;th;ti;tk;tn;to;tr;ts;tt;tum;ug;uk;ur;uz;ve;vi;war;wo;xh;yi;yo;zh-Hans;zh-Hant;zu,
Choawymmx54,2023,2024,False,True,,aa;ab;af;ak;am;ar;as;ay;az;ba;be;bg;bho;bn;bo;br;bs;ca;ceb;co;crs;cs;cy;da;de;dv;dz;ee;el;en;eo;es;et;eu;fa;fi;fil;fj;fo;fr;fy;ga;gaa;gd;gl;gn;gu;gv;ha;haw;hi;hmn;hr;ht;hu;hy;id;ig;is;it;iu;iw;ja;jv;ka;kha;kk;kl;km;kn;ko;kri;ku;ky;la;lb;lg;ln;lo;lt;lua;luo;lv;mfe;mg;mi;mk;ml;mn;mr;ms;mt;my;ne;new;nl;no;nso;ny;oc;om;or;os;pa;pam;pl;ps;pt;pt-PT;qu;rn;ro;ru;ru-orig;rw;sa;sd;sg;si;sk;sl;sm;sn;so;sq;sr;ss;st;su;sv;sw;ta;te;tg;th;ti;tk;tn;to;tr;ts;tt;tum;ug;uk;ur;uz;ve;vi;war;wo;xh;yi;yo;zh-Hans;zh-Hant;zu,
RmK8B20-gfo,2023,2479,False,True,,aa;ab;af;ak;am;ar;as;ay;az;ba;be;bg;bho;bn;bo;br;bs;ca;ceb;co;crs;cs;cy;da;de;dv;dz;ee;el;en;eo;es;et;eu;fa;fi;fil;fj;fo;fr;fy;ga;gaa;gd;gl;gn;gu;gv;ha;haw;hi;hmn;hr;ht;hu;hy;id;ig;is;it;iu;iw;ja;jv;ka;kha;kk;kl;km;kn;ko;kri;ku;ky;la;lb;lg;ln;lo;lt;lua;luo;lv;mfe;mg;mi;mk;ml;mn;mr;ms;mt;my;ne;new;nl;no;nso;ny;oc;om;or;os;pa;pam;pl;ps;pt;pt-PT;qu;rn;ro;ru;ru-orig;rw;sa;sd;sg;si;sk;sl;sm;sn;so;sq;sr;ss;st;su;sv;sw;ta;te;tg;th;ti;tk;tn;to;tr;ts;tt;tum;ug;uk;ur;uz;ve;vi;war;wo;xh;yi;yo;zh-Hans;zh-Hant;zu,
iZpNScaZX8g,2023,1831,False,True,,aa;ab;af;ak;am;ar;as;ay;az;ba;be;bg;bho;bn;bo;br;bs;ca;ceb;co;crs;cs;cy;da;de;dv;dz;ee;el;en;eo;es;et;eu;fa;fi;fil;fj;fo;fr;fy;ga;gaa;gd;gl;gn;gu;gv;ha;haw;hi;hmn;hr;ht;hu;hy;id;ig;is;it;iu;iw;ja;jv;ka;kha;kk;kl;km;kn;ko;kri;ku;ky;la;lb;lg;ln;lo;lt;lua;luo;lv;mfe;mg;mi;mk;ml;mn;mr;ms;mt;my;ne;new;nl;no;nso;ny;oc;om;or;os;pa;pam;pl;ps;pt;pt-PT;qu;rn;ro;ru;ru-orig;rw;sa;sd;sg;si;sk;sl;sm;sn;so;sq;sr;ss;st;su;sv;sw;ta;te;tg;th;ti;tk;tn;to;tr;ts;tt;tum;ug;uk;ur;uz;ve;vi;war;wo;xh;yi;yo;zh-Hans;zh-Hant;zu,
C62rJKuqSnE,2023,1847,False,True,,aa;ab;af;ak;am;ar;as;ay;az;ba;be;bg;bho;bn;bo;br;bs;ca;ceb;co;crs;cs;cy;da;de;dv;dz;ee;el;en;eo;es;et;eu;fa;fi;fil;fj;fo;fr;fy;ga;gaa;gd;gl;gn;gu;gv;ha;haw;hi;hmn;hr;ht;hu;hy;id;ig;is;it;iu;iw;ja;jv;ka;kha;kk;kl;km;kn;ko;kri;ku;ky;la;lb;lg;ln;lo;lt;lua;luo;lv;mfe;mg;mi;mk;ml;mn;mr;ms;mt;my;ne;new;nl;no;nso;ny;oc;om;or;os;pa;pam;pl;ps;pt;pt-PT;qu;rn;ro;ru;ru-orig;rw;sa;sd;sg;si;sk;sl;sm;sn;so;sq;sr;ss;st;su;sv;sw;ta;te;tg;th;ti;tk;tn;to;tr;ts;tt;tum;ug;uk;ur;uz;ve;vi;war;wo;xh;yi;yo;zh-Hans;zh-Hant;zu,
7zWZZqhSoeY,2023,2794,False,True,,aa;ab;af;ak;am;ar;as;ay;az;ba;be;bg;bho;bn;bo;br;bs;ca;ceb;co;crs;cs;cy;da;de;dv;dz;ee;el;en;eo;es;et;eu;fa;fi;fil;fj;fo;fr;fy;ga;gaa;gd;gl;gn;gu;gv;ha;haw;hi;hmn;hr;ht;hu;hy;id;ig;is;it;iu;iw;ja;jv;ka;kha;kk;kl;km;kn;ko;kri;ku;ky;la;lb;lg;ln;lo;lt;lua;luo;lv;mfe;mg;mi;mk;ml;mn;mr;ms;mt;my;ne;new;nl;no;nso;ny;oc;om;or;os;pa;pam;pl;ps;pt;pt-PT;qu;rn;ro;ru;ru-orig;rw;sa;sd;sg;si;sk;sl;sm;sn;so;sq;sr;ss;st;su;sv;sw;ta;te;tg;th;ti;tk;tn;to;tr;ts;tt;tum;ug;uk;ur;uz;ve;vi;war;wo;xh;yi;yo;zh-Hans;zh-Hant;zu,
yVt70DiQ86Y,2023,,,,,,timeout
RS0K_oSaBPc,2023,2069,False,True,,aa;ab;af;ak;am;ar;as;ay;az;ba;be;bg;bho;bn;bo;br;bs;ca;ceb;co;crs;cs;cy;da;de;dv;dz;ee;el;en;eo;es;et;eu;fa;fi;fil;fj;fo;fr;fy;ga;gaa;gd;gl;gn;gu;gv;ha;haw;hi;hmn;hr;ht;hu;hy;id;ig;is;it;iu;iw;ja;jv;ka;kha;kk;kl;km;kn;ko;kri;ku;ky;la;lb;lg;ln;lo;lt;lua;luo;lv;mfe;mg;mi;mk;ml;mn;mr;ms;mt;my;ne;new;nl;no;nso;ny;oc;om;or;os;pa;pam;pl;ps;pt;pt-PT;qu;rn;ro;ru;ru-orig;rw;sa;sd;sg;si;sk;sl;sm;sn;so;sq;sr;ss;st;su;sv;sw;ta;te;tg;th;ti;tk;tn;to;tr;ts;tt;tum;ug;uk;ur;uz;ve;vi;war;wo;xh;yi;yo;zh-Hans;zh-Hant;zu,
7R_EPJQ-zw0,2023,1669,False,False,,,
fRLisVdIIQk,2023,2822,False,True,,aa;ab;af;ak;am;ar;as;ay;az;ba;be;bg;bho;bn;bo;br;bs;ca;ceb;co;crs;cs;cy;da;de;dv;dz;ee;el;en;eo;es;et;eu;fa;fi;fil;fj;fo;fr;fy;ga;gaa;gd;gl;gn;gu;gv;ha;haw;hi;hmn;hr;ht;hu;hy;id;ig;is;it;iu;iw;ja;jv;ka;kha;kk;kl;km;kn;ko;kri;ku;ky;la;lb;lg;ln;lo;lt;lua;luo;lv;mfe;mg;mi;mk;ml;mn;mr;ms;mt;my;ne;new;nl;no;nso;ny;oc;om;or;os;pa;pam;pl;ps;pt;pt-PT;qu;rn;ro;ru;ru-orig;rw;sa;sd;sg;si;sk;sl;sm;sn;so;sq;sr;ss;st;su;sv;sw;ta;te;tg;th;ti;tk;tn;to;tr;ts;tt;tum;ug;uk;ur;uz;ve;vi;war;wo;xh;yi;yo;zh-Hans;zh-Hant;zu,
MxE72XyRlZU,2023,1783,False,True,,aa;ab;af;ak;am;ar;as;ay;az;ba;be;bg;bho;bn;bo;br;bs;ca;ceb;co;crs;cs;cy;da;de;dv;dz;ee;el;en;eo;es;et;eu;fa;fi;fil;fj;fo;fr;fy;ga;gaa;gd;gl;gn;gu;gv;ha;haw;hi;hmn;hr;ht;hu;hy;id;ig;is;it;iu;iw;ja;jv;ka;kha;kk;kl;km;kn;ko;kri;ku;ky;la;lb;lg;ln;lo;lt;lua;luo;lv;mfe;mg;mi;mk;ml;mn;mr;ms;mt;my;ne;new;nl;no;nso;ny;oc;om;or;os;pa;pam;pl;ps;pt;pt-PT;qu;rn;ro;ru;ru-orig;rw;sa;sd;sg;si;sk;sl;sm;sn;so;sq;sr;ss;st;su;sv;sw;ta;te;tg;th;ti;tk;tn;to;tr;ts;tt;tum;ug;uk;ur;uz;ve;vi;war;wo;xh;yi;yo;zh-Hans;zh-Hant;zu,
PwLF0kENJjQ,2023,2324,False,False,,,
sPTf2oBDn7c,2023,3473,False,True,,aa;ab;af;ak;am;ar;as;ay;az;ba;be;bg;bho;bn;bo;br;bs;ca;ceb;co;crs;cs;cy;da;de;dv;dz;ee;el;en;eo;es;et;eu;fa;fi;fil;fj;fo;fr;fy;ga;gaa;gd;gl;gn;gu;gv;ha;haw;hi;hmn;hr;ht;hu;hy;id;ig;is;it;iu;iw;ja;jv;ka;kha;kk;kl;km;kn;ko;kri;ku;ky;la;lb;lg;ln;lo;lt;lua;luo;lv;mfe;mg;mi;mk;ml;mn;mr;ms;mt;my;ne;new;nl;no;nso;ny;oc;om;or;os;pa;pam;pl;ps;pt;pt-PT;qu;rn;ro;ru;ru-orig;rw;sa;sd;sg;si;sk;sl;sm;sn;so;sq;sr;ss;st;su;sv;sw;ta;te;tg;th;ti;tk;tn;to;tr;ts;tt;tum;ug;uk;ur;uz;ve;vi;war;wo;xh;yi;yo;zh-Hans;zh-Hant;zu,
BLOf6OyiN7w,2023,2016,False,True,,aa;ab;af;ak;am;ar;as;ay;az;ba;be;bg;bho;bn;bo;br;bs;ca;ceb;co;crs;cs;cy;da;de;dv;dz;ee;el;en;eo;es;et;eu;fa;fi;fil;fj;fo;fr;fy;ga;gaa;gd;gl;gn;gu;gv;ha;haw;hi;hmn;hr;ht;hu;hy;id;ig;is;it;iu;iw;ja;jv;ka;kha;kk;kl;km;kn;ko;kri;ku;ky;la;lb;lg;ln;lo;lt;lua;luo;lv;mfe;mg;mi;mk;ml;mn;mr;ms;mt;my;ne;new;nl;no;nso;ny;oc;om;or;os;pa;pam;pl;ps;pt;pt-PT;qu;rn;ro;ru;ru-orig;rw;sa;sd;sg;si;sk;sl;sm;sn;so;sq;sr;ss;st;su;sv;sw;ta;te;tg;th;ti;tk;tn;to;tr;ts;tt;tum;ug;uk;ur;uz;ve;vi;war;wo;xh;yi;yo;zh-Hans;zh-Hant;zu,
9jCNZO4vSBs,2023,,,,,,timeout
HF0630FdIfo,2023,1192,False,True,,aa;ab;af;ak;am;ar;as;ay;az;ba;be;bg;bho;bn;bo;br;bs;ca;ceb;co;crs;cs;cy;da;de;dv;dz;ee;el;en;eo;es;et;eu;fa;fi;fil;fj;fo;fr;fy;ga;gaa;gd;gl;gn;gu;gv;ha;haw;hi;hmn;hr;ht;hu;hy;id;ig;is;it;iu;iw;ja;jv;ka;kha;kk;kl;km;kn;ko;kri;ku;ky;la;lb;lg;ln;lo;lt;lua;luo;lv;mfe;mg;mi;mk;ml;mn;mr;ms;mt;my;ne;new;nl;no;nso;ny;oc;om;or;os;pa;pam;pl;ps;pt;pt-PT;qu;rn;ro;ru;ru-orig;rw;sa;sd;sg;si;sk;sl;sm;sn;so;sq;sr;ss;st;su;sv;sw;ta;te;tg;th;ti;tk;tn;to;tr;ts;tt;tum;ug;uk;ur;uz;ve;vi;war;wo;xh;yi;yo;zh-Hans;zh-Hant;zu,
82ifgU5wGzk,2023,3365,False,True,,aa;ab;af;ak;am;ar;as;ay;az;ba;be;bg;bho;bn;bo;br;bs;ca;ceb;co;crs;cs;cy;da;de;dv;dz;ee;el;en;eo;es;et;eu;fa;fi;fil;fj;fo;fr;fy;ga;gaa;gd;gl;gn;gu;gv;ha;haw;hi;hmn;hr;ht;hu;hy;id;ig;is;it;iu;iw;ja;jv;ka;kha;kk;kl;km;kn;ko;kri;ku;ky;la;lb;lg;ln;lo;lt;lua;luo;lv;mfe;mg;mi;mk;ml;mn;mr;ms;mt;my;ne;new;nl;no;nso;ny;oc;om;or;os;pa;pam;pl;ps;pt;pt-PT;qu;rn;ro;ru;ru-orig;rw;sa;sd;sg;si;sk;sl;sm;sn;so;sq;sr;ss;st;su;sv;sw;ta;te;tg;th;ti;tk;tn;to;tr;ts;tt;tum;ug;uk;ur;uz;ve;vi;war;wo;xh;yi;yo;zh-Hans;zh-Hant;zu,
yAXJtALS5Mw,2023,1668,False,True,,aa;ab;af;ak;am;ar;as;ay;az;ba;be;bg;bho;bn;bo;br;bs;ca;ceb;co;crs;cs;cy;da;de;dv;dz;ee;el;en;eo;es;et;eu;fa;fi;fil;fj;fo;fr;fy;ga;gaa;gd;gl;gn;gu;gv;ha;haw;hi;hmn;hr;ht;hu;hy;id;ig;is;it;iu;iw;ja;jv;ka;kha;kk;kl;km;kn;ko;kri;ku;ky;la;lb;lg;ln;lo;lt;lua;luo;lv;mfe;mg;mi;mk;ml;mn;mr;ms;mt;my;ne;new;nl;no;nso;ny;oc;om;or;os;pa;pam;pl;ps;pt;pt-PT;qu;rn;ro;ru;ru-orig;rw;sa;sd;sg;si;sk;sl;sm;sn;so;sq;sr;ss;st;su;sv;sw;ta;te;tg;th;ti;tk;tn;to;tr;ts;tt;tum;ug;uk;ur;uz;ve;vi;war;wo;xh;yi;yo;zh-Hans;zh-Hant;zu,
BSgUPZ3eZns,2023,,,,,,timeout
5GjkwpG1v9A,2023,2256,False,True,,aa;ab;af;ak;am;ar;as;ay;az;ba;be;bg;bho;bn;bo;br;bs;ca;ceb;co;crs;cs;cy;da;de;dv;dz;ee;el;en;eo;es;et;eu;fa;fi;fil;fj;fo;fr;fy;ga;gaa;gd;gl;gn;gu;gv;ha;haw;hi;hmn;hr;ht;hu;hy;id;ig;is;it;iu;iw;ja;jv;ka;kha;kk;kl;km;kn;ko;kri;ku;ky;la;lb;lg;ln;lo;lt;lua;luo;lv;mfe;mg;mi;mk;ml;mn;mr;ms;mt;my;ne;new;nl;no;nso;ny;oc;om;or;os;pa;pam;pl;ps;pt;pt-PT;qu;rn;ro;ru;ru-orig;rw;sa;sd;sg;si;sk;sl;sm;sn;so;sq;sr;ss;st;su;sv;sw;ta;te;tg;th;ti;tk;tn;to;tr;ts;tt;tum;ug;uk;ur;uz;ve;vi;war;wo;xh;yi;yo;zh-Hans;zh-Hant;zu,
HK3j9S0ibio,2023,2424,False,True,,aa;ab;af;ak;am;ar;as;ay;az;ba;be;bg;bho;bn;bo;br;bs;ca;ceb;co;crs;cs;cy;da;de;dv;dz;ee;el;en;eo;es;et;eu;fa;fi;fil;fj;fo;fr;fy;ga;gaa;gd;gl;gn;gu;gv;ha;haw;hi;hmn;hr;ht;hu;hy;id;ig;is;it;iu;iw;ja;jv;ka;kha;kk;kl;km;kn;ko;kri;ku;ky;la;lb;lg;ln;lo;lt;lua;luo;lv;mfe;mg;mi;mk;ml;mn;mr;ms;mt;my;ne;new;nl;no;nso;ny;oc;om;or;os;pa;pam;pl;ps;pt;pt-PT;qu;rn;ro;ru;ru-orig;rw;sa;sd;sg;si;sk;sl;sm;sn;so;sq;sr;ss;st;su;sv;sw;ta;te;tg;th;ti;tk;tn;to;tr;ts;tt;tum;ug;uk;ur;uz;ve;vi;war;wo;xh;yi;yo;zh-Hans;zh-Hant;zu,
LyBXlD_tbw0,2023,357,False,False,,,
gFgY9bMDR-Y,2023,1274,False,False,,,
GnlEx7DLpHk,2023,,,,,,ERROR: [youtube] GnlEx7DLpHk: Private video. Sign in if you've been granted access to this video. Use --cookies-from-bro
1LYgxkrB2gU,2023,2797,False,True,,aa;ab;af;ak;am;ar;as;ay;az;ba;be;bg;bho;bn;bo;br;bs;ca;ceb;co;crs;cs;cy;da;de;dv;dz;ee;el;en;eo;es;et;eu;fa;fi;fil;fj;fo;fr;fy;ga;gaa;gd;gl;gn;gu;gv;ha;haw;hi;hmn;hr;ht;hu;hy;id;ig;is;it;iu;iw;ja;jv;ka;kha;kk;kl;km;kn;ko;kri;ku;ky;la;lb;lg;ln;lo;lt;lua;luo;lv;mfe;mg;mi;mk;ml;mn;mr;ms;mt;my;ne;new;nl;no;nso;ny;oc;om;or;os;pa;pam;pl;ps;pt;pt-PT;qu;rn;ro;ru;ru-orig;rw;sa;sd;sg;si;sk;sl;sm;sn;so;sq;sr;ss;st;su;sv;sw;ta;te;tg;th;ti;tk;tn;to;tr;ts;tt;tum;ug;uk;ur;uz;ve;vi;war;wo;xh;yi;yo;zh-Hans;zh-Hant;zu,
bZ884WoyOKo,2023,2016,False,True,,aa;ab;af;ak;am;ar;as;ay;az;ba;be;bg;bho;bn;bo;br;bs;ca;ceb;co;crs;cs;cy;da;de;dv;dz;ee;el;en;en-orig;eo;es;et;eu;fa;fi;fil;fj;fo;fr;fy;ga;gaa;gd;gl;gn;gu;gv;ha;haw;hi;hmn;hr;ht;hu;hy;id;ig;is;it;iu;iw;ja;jv;ka;kha;kk;kl;km;kn;ko;kri;ku;ky;la;lb;lg;ln;lo;lt;lua;luo;lv;mfe;mg;mi;mk;ml;mn;mr;ms;mt;my;ne;new;nl;no;nso;ny;oc;om;or;os;pa;pam;pl;ps;pt;pt-PT;qu;rn;ro;ru;rw;sa;sd;sg;si;sk;sl;sm;sn;so;sq;sr;ss;st;su;sv;sw;ta;te;tg;th;ti;tk;tn;to;tr;ts;tt;tum;ug;uk;ur;uz;ve;vi;war;wo;xh;yi;yo;zh-Hans;zh-Hant;zu,
th08QMEzarQ,2024,1695,False,True,,aa;ab;af;ak;am;ar;as;ay;az;ba;be;bg;bho;bn;bo;br;bs;ca;ceb;co;crs;cs;cy;da;de;dv;dz;ee;el;en;eo;es;et;eu;fa;fi;fil;fj;fo;fr;fy;ga;gaa;gd;gl;gn;gu;gv;ha;haw;hi;hmn;hr;ht;hu;hy;id;ig;is;it;iu;iw;ja;jv;ka;kha;kk;kl;km;kn;ko;kri;ku;ky;la;lb;lg;ln;lo;lt;lua;luo;lv;mfe;mg;mi;mk;ml;mn;mr;ms;mt;my;ne;new;nl;no;nso;ny;oc;om;or;os;pa;pam;pl;ps;pt;pt-PT;qu;rn;ro;ru;ru-orig;rw;sa;sd;sg;si;sk;sl;sm;sn;so;sq;sr;ss;st;su;sv;sw;ta;te;tg;th;ti;tk;tn;to;tr;ts;tt;tum;ug;uk;ur;uz;ve;vi;war;wo;xh;yi;yo;zh-Hans;zh-Hant;zu,
u88egVZAsuA,2024,1895,False,True,,aa;ab;af;ak;am;ar;as;ay;az;ba;be;bg;bho;bn;bo;br;bs;ca;ceb;co;crs;cs;cy;da;de;dv;dz;ee;el;en;eo;es;et;eu;fa;fi;fil;fj;fo;fr;fy;ga;gaa;gd;gl;gn;gu;gv;ha;haw;hi;hmn;hr;ht;hu;hy;id;ig;is;it;iu;iw;ja;jv;ka;kha;kk;kl;km;kn;ko;kri;ku;ky;la;lb;lg;ln;lo;lt;lua;luo;lv;mfe;mg;mi;mk;ml;mn;mr;ms;mt;my;ne;new;nl;no;nso;ny;oc;om;or;os;pa;pam;pl;ps;pt;pt-PT;qu;rn;ro;ru;ru-orig;rw;sa;sd;sg;si;sk;sl;sm;sn;so;sq;sr;ss;st;su;sv;sw;ta;te;tg;th;ti;tk;tn;to;tr;ts;tt;tum;ug;uk;ur;uz;ve;vi;war;wo;xh;yi;yo;zh-Hans;zh-Hant;zu,
XU21duRgwNI,2024,1554,False,True,,aa;ab;af;ak;am;ar;as;ay;az;ba;be;bg;bho;bn;bo;br;bs;ca;ceb;co;crs;cs;cy;da;de;dv;dz;ee;el;en;eo;es;et;eu;fa;fi;fil;fj;fo;fr;fy;ga;gaa;gd;gl;gn;gu;gv;ha;haw;hi;hmn;hr;ht;hu;hy;id;ig;is;it;iu;iw;ja;jv;ka;kha;kk;kl;km;kn;ko;kri;ku;ky;la;lb;lg;ln;lo;lt;lua;luo;lv;mfe;mg;mi;mk;ml;mn;mr;ms;mt;my;ne;new;nl;no;nso;ny;oc;om;or;os;pa;pam;pl;ps;pt;pt-PT;qu;rn;ro;ru;ru-orig;rw;sa;sd;sg;si;sk;sl;sm;sn;so;sq;sr;ss;st;su;sv;sw;ta;te;tg;th;ti;tk;tn;to;tr;ts;tt;tum;ug;uk;ur;uz;ve;vi;war;wo;xh;yi;yo;zh-Hans;zh-Hant;zu,
R7-CyowY1o0,2024,1362,False,True,,aa;ab;af;ak;am;ar;as;ay;az;ba;be;bg;bho;bn;bo;br;bs;ca;ceb;co;crs;cs;cy;da;de;dv;dz;ee;el;en;eo;es;et;eu;fa;fi;fil;fj;fo;fr;fy;ga;gaa;gd;gl;gn;gu;gv;ha;haw;hi;hmn;hr;ht;hu;hy;id;ig;is;it;iu;iw;ja;jv;ka;kha;kk;kl;km;kn;ko;kri;ku;ky;la;lb;lg;ln;lo;lt;lua;luo;lv;mfe;mg;mi;mk;ml;mn;mr;ms;mt;my;ne;new;nl;no;nso;ny;oc;om;or;os;pa;pam;pl;ps;pt;pt-PT;qu;rn;ro;ru;ru-orig;rw;sa;sd;sg;si;sk;sl;sm;sn;so;sq;sr;ss;st;su;sv;sw;ta;te;tg;th;ti;tk;tn;to;tr;ts;tt;tum;ug;uk;ur;uz;ve;vi;war;wo;xh;yi;yo;zh-Hans;zh-Hant;zu,
Uv3TH3B8SXQ,2024,1361,False,True,,aa;ab;af;ak;am;ar;as;ay;az;ba;be;bg;bho;bn;bo;br;bs;ca;ceb;co;crs;cs;cy;da;de;dv;dz;ee;el;en;eo;es;et;eu;fa;fi;fil;fj;fo;fr;fy;ga;gaa;gd;gl;gn;gu;gv;ha;haw;hi;hmn;hr;ht;hu;hy;id;ig;is;it;iu;iw;ja;jv;ka;kha;kk;kl;km;kn;ko;kri;ku;ky;la;lb;lg;ln;lo;lt;lua;luo;lv;mfe;mg;mi;mk;ml;mn;mr;ms;mt;my;ne;new;nl;no;nso;ny;oc;om;or;os;pa;pam;pl;ps;pt;pt-PT;qu;rn;ro;ru;ru-orig;rw;sa;sd;sg;si;sk;sl;sm;sn;so;sq;sr;ss;st;su;sv;sw;ta;te;tg;th;ti;tk;tn;to;tr;ts;tt;tum;ug;uk;ur;uz;ve;vi;war;wo;xh;yi;yo;zh-Hans;zh-Hant;zu,
yCP1l3cBmLM,2024,1886,False,True,,aa;ab;af;ak;am;ar;as;ay;az;ba;be;bg;bho;bn;bo;br;bs;ca;ceb;co;crs;cs;cy;da;de;dv;dz;ee;el;en;eo;es;et;eu;fa;fi;fil;fj;fo;fr;fy;ga;gaa;gd;gl;gn;gu;gv;ha;haw;hi;hmn;hr;ht;hu;hy;id;ig;is;it;iu;iw;ja;jv;ka;kha;kk;kl;km;kn;ko;kri;ku;ky;la;lb;lg;ln;lo;lt;lua;luo;lv;mfe;mg;mi;mk;ml;mn;mr;ms;mt;my;ne;new;nl;no;nso;ny;oc;om;or;os;pa;pam;pl;ps;pt;pt-PT;qu;rn;ro;ru;ru-orig;rw;sa;sd;sg;si;sk;sl;sm;sn;so;sq;sr;ss;st;su;sv;sw;ta;te;tg;th;ti;tk;tn;to;tr;ts;tt;tum;ug;uk;ur;uz;ve;vi;war;wo;xh;yi;yo;zh-Hans;zh-Hant;zu,
oMObNcmRYRk,2024,1765,False,True,,aa;ab;af;ak;am;ar;as;ay;az;ba;be;bg;bho;bn;bo;br;bs;ca;ceb;co;crs;cs;cy;da;de;dv;dz;ee;el;en;eo;es;et;eu;fa;fi;fil;fj;fo;fr;fy;ga;gaa;gd;gl;gn;gu;gv;ha;haw;hi;hmn;hr;ht;hu;hy;id;ig;is;it;iu;iw;ja;jv;ka;kha;kk;kl;km;kn;ko;kri;ku;ky;la;lb;lg;ln;lo;lt;lua;luo;lv;mfe;mg;mi;mk;ml;mn;mr;ms;mt;my;ne;new;nl;no;nso;ny;oc;om;or;os;pa;pam;pl;ps;pt;pt-PT;qu;rn;ro;ru;ru-orig;rw;sa;sd;sg;si;sk;sl;sm;sn;so;sq;sr;ss;st;su;sv;sw;ta;te;tg;th;ti;tk;tn;to;tr;ts;tt;tum;ug;uk;ur;uz;ve;vi;war;wo;xh;yi;yo;zh-Hans;zh-Hant;zu,
PWhKoPbPORg,2024,2118,False,True,,aa;ab;af;ak;am;ar;as;ay;az;ba;be;bg;bho;bn;bo;br;bs;ca;ceb;co;crs;cs;cy;da;de;dv;dz;ee;el;en;eo;es;et;eu;fa;fi;fil;fj;fo;fr;fy;ga;gaa;gd;gl;gn;gu;gv;ha;haw;hi;hmn;hr;ht;hu;hy;id;ig;is;it;iu;iw;ja;jv;ka;kha;kk;kl;km;kn;ko;kri;ku;ky;la;lb;lg;ln;lo;lt;lua;luo;lv;mfe;mg;mi;mk;ml;mn;mr;ms;mt;my;ne;new;nl;no;nso;ny;oc;om;or;os;pa;pam;pl;ps;pt;pt-PT;qu;rn;ro;ru;ru-orig;rw;sa;sd;sg;si;sk;sl;sm;sn;so;sq;sr;ss;st;su;sv;sw;ta;te;tg;th;ti;tk;tn;to;tr;ts;tt;tum;ug;uk;ur;uz;ve;vi;war;wo;xh;yi;yo;zh-Hans;zh-Hant;zu,
xVC-yyyGzm4,2024,1898,False,True,,aa;ab;af;ak;am;ar;as;ay;az;ba;be;bg;bho;bn;bo;br;bs;ca;ceb;co;crs;cs;cy;da;de;dv;dz;ee;el;en;eo;es;et;eu;fa;fi;fil;fj;fo;fr;fy;ga;gaa;gd;gl;gn;gu;gv;ha;haw;hi;hmn;hr;ht;hu;hy;id;ig;is;it;iu;iw;ja;jv;ka;kha;kk;kl;km;kn;ko;kri;ku;ky;la;lb;lg;ln;lo;lt;lua;luo;lv;mfe;mg;mi;mk;ml;mn;mr;ms;mt;my;ne;new;nl;no;nso;ny;oc;om;or;os;pa;pam;pl;ps;pt;pt-PT;qu;rn;ro;ru;ru-orig;rw;sa;sd;sg;si;sk;sl;sm;sn;so;sq;sr;ss;st;su;sv;sw;ta;te;tg;th;ti;tk;tn;to;tr;ts;tt;tum;ug;uk;ur;uz;ve;vi;war;wo;xh;yi;yo;zh-Hans;zh-Hant;zu,
uCW9Ja43faU,2024,2150,False,True,,aa;ab;af;ak;am;ar;as;ay;az;ba;be;bg;bho;bn;bo;br;bs;ca;ceb;co;crs;cs;cy;da;de;dv;dz;ee;el;en;eo;es;et;eu;fa;fi;fil;fj;fo;fr;fy;ga;gaa;gd;gl;gn;gu;gv;ha;haw;hi;hmn;hr;ht;hu;hy;id;ig;is;it;iu;iw;ja;jv;ka;kha;kk;kl;km;kn;ko;kri;ku;ky;la;lb;lg;ln;lo;lt;lua;luo;lv;mfe;mg;mi;mk;ml;mn;mr;ms;mt;my;ne;new;nl;no;nso;ny;oc;om;or;os;pa;pam;pl;ps;pt;pt-PT;qu;rn;ro;ru;ru-orig;rw;sa;sd;sg;si;sk;sl;sm;sn;so;sq;sr;ss;st;su;sv;sw;ta;te;tg;th;ti;tk;tn;to;tr;ts;tt;tum;ug;uk;ur;uz;ve;vi;war;wo;xh;yi;yo;zh-Hans;zh-Hant;zu,
Z8YPjP9XA0w,2024,1676,False,True,,aa;ab;af;ak;am;ar;as;ay;az;ba;be;bg;bho;bn;bo;br;bs;ca;ceb;co;crs;cs;cy;da;de;dv;dz;ee;el;en;eo;es;et;eu;fa;fi;fil;fj;fo;fr;fy;ga;gaa;gd;gl;gn;gu;gv;ha;haw;hi;hmn;hr;ht;hu;hy;id;ig;is;it;iu;iw;ja;jv;ka;kha;kk;kl;km;kn;ko;kri;ku;ky;la;lb;lg;ln;lo;lt;lua;luo;lv;mfe;mg;mi;mk;ml;mn;mr;ms;mt;my;ne;new;nl;no;nso;ny;oc;om;or;os;pa;pam;pl;ps;pt;pt-PT;qu;rn;ro;ru;ru-orig;rw;sa;sd;sg;si;sk;sl;sm;sn;so;sq;sr;ss;st;su;sv;sw;ta;te;tg;th;ti;tk;tn;to;tr;ts;tt;tum;ug;uk;ur;uz;ve;vi;war;wo;xh;yi;yo;zh-Hans;zh-Hant;zu,
5kfhxcnZuOw,2024,1062,False,True,,aa;ab;af;ak;am;ar;as;ay;az;ba;be;bg;bho;bn;bo;br;bs;ca;ceb;co;crs;cs;cy;da;de;dv;dz;ee;el;en;eo;es;et;eu;fa;fi;fil;fj;fo;fr;fy;ga;gaa;gd;gl;gn;gu;gv;ha;haw;hi;hmn;hr;ht;hu;hy;id;ig;is;it;iu;iw;ja;jv;ka;kha;kk;kl;km;kn;ko;kri;ku;ky;la;lb;lg;ln;lo;lt;lua;luo;lv;mfe;mg;mi;mk;ml;mn;mr;ms;mt;my;ne;new;nl;no;nso;ny;oc;om;or;os;pa;pam;pl;ps;pt;pt-PT;qu;rn;ro;ru;ru-orig;rw;sa;sd;sg;si;sk;sl;sm;sn;so;sq;sr;ss;st;su;sv;sw;ta;te;tg;th;ti;tk;tn;to;tr;ts;tt;tum;ug;uk;ur;uz;ve;vi;war;wo;xh;yi;yo;zh-Hans;zh-Hant;zu,
wTKGBq-Kd0k,2024,2117,False,True,,aa;ab;af;ak;am;ar;as;ay;az;ba;be;bg;bho;bn;bo;br;bs;ca;ceb;co;crs;cs;cy;da;de;dv;dz;ee;el;en;eo;es;et;eu;fa;fi;fil;fj;fo;fr;fy;ga;gaa;gd;gl;gn;gu;gv;ha;haw;hi;hmn;hr;ht;hu;hy;id;ig;is;it;iu;iw;ja;jv;ka;kha;kk;kl;km;kn;ko;kri;ku;ky;la;lb;lg;ln;lo;lt;lua;luo;lv;mfe;mg;mi;mk;ml;mn;mr;ms;mt;my;ne;new;nl;no;nso;ny;oc;om;or;os;pa;pam;pl;ps;pt;pt-PT;qu;rn;ro;ru;ru-orig;rw;sa;sd;sg;si;sk;sl;sm;sn;so;sq;sr;ss;st;su;sv;sw;ta;te;tg;th;ti;tk;tn;to;tr;ts;tt;tum;ug;uk;ur;uz;ve;vi;war;wo;xh;yi;yo;zh-Hans;zh-Hant;zu,
a-a-KrtWrfY,2024,1692,False,True,,aa;ab;af;ak;am;ar;as;ay;az;ba;be;bg;bho;bn;bo;br;bs;ca;ceb;co;crs;cs;cy;da;de;dv;dz;ee;el;en;eo;es;et;eu;fa;fi;fil;fj;fo;fr;fy;ga;gaa;gd;gl;gn;gu;gv;ha;haw;hi;hmn;hr;ht;hu;hy;id;ig;is;it;iu;iw;ja;jv;ka;kha;kk;kl;km;kn;ko;kri;ku;ky;la;lb;lg;ln;lo;lt;lua;luo;lv;mfe;mg;mi;mk;ml;mn;mr;ms;mt;my;ne;new;nl;no;nso;ny;oc;om;or;os;pa;pam;pl;ps;pt;pt-PT;qu;rn;ro;ru;ru-orig;rw;sa;sd;sg;si;sk;sl;sm;sn;so;sq;sr;ss;st;su;sv;sw;ta;te;tg;th;ti;tk;tn;to;tr;ts;tt;tum;ug;uk;ur;uz;ve;vi;war;wo;xh;yi;yo;zh-Hans;zh-Hant;zu,
eS5xmuL6hAg,2024,2141,False,True,,aa;ab;af;ak;am;ar;as;ay;az;ba;be;bg;bho;bn;bo;br;bs;ca;ceb;co;crs;cs;cy;da;de;dv;dz;ee;el;en;eo;es;et;eu;fa;fi;fil;fj;fo;fr;fy;ga;gaa;gd;gl;gn;gu;gv;ha;haw;hi;hmn;hr;ht;hu;hy;id;ig;is;it;iu;iw;ja;jv;ka;kha;kk;kl;km;kn;ko;kri;ku;ky;la;lb;lg;ln;lo;lt;lua;luo;lv;mfe;mg;mi;mk;ml;mn;mr;ms;mt;my;ne;new;nl;no;nso;ny;oc;om;or;os;pa;pam;pl;ps;pt;pt-PT;qu;rn;ro;ru;ru-orig;rw;sa;sd;sg;si;sk;sl;sm;sn;so;sq;sr;ss;st;su;sv;sw;ta;te;tg;th;ti;tk;tn;to;tr;ts;tt;tum;ug;uk;ur;uz;ve;vi;war;wo;xh;yi;yo;zh-Hans;zh-Hant;zu,
UVG1oDgA6yU,2024,1953,False,True,,aa;ab;af;ak;am;ar;as;ay;az;ba;be;bg;bho;bn;bo;br;bs;ca;ceb;co;crs;cs;cy;da;de;dv;dz;ee;el;en;eo;es;et;eu;fa;fi;fil;fj;fo;fr;fy;ga;gaa;gd;gl;gn;gu;gv;ha;haw;hi;hmn;hr;ht;hu;hy;id;ig;is;it;iu;iw;ja;jv;ka;kha;kk;kl;km;kn;ko;kri;ku;ky;la;lb;lg;ln;lo;lt;lua;luo;lv;mfe;mg;mi;mk;ml;mn;mr;ms;mt;my;ne;new;nl;no;nso;ny;oc;om;or;os;pa;pam;pl;ps;pt;pt-PT;qu;rn;ro;ru;ru-orig;rw;sa;sd;sg;si;sk;sl;sm;sn;so;sq;sr;ss;st;su;sv;sw;ta;te;tg;th;ti;tk;tn;to;tr;ts;tt;tum;ug;uk;ur;uz;ve;vi;war;wo;xh;yi;yo;zh-Hans;zh-Hant;zu,
lpqPLS1XOxw,2024,1888,False,True,,aa;ab;af;ak;am;ar;as;ay;az;ba;be;bg;bho;bn;bo;br;bs;ca;ceb;co;crs;cs;cy;da;de;dv;dz;ee;el;en;eo;es;et;eu;fa;fi;fil;fj;fo;fr;fy;ga;gaa;gd;gl;gn;gu;gv;ha;haw;hi;hmn;hr;ht;hu;hy;id;ig;is;it;iu;iw;ja;jv;ka;kha;kk;kl;km;kn;ko;kri;ku;ky;la;lb;lg;ln;lo;lt;lua;luo;lv;mfe;mg;mi;mk;ml;mn;mr;ms;mt;my;ne;new;nl;no;nso;ny;oc;om;or;os;pa;pam;pl;ps;pt;pt-PT;qu;rn;ro;ru;ru-orig;rw;sa;sd;sg;si;sk;sl;sm;sn;so;sq;sr;ss;st;su;sv;sw;ta;te;tg;th;ti;tk;tn;to;tr;ts;tt;tum;ug;uk;ur;uz;ve;vi;war;wo;xh;yi;yo;zh-Hans;zh-Hant;zu,
bqtOFPpgSG0,2024,1783,False,True,,aa;ab;af;ak;am;ar;as;ay;az;ba;be;bg;bho;bn;bo;br;bs;ca;ceb;co;crs;cs;cy;da;de;dv;dz;ee;el;en;eo;es;et;eu;fa;fi;fil;fj;fo;fr;fy;ga;gaa;gd;gl;gn;gu;gv;ha;haw;hi;hmn;hr;ht;hu;hy;id;ig;is;it;iu;iw;ja;jv;ka;kha;kk;kl;km;kn;ko;kri;ku;ky;la;lb;lg;ln;lo;lt;lua;luo;lv;mfe;mg;mi;mk;ml;mn;mr;ms;mt;my;ne;new;nl;no;nso;ny;oc;om;or;os;pa;pam;pl;ps;pt;pt-PT;qu;rn;ro;ru;ru-orig;rw;sa;sd;sg;si;sk;sl;sm;sn;so;sq;sr;ss;st;su;sv;sw;ta;te;tg;th;ti;tk;tn;to;tr;ts;tt;tum;ug;uk;ur;uz;ve;vi;war;wo;xh;yi;yo;zh-Hans;zh-Hant;zu,
Ze3Z1PSGxTc,2024,1793,False,True,,aa;ab;af;ak;am;ar;as;ay;az;ba;be;bg;bho;bn;bo;br;bs;ca;ceb;co;crs;cs;cy;da;de;dv;dz;ee;el;en;eo;es;et;eu;fa;fi;fil;fj;fo;fr;fy;ga;gaa;gd;gl;gn;gu;gv;ha;haw;hi;hmn;hr;ht;hu;hy;id;ig;is;it;iu;iw;ja;jv;ka;kha;kk;kl;km;kn;ko;kri;ku;ky;la;lb;lg;ln;lo;lt;lua;luo;lv;mfe;mg;mi;mk;ml;mn;mr;ms;mt;my;ne;new;nl;no;nso;ny;oc;om;or;os;pa;pam;pl;ps;pt;pt-PT;qu;rn;ro;ru;ru-orig;rw;sa;sd;sg;si;sk;sl;sm;sn;so;sq;sr;ss;st;su;sv;sw;ta;te;tg;th;ti;tk;tn;to;tr;ts;tt;tum;ug;uk;ur;uz;ve;vi;war;wo;xh;yi;yo;zh-Hans;zh-Hant;zu,
S5fGM-NWu7E,2024,1938,False,True,,aa;ab;af;ak;am;ar;as;ay;az;ba;be;bg;bho;bn;bo;br;bs;ca;ceb;co;crs;cs;cy;da;de;dv;dz;ee;el;en;eo;es;et;eu;fa;fi;fil;fj;fo;fr;fy;ga;gaa;gd;gl;gn;gu;gv;ha;haw;hi;hmn;hr;ht;hu;hy;id;ig;is;it;iu;iw;ja;jv;ka;kha;kk;kl;km;kn;ko;kri;ku;ky;la;lb;lg;ln;lo;lt;lua;luo;lv;mfe;mg;mi;mk;ml;mn;mr;ms;mt;my;ne;new;nl;no;nso;ny;oc;om;or;os;pa;pam;pl;ps;pt;pt-PT;qu;rn;ro;ru;ru-orig;rw;sa;sd;sg;si;sk;sl;sm;sn;so;sq;sr;ss;st;su;sv;sw;ta;te;tg;th;ti;tk;tn;to;tr;ts;tt;tum;ug;uk;ur;uz;ve;vi;war;wo;xh;yi;yo;zh-Hans;zh-Hant;zu,
515mkJYnLlg,2024,2009,False,True,,aa;ab;af;ak;am;ar;as;ay;az;ba;be;bg;bho;bn;bo;br;bs;ca;ceb;co;crs;cs;cy;da;de;dv;dz;ee;el;en;eo;es;et;eu;fa;fi;fil;fj;fo;fr;fy;ga;gaa;gd;gl;gn;gu;gv;ha;haw;hi;hmn;hr;ht;hu;hy;id;ig;is;it;iu;iw;ja;jv;ka;kha;kk;kl;km;kn;ko;kri;ku;ky;la;lb;lg;ln;lo;lt;lua;luo;lv;mfe;mg;mi;mk;ml;mn;mr;ms;mt;my;ne;new;nl;no;nso;ny;oc;om;or;os;pa;pam;pl;ps;pt;pt-PT;qu;rn;ro;ru;ru-orig;rw;sa;sd;sg;si;sk;sl;sm;sn;so;sq;sr;ss;st;su;sv;sw;ta;te;tg;th;ti;tk;tn;to;tr;ts;tt;tum;ug;uk;ur;uz;ve;vi;war;wo;xh;yi;yo;zh-Hans;zh-Hant;zu,
UHoDhzUraoY,2024,1864,False,True,,aa;ab;af;ak;am;ar;as;ay;az;ba;be;bg;bho;bn;bo;br;bs;ca;ceb;co;crs;cs;cy;da;de;dv;dz;ee;el;en;eo;es;et;eu;fa;fi;fil;fj;fo;fr;fy;ga;gaa;gd;gl;gn;gu;gv;ha;haw;hi;hmn;hr;ht;hu;hy;id;ig;is;it;iu;iw;ja;jv;ka;kha;kk;kl;km;kn;ko;kri;ku;ky;la;lb;lg;ln;lo;lt;lua;luo;lv;mfe;mg;mi;mk;ml;mn;mr;ms;mt;my;ne;new;nl;no;nso;ny;oc;om;or;os;pa;pam;pl;ps;pt;pt-PT;qu;rn;ro;ru;ru-orig;rw;sa;sd;sg;si;sk;sl;sm;sn;so;sq;sr;ss;st;su;sv;sw;ta;te;tg;th;ti;tk;tn;to;tr;ts;tt;tum;ug;uk;ur;uz;ve;vi;war;wo;xh;yi;yo;zh-Hans;zh-Hant;zu,
F9zT5x7GyOw,2024,1861,False,True,,aa;ab;af;ak;am;ar;as;ay;az;ba;be;bg;bho;bn;bo;br;bs;ca;ceb;co;crs;cs;cy;da;de;dv;dz;ee;el;en;eo;es;et;eu;fa;fi;fil;fj;fo;fr;fy;ga;gaa;gd;gl;gn;gu;gv;ha;haw;hi;hmn;hr;ht;hu;hy;id;ig;is;it;iu;iw;ja;jv;ka;kha;kk;kl;km;kn;ko;kri;ku;ky;la;lb;lg;ln;lo;lt;lua;luo;lv;mfe;mg;mi;mk;ml;mn;mr;ms;mt;my;ne;new;nl;no;nso;ny;oc;om;or;os;pa;pam;pl;ps;pt;pt-PT;qu;rn;ro;ru;ru-orig;rw;sa;sd;sg;si;sk;sl;sm;sn;so;sq;sr;ss;st;su;sv;sw;ta;te;tg;th;ti;tk;tn;to;tr;ts;tt;tum;ug;uk;ur;uz;ve;vi;war;wo;xh;yi;yo;zh-Hans;zh-Hant;zu,
lwjdVzRtHpM,2024,1919,False,True,,aa;ab;af;ak;am;ar;as;ay;az;ba;be;bg;bho;bn;bo;br;bs;ca;ceb;co;crs;cs;cy;da;de;dv;dz;ee;el;en;eo;es;et;eu;fa;fi;fil;fj;fo;fr;fy;ga;gaa;gd;gl;gn;gu;gv;ha;haw;hi;hmn;hr;ht;hu;hy;id;ig;is;it;iu;iw;ja;jv;ka;kha;kk;kl;km;kn;ko;kri;ku;ky;la;lb;lg;ln;lo;lt;lua;luo;lv;mfe;mg;mi;mk;ml;mn;mr;ms;mt;my;ne;new;nl;no;nso;ny;oc;om;or;os;pa;pam;pl;ps;pt;pt-PT;qu;rn;ro;ru;ru-orig;rw;sa;sd;sg;si;sk;sl;sm;sn;so;sq;sr;ss;st;su;sv;sw;ta;te;tg;th;ti;tk;tn;to;tr;ts;tt;tum;ug;uk;ur;uz;ve;vi;war;wo;xh;yi;yo;zh-Hans;zh-Hant;zu,
Isi08A4An0I,2024,1788,False,True,,aa;ab;af;ak;am;ar;as;ay;az;ba;be;bg;bho;bn;bo;br;bs;ca;ceb;co;crs;cs;cy;da;de;dv;dz;ee;el;en;eo;es;et;eu;fa;fi;fil;fj;fo;fr;fy;ga;gaa;gd;gl;gn;gu;gv;ha;haw;hi;hmn;hr;ht;hu;hy;id;ig;is;it;iu;iw;ja;jv;ka;kha;kk;kl;km;kn;ko;kri;ku;ky;la;lb;lg;ln;lo;lt;lua;luo;lv;mfe;mg;mi;mk;ml;mn;mr;ms;mt;my;ne;new;nl;no;nso;ny;oc;om;or;os;pa;pam;pl;ps;pt;pt-PT;qu;rn;ro;ru;ru-orig;rw;sa;sd;sg;si;sk;sl;sm;sn;so;sq;sr;ss;st;su;sv;sw;ta;te;tg;th;ti;tk;tn;to;tr;ts;tt;tum;ug;uk;ur;uz;ve;vi;war;wo;xh;yi;yo;zh-Hans;zh-Hant;zu,
g0S_SoCjdwI,2024,1083,False,True,,aa;ab;af;ak;am;ar;as;ay;az;ba;be;bg;bho;bn;bo;br;bs;ca;ceb;co;crs;cs;cy;da;de;dv;dz;ee;el;en;eo;es;et;eu;fa;fi;fil;fj;fo;fr;fy;ga;gaa;gd;gl;gn;gu;gv;ha;haw;hi;hmn;hr;ht;hu;hy;id;ig;is;it;iu;iw;ja;jv;ka;kha;kk;kl;km;kn;ko;kri;ku;ky;la;lb;lg;ln;lo;lt;lua;luo;lv;mfe;mg;mi;mk;ml;mn;mr;ms;mt;my;ne;new;nl;no;nso;ny;oc;om;or;os;pa;pam;pl;ps;pt;pt-PT;qu;rn;ro;ru;ru-orig;rw;sa;sd;sg;si;sk;sl;sm;sn;so;sq;sr;ss;st;su;sv;sw;ta;te;tg;th;ti;tk;tn;to;tr;ts;tt;tum;ug;uk;ur;uz;ve;vi;war;wo;xh;yi;yo;zh-Hans;zh-Hant;zu,
1v7Xz_Pu33U,2024,2177,False,True,,aa;ab;af;ak;am;ar;as;ay;az;ba;be;bg;bho;bn;bo;br;bs;ca;ceb;co;crs;cs;cy;da;de;dv;dz;ee;el;en;eo;es;et;eu;fa;fi;fil;fj;fo;fr;fy;ga;gaa;gd;gl;gn;gu;gv;ha;haw;hi;hmn;hr;ht;hu;hy;id;ig;is;it;iu;iw;ja;jv;ka;kha;kk;kl;km;kn;ko;kri;ku;ky;la;lb;lg;ln;lo;lt;lua;luo;lv;mfe;mg;mi;mk;ml;mn;mr;ms;mt;my;ne;new;nl;no;nso;ny;oc;om;or;os;pa;pam;pl;ps;pt;pt-PT;qu;rn;ro;ru;ru-orig;rw;sa;sd;sg;si;sk;sl;sm;sn;so;sq;sr;ss;st;su;sv;sw;ta;te;tg;th;ti;tk;tn;to;tr;ts;tt;tum;ug;uk;ur;uz;ve;vi;war;wo;xh;yi;yo;zh-Hans;zh-Hant;zu,
3Voxwlh2wmY,2024,1889,False,True,,aa;ab;af;ak;am;ar;as;ay;az;ba;be;bg;bho;bn;bo;br;bs;ca;ceb;co;crs;cs;cy;da;de;dv;dz;ee;el;en;eo;es;et;eu;fa;fi;fil;fj;fo;fr;fy;ga;gaa;gd;gl;gn;gu;gv;ha;haw;hi;hmn;hr;ht;hu;hy;id;ig;is;it;iu;iw;ja;jv;ka;kha;kk;kl;km;kn;ko;kri;ku;ky;la;lb;lg;ln;lo;lt;lua;luo;lv;mfe;mg;mi;mk;ml;mn;mr;ms;mt;my;ne;new;nl;no;nso;ny;oc;om;or;os;pa;pam;pl;ps;pt;pt-PT;qu;rn;ro;ru;ru-orig;rw;sa;sd;sg;si;sk;sl;sm;sn;so;sq;sr;ss;st;su;sv;sw;ta;te;tg;th;ti;tk;tn;to;tr;ts;tt;tum;ug;uk;ur;uz;ve;vi;war;wo;xh;yi;yo;zh-Hans;zh-Hant;zu,
rK2qCWpIuE4,2024,687,False,True,,aa;ab;af;ak;am;ar;as;ay;az;ba;be;bg;bho;bn;bo;br;bs;ca;ceb;co;crs;cs;cy;da;de;dv;dz;ee;el;en;eo;es;et;eu;fa;fi;fil;fj;fo;fr;fy;ga;gaa;gd;gl;gn;gu;gv;ha;haw;hi;hmn;hr;ht;hu;hy;id;ig;is;it;iu;iw;ja;jv;ka;kha;kk;kl;km;kn;ko;kri;ku;ky;la;lb;lg;ln;lo;lt;lua;luo;lv;mfe;mg;mi;mk;ml;mn;mr;ms;mt;my;ne;new;nl;no;nso;ny;oc;om;or;os;pa;pam;pl;ps;pt;pt-PT;qu;rn;ro;ru;ru-orig;rw;sa;sd;sg;si;sk;sl;sm;sn;so;sq;sr;ss;st;su;sv;sw;ta;te;tg;th;ti;tk;tn;to;tr;ts;tt;tum;ug;uk;ur;uz;ve;vi;war;wo;xh;yi;yo;zh-Hans;zh-Hant;zu,
TewlV-eXvTY,2024,1989,False,True,,aa;ab;af;ak;am;ar;as;ay;az;ba;be;bg;bho;bn;bo;br;bs;ca;ceb;co;crs;cs;cy;da;de;dv;dz;ee;el;en;eo;es;et;eu;fa;fi;fil;fj;fo;fr;fy;ga;gaa;gd;gl;gn;gu;gv;ha;haw;hi;hmn;hr;ht;hu;hy;id;ig;is;it;iu;iw;ja;jv;ka;kha;kk;kl;km;kn;ko;kri;ku;ky;la;lb;lg;ln;lo;lt;lua;luo;lv;mfe;mg;mi;mk;ml;mn;mr;ms;mt;my;ne;new;nl;no;nso;ny;oc;om;or;os;pa;pam;pl;ps;pt;pt-PT;qu;rn;ro;ru;ru-orig;rw;sa;sd;sg;si;sk;sl;sm;sn;so;sq;sr;ss;st;su;sv;sw;ta;te;tg;th;ti;tk;tn;to;tr;ts;tt;tum;ug;uk;ur;uz;ve;vi;war;wo;xh;yi;yo;zh-Hans;zh-Hant;zu,
RGwHo8zGEhk,2024,1419,False,True,,aa;ab;af;ak;am;ar;as;ay;az;ba;be;bg;bho;bn;bo;br;bs;ca;ceb;co;crs;cs;cy;da;de;dv;dz;ee;el;en;eo;es;et;eu;fa;fi;fil;fj;fo;fr;fy;ga;gaa;gd;gl;gn;gu;gv;ha;haw;hi;hmn;hr;ht;hu;hy;id;ig;is;it;iu;iw;ja;jv;ka;kha;kk;kl;km;kn;ko;kri;ku;ky;la;lb;lg;ln;lo;lt;lua;luo;lv;mfe;mg;mi;mk;ml;mn;mr;ms;mt;my;ne;new;nl;no;nso;ny;oc;om;or;os;pa;pam;pl;ps;pt;pt-PT;qu;rn;ro;ru;ru-orig;rw;sa;sd;sg;si;sk;sl;sm;sn;so;sq;sr;ss;st;su;sv;sw;ta;te;tg;th;ti;tk;tn;to;tr;ts;tt;tum;ug;uk;ur;uz;ve;vi;war;wo;xh;yi;yo;zh-Hans;zh-Hant;zu,
Sm6OTBnAVl8,2024,1375,False,True,,aa;ab;af;ak;am;ar;as;ay;az;ba;be;bg;bho;bn;bo;br;bs;ca;ceb;co;crs;cs;cy;da;de;dv;dz;ee;el;en;eo;es;et;eu;fa;fi;fil;fj;fo;fr;fy;ga;gaa;gd;gl;gn;gu;gv;ha;haw;hi;hmn;hr;ht;hu;hy;id;ig;is;it;iu;iw;ja;jv;ka;kha;kk;kl;km;kn;ko;kri;ku;ky;la;lb;lg;ln;lo;lt;lua;luo;lv;mfe;mg;mi;mk;ml;mn;mr;ms;mt;my;ne;new;nl;no;nso;ny;oc;om;or;os;pa;pam;pl;ps;pt;pt-PT;qu;rn;ro;ru;ru-orig;rw;sa;sd;sg;si;sk;sl;sm;sn;so;sq;sr;ss;st;su;sv;sw;ta;te;tg;th;ti;tk;tn;to;tr;ts;tt;tum;ug;uk;ur;uz;ve;vi;war;wo;xh;yi;yo;zh-Hans;zh-Hant;zu,
328H4jkMwqs,2024,1509,False,True,,aa;ab;af;ak;am;ar;as;ay;az;ba;be;bg;bho;bn;bo;br;bs;ca;ceb;co;crs;cs;cy;da;de;dv;dz;ee;el;en;eo;es;et;eu;fa;fi;fil;fj;fo;fr;fy;ga;gaa;gd;gl;gn;gu;gv;ha;haw;hi;hmn;hr;ht;hu;hy;id;ig;is;it;iu;iw;ja;jv;ka;kha;kk;kl;km;kn;ko;kri;ku;ky;la;lb;lg;ln;lo;lt;lua;luo;lv;mfe;mg;mi;mk;ml;mn;mr;ms;mt;my;ne;new;nl;no;nso;ny;oc;om;or;os;pa;pam;pl;ps;pt;pt-PT;qu;rn;ro;ru;ru-orig;rw;sa;sd;sg;si;sk;sl;sm;sn;so;sq;sr;ss;st;su;sv;sw;ta;te;tg;th;ti;tk;tn;to;tr;ts;tt;tum;ug;uk;ur;uz;ve;vi;war;wo;xh;yi;yo;zh-Hans;zh-Hant;zu,
GTJn31yJp9Q,2024,1934,False,True,,aa;ab;af;ak;am;ar;as;ay;az;ba;be;bg;bho;bn;bo;br;bs;ca;ceb;co;crs;cs;cy;da;de;dv;dz;ee;el;en;eo;es;et;eu;fa;fi;fil;fj;fo;fr;fy;ga;gaa;gd;gl;gn;gu;gv;ha;haw;hi;hmn;hr;ht;hu;hy;id;ig;is;it;iu;iw;ja;jv;ka;kha;kk;kl;km;kn;ko;kri;ku;ky;la;lb;lg;ln;lo;lt;lua;luo;lv;mfe;mg;mi;mk;ml;mn;mr;ms;mt;my;ne;new;nl;no;nso;ny;oc;om;or;os;pa;pam;pl;ps;pt;pt-PT;qu;rn;ro;ru;ru-orig;rw;sa;sd;sg;si;sk;sl;sm;sn;so;sq;sr;ss;st;su;sv;sw;ta;te;tg;th;ti;tk;tn;to;tr;ts;tt;tum;ug;uk;ur;uz;ve;vi;war;wo;xh;yi;yo;zh-Hans;zh-Hant;zu,
PsPoo3WPXyY,2024,2027,False,True,,aa;ab;af;ak;am;ar;as;ay;az;ba;be;bg;bho;bn;bo;br;bs;ca;ceb;co;crs;cs;cy;da;de;dv;dz;ee;el;en;eo;es;et;eu;fa;fi;fil;fj;fo;fr;fy;ga;gaa;gd;gl;gn;gu;gv;ha;haw;hi;hmn;hr;ht;hu;hy;id;ig;is;it;iu;iw;ja;jv;ka;kha;kk;kl;km;kn;ko;kri;ku;ky;la;lb;lg;ln;lo;lt;lua;luo;lv;mfe;mg;mi;mk;ml;mn;mr;ms;mt;my;ne;new;nl;no;nso;ny;oc;om;or;os;pa;pam;pl;ps;pt;pt-PT;qu;rn;ro;ru;ru-orig;rw;sa;sd;sg;si;sk;sl;sm;sn;so;sq;sr;ss;st;su;sv;sw;ta;te;tg;th;ti;tk;tn;to;tr;ts;tt;tum;ug;uk;ur;uz;ve;vi;war;wo;xh;yi;yo;zh-Hans;zh-Hant;zu,
ehKc94g2bzs,2024,2161,False,True,,aa;ab;af;ak;am;ar;as;ay;az;ba;be;bg;bho;bn;bo;br;bs;ca;ceb;co;crs;cs;cy;da;de;dv;dz;ee;el;en;eo;es;et;eu;fa;fi;fil;fj;fo;fr;fy;ga;gaa;gd;gl;gn;gu;gv;ha;haw;hi;hmn;hr;ht;hu;hy;id;ig;is;it;iu;iw;ja;jv;ka;kha;kk;kl;km;kn;ko;kri;ku;ky;la;lb;lg;ln;lo;lt;lua;luo;lv;mfe;mg;mi;mk;ml;mn;mr;ms;mt;my;ne;new;nl;no;nso;ny;oc;om;or;os;pa;pam;pl;ps;pt;pt-PT;qu;rn;ro;ru;ru-orig;rw;sa;sd;sg;si;sk;sl;sm;sn;so;sq;sr;ss;st;su;sv;sw;ta;te;tg;th;ti;tk;tn;to;tr;ts;tt;tum;ug;uk;ur;uz;ve;vi;war;wo;xh;yi;yo;zh-Hans;zh-Hant;zu,
D9gu2ZXqGYM,2024,1046,False,True,,aa;ab;af;ak;am;ar;as;ay;az;ba;be;bg;bho;bn;bo;br;bs;ca;ceb;co;crs;cs;cy;da;de;dv;dz;ee;el;en;eo;es;et;eu;fa;fi;fil;fj;fo;fr;fy;ga;gaa;gd;gl;gn;gu;gv;ha;haw;hi;hmn;hr;ht;hu;hy;id;ig;is;it;iu;iw;ja;jv;ka;kha;kk;kl;km;kn;ko;kri;ku;ky;la;lb;lg;ln;lo;lt;lua;luo;lv;mfe;mg;mi;mk;ml;mn;mr;ms;mt;my;ne;new;nl;no;nso;ny;oc;om;or;os;pa;pam;pl;ps;pt;pt-PT;qu;rn;ro;ru;ru-orig;rw;sa;sd;sg;si;sk;sl;sm;sn;so;sq;sr;ss;st;su;sv;sw;ta;te;tg;th;ti;tk;tn;to;tr;ts;tt;tum;ug;uk;ur;uz;ve;vi;war;wo;xh;yi;yo;zh-Hans;zh-Hant;zu,
xH2Ea-8B85Y,2024,1681,False,True,,aa;ab;af;ak;am;ar;as;ay;az;ba;be;bg;bho;bn;bo;br;bs;ca;ceb;co;crs;cs;cy;da;de;dv;dz;ee;el;en;eo;es;et;eu;fa;fi;fil;fj;fo;fr;fy;ga;gaa;gd;gl;gn;gu;gv;ha;haw;hi;hmn;hr;ht;hu;hy;id;ig;is;it;iu;iw;ja;jv;ka;kha;kk;kl;km;kn;ko;kri;ku;ky;la;lb;lg;ln;lo;lt;lua;luo;lv;mfe;mg;mi;mk;ml;mn;mr;ms;mt;my;ne;new;nl;no;nso;ny;oc;om;or;os;pa;pam;pl;ps;pt;pt-PT;qu;rn;ro;ru;ru-orig;rw;sa;sd;sg;si;sk;sl;sm;sn;so;sq;sr;ss;st;su;sv;sw;ta;te;tg;th;ti;tk;tn;to;tr;ts;tt;tum;ug;uk;ur;uz;ve;vi;war;wo;xh;yi;yo;zh-Hans;zh-Hant;zu,
zePcdpMnWIs,2024,1726,False,True,,aa;ab;af;ak;am;ar;as;ay;az;ba;be;bg;bho;bn;bo;br;bs;ca;ceb;co;crs;cs;cy;da;de;dv;dz;ee;el;en;eo;es;et;eu;fa;fi;fil;fj;fo;fr;fy;ga;gaa;gd;gl;gn;gu;gv;ha;haw;hi;hmn;hr;ht;hu;hy;id;ig;is;it;iu;iw;ja;jv;ka;kha;kk;kl;km;kn;ko;kri;ku;ky;la;lb;lg;ln;lo;lt;lua;luo;lv;mfe;mg;mi;mk;ml;mn;mr;ms;mt;my;ne;new;nl;no;nso;ny;oc;om;or;os;pa;pam;pl;ps;pt;pt-PT;qu;rn;ro;ru;ru-orig;rw;sa;sd;sg;si;sk;sl;sm;sn;so;sq;sr;ss;st;su;sv;sw;ta;te;tg;th;ti;tk;tn;to;tr;ts;tt;tum;ug;uk;ur;uz;ve;vi;war;wo;xh;yi;yo;zh-Hans;zh-Hant;zu,
gF0QyRm1lj0,2024,1798,False,True,,aa;ab;af;ak;am;ar;as;ay;az;ba;be;bg;bho;bn;bo;br;bs;ca;ceb;co;crs;cs;cy;da;de;dv;dz;ee;el;en;eo;es;et;eu;fa;fi;fil;fj;fo;fr;fy;ga;gaa;gd;gl;gn;gu;gv;ha;haw;hi;hmn;hr;ht;hu;hy;id;ig;is;it;iu;iw;ja;jv;ka;kha;kk;kl;km;kn;ko;kri;ku;ky;la;lb;lg;ln;lo;lt;lua;luo;lv;mfe;mg;mi;mk;ml;mn;mr;ms;mt;my;ne;new;nl;no;nso;ny;oc;om;or;os;pa;pam;pl;ps;pt;pt-PT;qu;rn;ro;ru;ru-orig;rw;sa;sd;sg;si;sk;sl;sm;sn;so;sq;sr;ss;st;su;sv;sw;ta;te;tg;th;ti;tk;tn;to;tr;ts;tt;tum;ug;uk;ur;uz;ve;vi;war;wo;xh;yi;yo;zh-Hans;zh-Hant;zu,
jN8_si8kt4Q,2024,1846,False,True,,aa;ab;af;ak;am;ar;as;ay;az;ba;be;bg;bho;bn;bo;br;bs;ca;ceb;co;crs;cs;cy;da;de;dv;dz;ee;el;en;eo;es;et;eu;fa;fi;fil;fj;fo;fr;fy;ga;gaa;gd;gl;gn;gu;gv;ha;haw;hi;hmn;hr;ht;hu;hy;id;ig;is;it;iu;iw;ja;jv;ka;kha;kk;kl;km;kn;ko;kri;ku;ky;la;lb;lg;ln;lo;lt;lua;luo;lv;mfe;mg;mi;mk;ml;mn;mr;ms;mt;my;ne;new;nl;no;nso;ny;oc;om;or;os;pa;pam;pl;ps;pt;pt-PT;qu;rn;ro;ru;ru-orig;rw;sa;sd;sg;si;sk;sl;sm;sn;so;sq;sr;ss;st;su;sv;sw;ta;te;tg;th;ti;tk;tn;to;tr;ts;tt;tum;ug;uk;ur;uz;ve;vi;war;wo;xh;yi;yo;zh-Hans;zh-Hant;zu,
ITyOvXe4A18,2024,1731,False,True,,aa;ab;af;ak;am;ar;as;ay;az;ba;be;bg;bho;bn;bo;br;bs;ca;ceb;co;crs;cs;cy;da;de;dv;dz;ee;el;en;eo;es;et;eu;fa;fi;fil;fj;fo;fr;fy;ga;gaa;gd;gl;gn;gu;gv;ha;haw;hi;hmn;hr;ht;hu;hy;id;ig;is;it;iu;iw;ja;jv;ka;kha;kk;kl;km;kn;ko;kri;ku;ky;la;lb;lg;ln;lo;lt;lua;luo;lv;mfe;mg;mi;mk;ml;mn;mr;ms;mt;my;ne;new;nl;no;nso;ny;oc;om;or;os;pa;pam;pl;ps;pt;pt-PT;qu;rn;ro;ru;ru-orig;rw;sa;sd;sg;si;sk;sl;sm;sn;so;sq;sr;ss;st;su;sv;sw;ta;te;tg;th;ti;tk;tn;to;tr;ts;tt;tum;ug;uk;ur;uz;ve;vi;war;wo;xh;yi;yo;zh-Hans;zh-Hant;zu,
Sj1MT57SGdo,2024,2126,False,True,,aa;ab;af;ak;am;ar;as;ay;az;ba;be;bg;bho;bn;bo;br;bs;ca;ceb;co;crs;cs;cy;da;de;dv;dz;ee;el;en;eo;es;et;eu;fa;fi;fil;fj;fo;fr;fy;ga;gaa;gd;gl;gn;gu;gv;ha;haw;hi;hmn;hr;ht;hu;hy;id;ig;is;it;iu;iw;ja;jv;ka;kha;kk;kl;km;kn;ko;kri;ku;ky;la;lb;lg;ln;lo;lt;lua;luo;lv;mfe;mg;mi;mk;ml;mn;mr;ms;mt;my;ne;new;nl;no;nso;ny;oc;om;or;os;pa;pam;pl;ps;pt;pt-PT;qu;rn;ro;ru;ru-orig;rw;sa;sd;sg;si;sk;sl;sm;sn;so;sq;sr;ss;st;su;sv;sw;ta;te;tg;th;ti;tk;tn;to;tr;ts;tt;tum;ug;uk;ur;uz;ve;vi;war;wo;xh;yi;yo;zh-Hans;zh-Hant;zu,
PTR9EqukOVU,2024,1804,False,True,,aa;ab;af;ak;am;ar;as;ay;az;ba;be;bg;bho;bn;bo;br;bs;ca;ceb;co;crs;cs;cy;da;de;dv;dz;ee;el;en;eo;es;et;eu;fa;fi;fil;fj;fo;fr;fy;ga;gaa;gd;gl;gn;gu;gv;ha;haw;hi;hmn;hr;ht;hu;hy;id;ig;is;it;iu;iw;ja;jv;ka;kha;kk;kl;km;kn;ko;kri;ku;ky;la;lb;lg;ln;lo;lt;lua;luo;lv;mfe;mg;mi;mk;ml;mn;mr;ms;mt;my;ne;new;nl;no;nso;ny;oc;om;or;os;pa;pam;pl;ps;pt;pt-PT;qu;rn;ro;ru;ru-orig;rw;sa;sd;sg;si;sk;sl;sm;sn;so;sq;sr;ss;st;su;sv;sw;ta;te;tg;th;ti;tk;tn;to;tr;ts;tt;tum;ug;uk;ur;uz;ve;vi;war;wo;xh;yi;yo;zh-Hans;zh-Hant;zu,
MVkoK3aVsBc,2024,1050,False,True,,aa;ab;af;ak;am;ar;as;ay;az;ba;be;bg;bho;bn;bo;br;bs;ca;ceb;co;crs;cs;cy;da;de;dv;dz;ee;el;en;eo;es;et;eu;fa;fi;fil;fj;fo;fr;fy;ga;gaa;gd;gl;gn;gu;gv;ha;haw;hi;hmn;hr;ht;hu;hy;id;ig;is;it;iu;iw;ja;jv;ka;kha;kk;kl;km;kn;ko;kri;ku;ky;la;lb;lg;ln;lo;lt;lua;luo;lv;mfe;mg;mi;mk;ml;mn;mr;ms;mt;my;ne;new;nl;no;nso;ny;oc;om;or;os;pa;pam;pl;ps;pt;pt-PT;qu;rn;ro;ru;ru-orig;rw;sa;sd;sg;si;sk;sl;sm;sn;so;sq;sr;ss;st;su;sv;sw;ta;te;tg;th;ti;tk;tn;to;tr;ts;tt;tum;ug;uk;ur;uz;ve;vi;war;wo;xh;yi;yo;zh-Hans;zh-Hant;zu,
SRMVcuGpuM8,2024,1664,False,True,,aa;ab;af;ak;am;ar;as;ay;az;ba;be;bg;bho;bn;bo;br;bs;ca;ceb;co;crs;cs;cy;da;de;dv;dz;ee;el;en;eo;es;et;eu;fa;fi;fil;fj;fo;fr;fy;ga;gaa;gd;gl;gn;gu;gv;ha;haw;hi;hmn;hr;ht;hu;hy;id;ig;is;it;iu;iw;ja;jv;ka;kha;kk;kl;km;kn;ko;kri;ku;ky;la;lb;lg;ln;lo;lt;lua;luo;lv;mfe;mg;mi;mk;ml;mn;mr;ms;mt;my;ne;new;nl;no;nso;ny;oc;om;or;os;pa;pam;pl;ps;pt;pt-PT;qu;rn;ro;ru;ru-orig;rw;sa;sd;sg;si;sk;sl;sm;sn;so;sq;sr;ss;st;su;sv;sw;ta;te;tg;th;ti;tk;tn;to;tr;ts;tt;tum;ug;uk;ur;uz;ve;vi;war;wo;xh;yi;yo;zh-Hans;zh-Hant;zu,
2migXKaeofg,2024,12032,False,True,,aa;ab;af;ak;am;ar;as;ay;az;ba;be;bg;bho;bn;bo;br;bs;ca;ceb;co;crs;cs;cy;da;de;dv;dz;ee;el;en;eo;es;et;eu;fa;fi;fil;fj;fo;fr;fy;ga;gaa;gd;gl;gn;gu;gv;ha;haw;hi;hmn;hr;ht;hu;hy;id;ig;is;it;iu;iw;ja;jv;ka;kha;kk;kl;km;kn;ko;kri;ku;ky;la;lb;lg;ln;lo;lt;lua;luo;lv;mfe;mg;mi;mk;ml;mn;mr;ms;mt;my;ne;new;nl;no;nso;ny;oc;om;or;os;pa;pam;pl;ps;pt;pt-PT;qu;rn;ro;ru;ru-orig;rw;sa;sd;sg;si;sk;sl;sm;sn;so;sq;sr;ss;st;su;sv;sw;ta;te;tg;th;ti;tk;tn;to;tr;ts;tt;tum;ug;uk;ur;uz;ve;vi;war;wo;xh;yi;yo;zh-Hans;zh-Hant;zu,
vaPIpO-E6o0,2024,11339,False,True,,aa;ab;af;ak;am;ar;as;ay;az;ba;be;bg;bho;bn;bo;br;bs;ca;ceb;co;crs;cs;cy;da;de;dv;dz;ee;el;en;eo;es;et;eu;fa;fi;fil;fj;fo;fr;fy;ga;gaa;gd;gl;gn;gu;gv;ha;haw;hi;hmn;hr;ht;hu;hy;id;ig;is;it;iu;iw;ja;jv;ka;kha;kk;kl;km;kn;ko;kri;ku;ky;la;lb;lg;ln;lo;lt;lua;luo;lv;mfe;mg;mi;mk;ml;mn;mr;ms;mt;my;ne;new;nl;no;nso;ny;oc;om;or;os;pa;pam;pl;ps;pt;pt-PT;qu;rn;ro;ru;ru-orig;rw;sa;sd;sg;si;sk;sl;sm;sn;so;sq;sr;ss;st;su;sv;sw;ta;te;tg;th;ti;tk;tn;to;tr;ts;tt;tum;ug;uk;ur;uz;ve;vi;war;wo;xh;yi;yo;zh-Hans;zh-Hant;zu,
kzpBt6X4VnU,2024,2192,False,True,,aa;ab;af;ak;am;ar;as;ay;az;ba;be;bg;bho;bn;bo;br;bs;ca;ceb;co;crs;cs;cy;da;de;dv;dz;ee;el;en;eo;es;et;eu;fa;fi;fil;fj;fo;fr;fy;ga;gaa;gd;gl;gn;gu;gv;ha;haw;hi;hmn;hr;ht;hu;hy;id;ig;is;it;iu;iw;ja;jv;ka;kha;kk;kl;km;kn;ko;kri;ku;ky;la;lb;lg;ln;lo;lt;lua;luo;lv;mfe;mg;mi;mk;ml;mn;mr;ms;mt;my;ne;new;nl;no;nso;ny;oc;om;or;os;pa;pam;pl;ps;pt;pt-PT;qu;rn;ro;ru;ru-orig;rw;sa;sd;sg;si;sk;sl;sm;sn;so;sq;sr;ss;st;su;sv;sw;ta;te;tg;th;ti;tk;tn;to;tr;ts;tt;tum;ug;uk;ur;uz;ve;vi;war;wo;xh;yi;yo;zh-Hans;zh-Hant;zu,
jkT7qLSP_mU,2024,2048,False,True,,aa;ab;af;ak;am;ar;as;ay;az;ba;be;bg;bho;bn;bo;br;bs;ca;ceb;co;crs;cs;cy;da;de;dv;dz;ee;el;en;eo;es;et;eu;fa;fi;fil;fj;fo;fr;fy;ga;gaa;gd;gl;gn;gu;gv;ha;haw;hi;hmn;hr;ht;hu;hy;id;ig;is;it;iu;iw;ja;jv;ka;kha;kk;kl;km;kn;ko;kri;ku;ky;la;lb;lg;ln;lo;lt;lua;luo;lv;mfe;mg;mi;mk;ml;mn;mr;ms;mt;my;ne;new;nl;no;nso;ny;oc;om;or;os;pa;pam;pl;ps;pt;pt-PT;qu;rn;ro;ru;ru-orig;rw;sa;sd;sg;si;sk;sl;sm;sn;so;sq;sr;ss;st;su;sv;sw;ta;te;tg;th;ti;tk;tn;to;tr;ts;tt;tum;ug;uk;ur;uz;ve;vi;war;wo;xh;yi;yo;zh-Hans;zh-Hant;zu,
U2MCvDyccVU,2024,2636,False,True,,aa;ab;af;ak;am;ar;as;ay;az;ba;be;bg;bho;bn;bo;br;bs;ca;ceb;co;crs;cs;cy;da;de;dv;dz;ee;el;en;eo;es;et;eu;fa;fi;fil;fj;fo;fr;fy;ga;gaa;gd;gl;gn;gu;gv;ha;haw;hi;hmn;hr;ht;hu;hy;id;ig;is;it;iu;iw;ja;jv;ka;kha;kk;kl;km;kn;ko;kri;ku;ky;la;lb;lg;ln;lo;lt;lua;luo;lv;mfe;mg;mi;mk;ml;mn;mr;ms;mt;my;ne;new;nl;no;nso;ny;oc;om;or;os;pa;pam;pl;ps;pt;pt-PT;qu;rn;ro;ru;ru-orig;rw;sa;sd;sg;si;sk;sl;sm;sn;so;sq;sr;ss;st;su;sv;sw;ta;te;tg;th;ti;tk;tn;to;tr;ts;tt;tum;ug;uk;ur;uz;ve;vi;war;wo;xh;yi;yo;zh-Hans;zh-Hant;zu,
ROZ7hZT1Y7Y,2024,6729,False,True,,aa;ab;af;ak;am;ar;as;ay;az;ba;be;bg;bho;bn;bo;br;bs;ca;ceb;co;crs;cs;cy;da;de;dv;dz;ee;el;en;eo;es;et;eu;fa;fi;fil;fj;fo;fr;fy;ga;gaa;gd;gl;gn;gu;gv;ha;haw;hi;hmn;hr;ht;hu;hy;id;ig;is;it;iu;iw;ja;jv;ka;kha;kk;kl;km;kn;ko;kri;ku;ky;la;lb;lg;ln;lo;lt;lua;luo;lv;mfe;mg;mi;mk;ml;mn;mr;ms;mt;my;ne;new;nl;no;nso;ny;oc;om;or;os;pa;pam;pl;ps;pt;pt-PT;qu;rn;ro;ru;ru-orig;rw;sa;sd;sg;si;sk;sl;sm;sn;so;sq;sr;ss;st;su;sv;sw;ta;te;tg;th;ti;tk;tn;to;tr;ts;tt;tum;ug;uk;ur;uz;ve;vi;war;wo;xh;yi;yo;zh-Hans;zh-Hant;zu,
88vk9fmRm98,2024,10635,False,True,,aa;ab;af;ak;am;ar;as;ay;az;ba;be;bg;bho;bn;bo;br;bs;ca;ceb;co;crs;cs;cy;da;de;dv;dz;ee;el;en;eo;es;et;eu;fa;fi;fil;fj;fo;fr;fy;ga;gaa;gd;gl;gn;gu;gv;ha;haw;hi;hmn;hr;ht;hu;hy;id;ig;is;it;iu;iw;ja;jv;ka;kha;kk;kl;km;kn;ko;kri;ku;ky;la;lb;lg;ln;lo;lt;lua;luo;lv;mfe;mg;mi;mk;ml;mn;mr;ms;mt;my;ne;new;nl;no;nso;ny;oc;om;or;os;pa;pam;pl;ps;pt;pt-PT;qu;rn;ro;ru;ru-orig;rw;sa;sd;sg;si;sk;sl;sm;sn;so;sq;sr;ss;st;su;sv;sw;ta;te;tg;th;ti;tk;tn;to;tr;ts;tt;tum;ug;uk;ur;uz;ve;vi;war;wo;xh;yi;yo;zh-Hans;zh-Hant;zu,
o9uqq5CohPo,2024,33579,False,True,,aa;ab;af;ak;am;ar;as;ay;az;ba;be;bg;bho;bn;bo;br;bs;ca;ceb;co;crs;cs;cy;da;de;dv;dz;ee;el;en;eo;es;et;eu;fa;fi;fil;fj;fo;fr;fy;ga;gaa;gd;gl;gn;gu;gv;ha;haw;hi;hmn;hr;ht;hu;hy;id;ig;is;it;iu;iw;ja;jv;ka;kha;kk;kl;km;kn;ko;kri;ku;ky;la;lb;lg;ln;lo;lt;lua;luo;lv;mfe;mg;mi;mk;ml;mn;mr;ms;mt;my;ne;new;nl;no;nso;ny;oc;om;or;os;pa;pam;pl;ps;pt;pt-PT;qu;rn;ro;ru;ru-orig;rw;sa;sd;sg;si;sk;sl;sm;sn;so;sq;sr;ss;st;su;sv;sw;ta;te;tg;th;ti;tk;tn;to;tr;ts;tt;tum;ug;uk;ur;uz;ve;vi;war;wo;xh;yi;yo;zh-Hans;zh-Hant;zu,
jtqPBJS3dSA,2024,9810,False,True,,aa;ab;af;ak;am;ar;as;ay;az;ba;be;bg;bho;bn;bo;br;bs;ca;ceb;co;crs;cs;cy;da;de;dv;dz;ee;el;en;eo;es;et;eu;fa;fi;fil;fj;fo;fr;fy;ga;gaa;gd;gl;gn;gu;gv;ha;haw;hi;hmn;hr;ht;hu;hy;id;ig;is;it;iu;iw;ja;jv;ka;kha;kk;kl;km;kn;ko;kri;ku;ky;la;lb;lg;ln;lo;lt;lua;luo;lv;mfe;mg;mi;mk;ml;mn;mr;ms;mt;my;ne;new;nl;no;nso;ny;oc;om;or;os;pa;pam;pl;ps;pt;pt-PT;qu;rn;ro;ru;ru-orig;rw;sa;sd;sg;si;sk;sl;sm;sn;so;sq;sr;ss;st;su;sv;sw;ta;te;tg;th;ti;tk;tn;to;tr;ts;tt;tum;ug;uk;ur;uz;ve;vi;war;wo;xh;yi;yo;zh-Hans;zh-Hant;zu,
p1TznVqkI9g,2024,,,,,,timeout
-dKymK1eJ58,2025,1539,False,True,,aa;ab;af;ak;am;ar;as;ay;az;ba;be;bg;bho;bn;bo;br;bs;ca;ceb;co;crs;cs;cy;da;de;dv;dz;ee;el;en;eo;es;et;eu;fa;fi;fil;fj;fo;fr;fy;ga;gaa;gd;gl;gn;gu;gv;ha;haw;hi;hmn;hr;ht;hu;hy;id;ig;is;it;iu;iw;ja;jv;ka;kha;kk;kl;km;kn;ko;kri;ku;ky;la;lb;lg;ln;lo;lt;lua;luo;lv;mfe;mg;mi;mk;ml;mn;mr;ms;mt;my;ne;new;nl;no;nso;ny;oc;om;or;os;pa;pam;pl;ps;pt;pt-PT;qu;rn;ro;ru;ru-orig;rw;sa;sd;sg;si;sk;sl;sm;sn;so;sq;sr;ss;st;su;sv;sw;ta;te;tg;th;ti;tk;tn;to;tr;ts;tt;tum;ug;uk;ur;uz;ve;vi;war;wo;xh;yi;yo;zh-Hans;zh-Hant;zu,
F90AAIB5uzQ,2025,1350,False,True,,aa;ab;af;ak;am;ar;as;ay;az;ba;be;bg;bho;bn;bo;br;bs;ca;ceb;co;crs;cs;cy;da;de;dv;dz;ee;el;en;eo;es;et;eu;fa;fi;fil;fj;fo;fr;fy;ga;gaa;gd;gl;gn;gu;gv;ha;haw;hi;hmn;hr;ht;hu;hy;id;ig;is;it;iu;iw;ja;jv;ka;kha;kk;kl;km;kn;ko;kri;ku;ky;la;lb;lg;ln;lo;lt;lua;luo;lv;mfe;mg;mi;mk;ml;mn;mr;ms;mt;my;ne;new;nl;no;nso;ny;oc;om;or;os;pa;pam;pl;ps;pt;pt-PT;qu;rn;ro;ru;ru-orig;rw;sa;sd;sg;si;sk;sl;sm;sn;so;sq;sr;ss;st;su;sv;sw;ta;te;tg;th;ti;tk;tn;to;tr;ts;tt;tum;ug;uk;ur;uz;ve;vi;war;wo;xh;yi;yo;zh-Hans;zh-Hant;zu,
wKzcnr3C8xo,2025,1147,False,True,,aa;ab;af;ak;am;ar;as;ay;az;ba;be;bg;bho;bn;bo;br;bs;ca;ceb;co;crs;cs;cy;da;de;dv;dz;ee;el;en;eo;es;et;eu;fa;fi;fil;fj;fo;fr;fy;ga;gaa;gd;gl;gn;gu;gv;ha;haw;hi;hmn;hr;ht;hu;hy;id;ig;is;it;iu;iw;ja;jv;ka;kha;kk;kl;km;kn;ko;kri;ku;ky;la;lb;lg;ln;lo;lt;lua;luo;lv;mfe;mg;mi;mk;ml;mn;mr;ms;mt;my;ne;new;nl;no;nso;ny;oc;om;or;os;pa;pam;pl;ps;pt;pt-PT;qu;rn;ro;ru;ru-orig;rw;sa;sd;sg;si;sk;sl;sm;sn;so;sq;sr;ss;st;su;sv;sw;ta;te;tg;th;ti;tk;tn;to;tr;ts;tt;tum;ug;uk;ur;uz;ve;vi;war;wo;xh;yi;yo;zh-Hans;zh-Hant;zu,
3HxVhiyruVg,2025,1434,False,True,,aa;ab;af;ak;am;ar;as;ay;az;ba;be;bg;bho;bn;bo;br;bs;ca;ceb;co;crs;cs;cy;da;de;dv;dz;ee;el;en;eo;es;et;eu;fa;fi;fil;fj;fo;fr;fy;ga;gaa;gd;gl;gn;gu;gv;ha;haw;hi;hmn;hr;ht;hu;hy;id;ig;is;it;iu;iw;ja;jv;ka;kha;kk;kl;km;kn;ko;kri;ku;ky;la;lb;lg;ln;lo;lt;lua;luo;lv;mfe;mg;mi;mk;ml;mn;mr;ms;mt;my;ne;new;nl;no;nso;ny;oc;om;or;os;pa;pam;pl;ps;pt;pt-PT;qu;rn;ro;ru;ru-orig;rw;sa;sd;sg;si;sk;sl;sm;sn;so;sq;sr;ss;st;su;sv;sw;ta;te;tg;th;ti;tk;tn;to;tr;ts;tt;tum;ug;uk;ur;uz;ve;vi;war;wo;xh;yi;yo;zh-Hans;zh-Hant;zu,
rAEXowwmjjg,2025,1351,False,True,,aa;ab;af;ak;am;ar;as;ay;az;ba;be;bg;bho;bn;bo;br;bs;ca;ceb;co;crs;cs;cy;da;de;dv;dz;ee;el;en;eo;es;et;eu;fa;fi;fil;fj;fo;fr;fy;ga;gaa;gd;gl;gn;gu;gv;ha;haw;hi;hmn;hr;ht;hu;hy;id;ig;is;it;iu;iw;ja;jv;ka;kha;kk;kl;km;kn;ko;kri;ku;ky;la;lb;lg;ln;lo;lt;lua;luo;lv;mfe;mg;mi;mk;ml;mn;mr;ms;mt;my;ne;new;nl;no;nso;ny;oc;om;or;os;pa;pam;pl;ps;pt;pt-PT;qu;rn;ro;ru;ru-orig;rw;sa;sd;sg;si;sk;sl;sm;sn;so;sq;sr;ss;st;su;sv;sw;ta;te;tg;th;ti;tk;tn;to;tr;ts;tt;tum;ug;uk;ur;uz;ve;vi;war;wo;xh;yi;yo;zh-Hans;zh-Hant;zu,
1afmylFcvY4,2025,1351,False,True,,aa;ab;af;ak;am;ar;as;ay;az;ba;be;bg;bho;bn;bo;br;bs;ca;ceb;co;crs;cs;cy;da;de;dv;dz;ee;el;en;eo;es;et;eu;fa;fi;fil;fj;fo;fr;fy;ga;gaa;gd;gl;gn;gu;gv;ha;haw;hi;hmn;hr;ht;hu;hy;id;ig;is;it;iu;iw;ja;jv;ka;kha;kk;kl;km;kn;ko;kri;ku;ky;la;lb;lg;ln;lo;lt;lua;luo;lv;mfe;mg;mi;mk;ml;mn;mr;ms;mt;my;ne;new;nl;no;nso;ny;oc;om;or;os;pa;pam;pl;ps;pt;pt-PT;qu;rn;ro;ru;ru-orig;rw;sa;sd;sg;si;sk;sl;sm;sn;so;sq;sr;ss;st;su;sv;sw;ta;te;tg;th;ti;tk;tn;to;tr;ts;tt;tum;ug;uk;ur;uz;ve;vi;war;wo;xh;yi;yo;zh-Hans;zh-Hant;zu,
XuNg9qqSDQI,2025,1539,False,True,,aa;ab;af;ak;am;ar;as;ay;az;ba;be;bg;bho;bn;bo;br;bs;ca;ceb;co;crs;cs;cy;da;de;dv;dz;ee;el;en;eo;es;et;eu;fa;fi;fil;fj;fo;fr;fy;ga;gaa;gd;gl;gn;gu;gv;ha;haw;hi;hmn;hr;ht;hu;hy;id;ig;is;it;iu;iw;ja;jv;ka;kha;kk;kl;km;kn;ko;kri;ku;ky;la;lb;lg;ln;lo;lt;lua;luo;lv;mfe;mg;mi;mk;ml;mn;mr;ms;mt;my;ne;new;nl;no;nso;ny;oc;om;or;os;pa;pam;pl;ps;pt;pt-PT;qu;rn;ro;ru;ru-orig;rw;sa;sd;sg;si;sk;sl;sm;sn;so;sq;sr;ss;st;su;sv;sw;ta;te;tg;th;ti;tk;tn;to;tr;ts;tt;tum;ug;uk;ur;uz;ve;vi;war;wo;xh;yi;yo;zh-Hans;zh-Hant;zu,
x4xhukwzkAg,2025,1350,False,True,,aa;ab;af;ak;am;ar;as;ay;az;ba;be;bg;bho;bn;bo;br;bs;ca;ceb;co;crs;cs;cy;da;de;dv;dz;ee;el;en;eo;es;et;eu;fa;fi;fil;fj;fo;fr;fy;ga;gaa;gd;gl;gn;gu;gv;ha;haw;hi;hmn;hr;ht;hu;hy;id;ig;is;it;iu;iw;ja;jv;ka;kha;kk;kl;km;kn;ko;kri;ku;ky;la;lb;lg;ln;lo;lt;lua;luo;lv;mfe;mg;mi;mk;ml;mn;mr;ms;mt;my;ne;new;nl;no;nso;ny;oc;om;or;os;pa;pam;pl;ps;pt;pt-PT;qu;rn;ro;ru;ru-orig;rw;sa;sd;sg;si;sk;sl;sm;sn;so;sq;sr;ss;st;su;sv;sw;ta;te;tg;th;ti;tk;tn;to;tr;ts;tt;tum;ug;uk;ur;uz;ve;vi;war;wo;xh;yi;yo;zh-Hans;zh-Hant;zu,
B0SqFor7-LM,2025,1147,False,True,,aa;ab;af;ak;am;ar;as;ay;az;ba;be;bg;bho;bn;bo;br;bs;ca;ceb;co;crs;cs;cy;da;de;dv;dz;ee;el;en;eo;es;et;eu;fa;fi;fil;fj;fo;fr;fy;ga;gaa;gd;gl;gn;gu;gv;ha;haw;hi;hmn;hr;ht;hu;hy;id;ig;is;it;iu;iw;ja;jv;ka;kha;kk;kl;km;kn;ko;kri;ku;ky;la;lb;lg;ln;lo;lt;lua;luo;lv;mfe;mg;mi;mk;ml;mn;mr;ms;mt;my;ne;new;nl;no;nso;ny;oc;om;or;os;pa;pam;pl;ps;pt;pt-PT;qu;rn;ro;ru;ru-orig;rw;sa;sd;sg;si;sk;sl;sm;sn;so;sq;sr;ss;st;su;sv;sw;ta;te;tg;th;ti;tk;tn;to;tr;ts;tt;tum;ug;uk;ur;uz;ve;vi;war;wo;xh;yi;yo;zh-Hans;zh-Hant;zu,
0MTHwqREirI,2025,1434,False,True,,aa;ab;af;ak;am;ar;as;ay;az;ba;be;bg;bho;bn;bo;br;bs;ca;ceb;co;crs;cs;cy;da;de;dv;dz;ee;el;en;eo;es;et;eu;fa;fi;fil;fj;fo;fr;fy;ga;gaa;gd;gl;gn;gu;gv;ha;haw;hi;hmn;hr;ht;hu;hy;id;ig;is;it;iu;iw;ja;jv;ka;kha;kk;kl;km;kn;ko;kri;ku;ky;la;lb;lg;ln;lo;lt;lua;luo;lv;mfe;mg;mi;mk;ml;mn;mr;ms;mt;my;ne;new;nl;no;nso;ny;oc;om;or;os;pa;pam;pl;ps;pt;pt-PT;qu;rn;ro;ru;ru-orig;rw;sa;sd;sg;si;sk;sl;sm;sn;so;sq;sr;ss;st;su;sv;sw;ta;te;tg;th;ti;tk;tn;to;tr;ts;tt;tum;ug;uk;ur;uz;ve;vi;war;wo;xh;yi;yo;zh-Hans;zh-Hant;zu,
kWqQ5gOmRtE,2025,1682,False,True,,aa;ab;af;ak;am;ar;as;ay;az;ba;be;bg;bho;bn;bo;br;bs;ca;ceb;co;crs;cs;cy;da;de;dv;dz;ee;el;en;eo;es;et;eu;fa;fi;fil;fj;fo;fr;fy;ga;gaa;gd;gl;gn;gu;gv;ha;haw;hi;hmn;hr;ht;hu;hy;id;ig;is;it;iu;iw;ja;jv;ka;kha;kk;kl;km;kn;ko;kri;ku;ky;la;lb;lg;ln;lo;lt;lua;luo;lv;mfe;mg;mi;mk;ml;mn;mr;ms;mt;my;ne;new;nl;no;nso;ny;oc;om;or;os;pa;pam;pl;ps;pt;pt-PT;qu;rn;ro;ru;ru-orig;rw;sa;sd;sg;si;sk;sl;sm;sn;so;sq;sr;ss;st;su;sv;sw;ta;te;tg;th;ti;tk;tn;to;tr;ts;tt;tum;ug;uk;ur;uz;ve;vi;war;wo;xh;yi;yo;zh-Hans;zh-Hant;zu,
U_kfD5z8nUI,2025,2099,False,True,,aa;ab;af;ak;am;ar;as;ay;az;ba;be;bg;bho;bn;bo;br;bs;ca;ceb;co;crs;cs;cy;da;de;dv;dz;ee;el;en;eo;es;et;eu;fa;fi;fil;fj;fo;fr;fy;ga;gaa;gd;gl;gn;gu;gv;ha;haw;hi;hmn;hr;ht;hu;hy;id;ig;is;it;iu;iw;ja;jv;ka;kha;kk;kl;km;kn;ko;kri;ku;ky;la;lb;lg;ln;lo;lt;lua;luo;lv;mfe;mg;mi;mk;ml;mn;mr;ms;mt;my;ne;new;nl;no;nso;ny;oc;om;or;os;pa;pam;pl;ps;pt;pt-PT;qu;rn;ro;ru;ru-orig;rw;sa;sd;sg;si;sk;sl;sm;sn;so;sq;sr;ss;st;su;sv;sw;ta;te;tg;th;ti;tk;tn;to;tr;ts;tt;tum;ug;uk;ur;uz;ve;vi;war;wo;xh;yi;yo;zh-Hans;zh-Hant;zu,
fDfgqQSui2E,2025,1495,False,True,,aa;ab;af;ak;am;ar;as;ay;az;ba;be;bg;bho;bn;bo;br;bs;ca;ceb;co;crs;cs;cy;da;de;dv;dz;ee;el;en;eo;es;et;eu;fa;fi;fil;fj;fo;fr;fy;ga;gaa;gd;gl;gn;gu;gv;ha;haw;hi;hmn;hr;ht;hu;hy;id;ig;is;it;iu;iw;ja;jv;ka;kha;kk;kl;km;kn;ko;kri;ku;ky;la;lb;lg;ln;lo;lt;lua;luo;lv;mfe;mg;mi;mk;ml;mn;mr;ms;mt;my;ne;new;nl;no;nso;ny;oc;om;or;os;pa;pam;pl;ps;pt;pt-PT;qu;rn;ro;ru;ru-orig;rw;sa;sd;sg;si;sk;sl;sm;sn;so;sq;sr;ss;st;su;sv;sw;ta;te;tg;th;ti;tk;tn;to;tr;ts;tt;tum;ug;uk;ur;uz;ve;vi;war;wo;xh;yi;yo;zh-Hans;zh-Hant;zu,
U_n_yIBkkOI,2025,964,False,True,,aa;ab;af;ak;am;ar;as;ay;az;ba;be;bg;bho;bn;bo;br;bs;ca;ceb;co;crs;cs;cy;da;de;dv;dz;ee;el;en;eo;es;et;eu;fa;fi;fil;fj;fo;fr;fy;ga;gaa;gd;gl;gn;gu;gv;ha;haw;hi;hmn;hr;ht;hu;hy;id;ig;is;it;iu;iw;ja;jv;ka;kha;kk;kl;km;kn;ko;kri;ku;ky;la;lb;lg;ln;lo;lt;lua;luo;lv;mfe;mg;mi;mk;ml;mn;mr;ms;mt;my;ne;new;nl;no;nso;ny;oc;om;or;os;pa;pam;pl;ps;pt;pt-PT;qu;rn;ro;ru;ru-orig;rw;sa;sd;sg;si;sk;sl;sm;sn;so;sq;sr;ss;st;su;sv;sw;ta;te;tg;th;ti;tk;tn;to;tr;ts;tt;tum;ug;uk;ur;uz;ve;vi;war;wo;xh;yi;yo;zh-Hans;zh-Hant;zu,
VGx1cN6Gt5k,2025,1467,False,True,,aa;ab;af;ak;am;ar;as;ay;az;ba;be;bg;bho;bn;bo;br;bs;ca;ceb;co;crs;cs;cy;da;de;dv;dz;ee;el;en;eo;es;et;eu;fa;fi;fil;fj;fo;fr;fy;ga;gaa;gd;gl;gn;gu;gv;ha;haw;hi;hmn;hr;ht;hu;hy;id;ig;is;it;iu;iw;ja;jv;ka;kha;kk;kl;km;kn;ko;kri;ku;ky;la;lb;lg;ln;lo;lt;lua;luo;lv;mfe;mg;mi;mk;ml;mn;mr;ms;mt;my;ne;new;nl;no;nso;ny;oc;om;or;os;pa;pam;pl;ps;pt;pt-PT;qu;rn;ro;ru;ru-orig;rw;sa;sd;sg;si;sk;sl;sm;sn;so;sq;sr;ss;st;su;sv;sw;ta;te;tg;th;ti;tk;tn;to;tr;ts;tt;tum;ug;uk;ur;uz;ve;vi;war;wo;xh;yi;yo;zh-Hans;zh-Hant;zu,
ephWAga0uMQ,2025,1496,False,True,,aa;ab;af;ak;am;ar;as;ay;az;ba;be;bg;bho;bn;bo;br;bs;ca;ceb;co;crs;cs;cy;da;de;dv;dz;ee;el;en;eo;es;et;eu;fa;fi;fil;fj;fo;fr;fy;ga;gaa;gd;gl;gn;gu;gv;ha;haw;hi;hmn;hr;ht;hu;hy;id;ig;is;it;iu;iw;ja;jv;ka;kha;kk;kl;km;kn;ko;kri;ku;ky;la;lb;lg;ln;lo;lt;lua;luo;lv;mfe;mg;mi;mk;ml;mn;mr;ms;mt;my;ne;new;nl;no;nso;ny;oc;om;or;os;pa;pam;pl;ps;pt;pt-PT;qu;rn;ro;ru;ru-orig;rw;sa;sd;sg;si;sk;sl;sm;sn;so;sq;sr;ss;st;su;sv;sw;ta;te;tg;th;ti;tk;tn;to;tr;ts;tt;tum;ug;uk;ur;uz;ve;vi;war;wo;xh;yi;yo;zh-Hans;zh-Hant;zu,
yLQNn4NodX8,2025,810,False,True,,aa;ab;af;ak;am;ar;as;ay;az;ba;be;bg;bho;bn;bo;br;bs;ca;ceb;co;crs;cs;cy;da;de;dv;dz;ee;el;en;eo;es;et;eu;fa;fi;fil;fj;fo;fr;fy;ga;gaa;gd;gl;gn;gu;gv;ha;haw;hi;hmn;hr;ht;hu;hy;id;ig;is;it;iu;iw;ja;jv;ka;kha;kk;kl;km;kn;ko;kri;ku;ky;la;lb;lg;ln;lo;lt;lua;luo;lv;mfe;mg;mi;mk;ml;mn;mr;ms;mt;my;ne;new;nl;no;nso;ny;oc;om;or;os;pa;pam;pl;ps;pt;pt-PT;qu;rn;ro;ru;ru-orig;rw;sa;sd;sg;si;sk;sl;sm;sn;so;sq;sr;ss;st;su;sv;sw;ta;te;tg;th;ti;tk;tn;to;tr;ts;tt;tum;ug;uk;ur;uz;ve;vi;war;wo;xh;yi;yo;zh-Hans;zh-Hant;zu,
_Wr00RdfdVw,2025,1114,False,True,,aa;ab;af;ak;am;ar;as;ay;az;ba;be;bg;bho;bn;bo;br;bs;ca;ceb;co;crs;cs;cy;da;de;dv;dz;ee;el;en;eo;es;et;eu;fa;fi;fil;fj;fo;fr;fy;ga;gaa;gd;gl;gn;gu;gv;ha;haw;hi;hmn;hr;ht;hu;hy;id;ig;is;it;iu;iw;ja;jv;ka;kha;kk;kl;km;kn;ko;kri;ku;ky;la;lb;lg;ln;lo;lt;lua;luo;lv;mfe;mg;mi;mk;ml;mn;mr;ms;mt;my;ne;new;nl;no;nso;ny;oc;om;or;os;pa;pam;pl;ps;pt;pt-PT;qu;rn;ro;ru;ru-orig;rw;sa;sd;sg;si;sk;sl;sm;sn;so;sq;sr;ss;st;su;sv;sw;ta;te;tg;th;ti;tk;tn;to;tr;ts;tt;tum;ug;uk;ur;uz;ve;vi;war;wo;xh;yi;yo;zh-Hans;zh-Hant;zu,
LhLvKZggWQM,2025,756,False,True,,aa;ab;af;ak;am;ar;as;ay;az;ba;be;bg;bho;bn;bo;br;bs;ca;ceb;co;crs;cs;cy;da;de;dv;dz;ee;el;en;eo;es;et;eu;fa;fi;fil;fj;fo;fr;fy;ga;gaa;gd;gl;gn;gu;gv;ha;haw;hi;hmn;hr;ht;hu;hy;id;ig;is;it;iu;iw;ja;jv;ka;kha;kk;kl;km;kn;ko;kri;ku;ky;la;lb;lg;ln;lo;lt;lua;luo;lv;mfe;mg;mi;mk;ml;mn;mr;ms;mt;my;ne;new;nl;no;nso;ny;oc;om;or;os;pa;pam;pl;ps;pt;pt-PT;qu;rn;ro;ru;ru-orig;rw;sa;sd;sg;si;sk;sl;sm;sn;so;sq;sr;ss;st;su;sv;sw;ta;te;tg;th;ti;tk;tn;to;tr;ts;tt;tum;ug;uk;ur;uz;ve;vi;war;wo;xh;yi;yo;zh-Hans;zh-Hant;zu,
pAQB_pquI-k,2025,346,False,True,,aa;ab;af;ak;am;ar;as;ay;az;ba;be;bg;bho;bn;bo;br;bs;ca;ceb;co;crs;cs;cy;da;de;dv;dz;ee;el;en;eo;es;et;eu;fa;fi;fil;fj;fo;fr;fy;ga;gaa;gd;gl;gn;gu;gv;ha;haw;hi;hmn;hr;ht;hu;hy;id;ig;is;it;iu;iw;ja;jv;ka;kha;kk;kl;km;kn;ko;kri;ku;ky;la;lb;lg;ln;lo;lt;lua;luo;lv;mfe;mg;mi;mk;ml;mn;mr;ms;mt;my;ne;new;nl;no;nso;ny;oc;om;or;os;pa;pam;pl;ps;pt;pt-PT;qu;rn;ro;ru;ru-orig;rw;sa;sd;sg;si;sk;sl;sm;sn;so;sq;sr;ss;st;su;sv;sw;ta;te;tg;th;ti;tk;tn;to;tr;ts;tt;tum;ug;uk;ur;uz;ve;vi;war;wo;xh;yi;yo;zh-Hans;zh-Hant;zu,
nRTdxUSsWn4,2025,257,False,True,,aa;ab;af;ak;am;ar;as;ay;az;ba;be;bg;bho;bn;bo;br;bs;ca;ceb;co;crs;cs;cy;da;de;dv;dz;ee;el;en;eo;es;et;eu;fa;fi;fil;fj;fo;fr;fy;ga;gaa;gd;gl;gn;gu;gv;ha;haw;hi;hmn;hr;ht;hu;hy;id;ig;is;it;iu;iw;ja;jv;ka;kha;kk;kl;km;kn;ko;kri;ku;ky;la;lb;lg;ln;lo;lt;lua;luo;lv;mfe;mg;mi;mk;ml;mn;mr;ms;mt;my;ne;new;nl;no;nso;ny;oc;om;or;os;pa;pam;pl;ps;pt;pt-PT;qu;rn;ro;ru;ru-orig;rw;sa;sd;sg;si;sk;sl;sm;sn;so;sq;sr;ss;st;su;sv;sw;ta;te;tg;th;ti;tk;tn;to;tr;ts;tt;tum;ug;uk;ur;uz;ve;vi;war;wo;xh;yi;yo;zh-Hans;zh-Hant;zu,
pK6i3RrTVpA,2025,1295,False,True,,aa;ab;af;ak;am;ar;as;ay;az;ba;be;bg;bho;bn;bo;br;bs;ca;ceb;co;crs;cs;cy;da;de;dv;dz;ee;el;en;eo;es;et;eu;fa;fi;fil;fj;fo;fr;fy;ga;gaa;gd;gl;gn;gu;gv;ha;haw;hi;hmn;hr;ht;hu;hy;id;ig;is;it;iu;iw;ja;jv;ka;kha;kk;kl;km;kn;ko;kri;ku;ky;la;lb;lg;ln;lo;lt;lua;luo;lv;mfe;mg;mi;mk;ml;mn;mr;ms;mt;my;ne;new;nl;no;nso;ny;oc;om;or;os;pa;pam;pl;ps;pt;pt-PT;qu;rn;ro;ru;ru-orig;rw;sa;sd;sg;si;sk;sl;sm;sn;so;sq;sr;ss;st;su;sv;sw;ta;te;tg;th;ti;tk;tn;to;tr;ts;tt;tum;ug;uk;ur;uz;ve;vi;war;wo;xh;yi;yo;zh-Hans;zh-Hant;zu,
BlDvpKESqmc,2025,1209,False,True,,aa;ab;af;ak;am;ar;as;ay;az;ba;be;bg;bho;bn;bo;br;bs;ca;ceb;co;crs;cs;cy;da;de;dv;dz;ee;el;en;eo;es;et;eu;fa;fi;fil;fj;fo;fr;fy;ga;gaa;gd;gl;gn;gu;gv;ha;haw;hi;hmn;hr;ht;hu;hy;id;ig;is;it;iu;iw;ja;jv;ka;kha;kk;kl;km;kn;ko;kri;ku;ky;la;lb;lg;ln;lo;lt;lua;luo;lv;mfe;mg;mi;mk;ml;mn;mr;ms;mt;my;ne;new;nl;no;nso;ny;oc;om;or;os;pa;pam;pl;ps;pt;pt-PT;qu;rn;ro;ru;ru-orig;rw;sa;sd;sg;si;sk;sl;sm;sn;so;sq;sr;ss;st;su;sv;sw;ta;te;tg;th;ti;tk;tn;to;tr;ts;tt;tum;ug;uk;ur;uz;ve;vi;war;wo;xh;yi;yo;zh-Hans;zh-Hant;zu,
KLefVWmwwI4,2025,1158,False,True,,aa;ab;af;ak;am;ar;as;ay;az;ba;be;bg;bho;bn;bo;br;bs;ca;ceb;co;crs;cs;cy;da;de;dv;dz;ee;el;en;eo;es;et;eu;fa;fi;fil;fj;fo;fr;fy;ga;gaa;gd;gl;gn;gu;gv;ha;haw;hi;hmn;hr;ht;hu;hy;id;ig;is;it;iu;iw;ja;jv;ka;kha;kk;kl;km;kn;ko;kri;ku;ky;la;lb;lg;ln;lo;lt;lua;luo;lv;mfe;mg;mi;mk;ml;mn;mr;ms;mt;my;ne;new;nl;no;nso;ny;oc;om;or;os;pa;pam;pl;ps;pt;pt-PT;qu;rn;ro;ru;ru-orig;rw;sa;sd;sg;si;sk;sl;sm;sn;so;sq;sr;ss;st;su;sv;sw;ta;te;tg;th;ti;tk;tn;to;tr;ts;tt;tum;ug;uk;ur;uz;ve;vi;war;wo;xh;yi;yo;zh-Hans;zh-Hant;zu,
pwrSUgFlqcM,2025,1134,False,True,,aa;ab;af;ak;am;ar;as;ay;az;ba;be;bg;bho;bn;bo;br;bs;ca;ceb;co;crs;cs;cy;da;de;dv;dz;ee;el;en;eo;es;et;eu;fa;fi;fil;fj;fo;fr;fy;ga;gaa;gd;gl;gn;gu;gv;ha;haw;hi;hmn;hr;ht;hu;hy;id;ig;is;it;iu;iw;ja;jv;ka;kha;kk;kl;km;kn;ko;kri;ku;ky;la;lb;lg;ln;lo;lt;lua;luo;lv;mfe;mg;mi;mk;ml;mn;mr;ms;mt;my;ne;new;nl;no;nso;ny;oc;om;or;os;pa;pam;pl;ps;pt;pt-PT;qu;rn;ro;ru;ru-orig;rw;sa;sd;sg;si;sk;sl;sm;sn;so;sq;sr;ss;st;su;sv;sw;ta;te;tg;th;ti;tk;tn;to;tr;ts;tt;tum;ug;uk;ur;uz;ve;vi;war;wo;xh;yi;yo;zh-Hans;zh-Hant;zu,
FelMfljL-oc,2025,1049,False,True,,aa;ab;af;ak;am;ar;as;ay;az;ba;be;bg;bho;bn;bo;br;bs;ca;ceb;co;crs;cs;cy;da;de;dv;dz;ee;el;en;eo;es;et;eu;fa;fi;fil;fj;fo;fr;fy;ga;gaa;gd;gl;gn;gu;gv;ha;haw;hi;hmn;hr;ht;hu;hy;id;ig;is;it;iu;iw;ja;jv;ka;kha;kk;kl;km;kn;ko;kri;ku;ky;la;lb;lg;ln;lo;lt;lua;luo;lv;mfe;mg;mi;mk;ml;mn;mr;ms;mt;my;ne;new;nl;no;nso;ny;oc;om;or;os;pa;pam;pl;ps;pt;pt-PT;qu;rn;ro;ru;ru-orig;rw;sa;sd;sg;si;sk;sl;sm;sn;so;sq;sr;ss;st;su;sv;sw;ta;te;tg;th;ti;tk;tn;to;tr;ts;tt;tum;ug;uk;ur;uz;ve;vi;war;wo;xh;yi;yo;zh-Hans;zh-Hant;zu,
ESYJjN96iKU,2025,1205,False,True,,aa;ab;af;ak;am;ar;as;ay;az;ba;be;bg;bho;bn;bo;br;bs;ca;ceb;co;crs;cs;cy;da;de;dv;dz;ee;el;en;eo;es;et;eu;fa;fi;fil;fj;fo;fr;fy;ga;gaa;gd;gl;gn;gu;gv;ha;haw;hi;hmn;hr;ht;hu;hy;id;ig;is;it;iu;iw;ja;jv;ka;kha;kk;kl;km;kn;ko;kri;ku;ky;la;lb;lg;ln;lo;lt;lua;luo;lv;mfe;mg;mi;mk;ml;mn;mr;ms;mt;my;ne;new;nl;no;nso;ny;oc;om;or;os;pa;pam;pl;ps;pt;pt-PT;qu;rn;ro;ru;ru-orig;rw;sa;sd;sg;si;sk;sl;sm;sn;so;sq;sr;ss;st;su;sv;sw;ta;te;tg;th;ti;tk;tn;to;tr;ts;tt;tum;ug;uk;ur;uz;ve;vi;war;wo;xh;yi;yo;zh-Hans;zh-Hant;zu,
PlvJyWtPdnY,2025,,,,,,timeout
HUnG-58X5-o,2025,592,False,True,,aa;ab;af;ak;am;ar;as;ay;az;ba;be;bg;bho;bn;bo;br;bs;ca;ceb;co;crs;cs;cy;da;de;dv;dz;ee;el;en;eo;es;et;eu;fa;fi;fil;fj;fo;fr;fy;ga;gaa;gd;gl;gn;gu;gv;ha;haw;hi;hmn;hr;ht;hu;hy;id;ig;is;it;iu;iw;ja;jv;ka;kha;kk;kl;km;kn;ko;kri;ku;ky;la;lb;lg;ln;lo;lt;lua;luo;lv;mfe;mg;mi;mk;ml;mn;mr;ms;mt;my;ne;new;nl;no;nso;ny;oc;om;or;os;pa;pam;pl;ps;pt;pt-PT;qu;rn;ro;ru;ru-orig;rw;sa;sd;sg;si;sk;sl;sm;sn;so;sq;sr;ss;st;su;sv;sw;ta;te;tg;th;ti;tk;tn;to;tr;ts;tt;tum;ug;uk;ur;uz;ve;vi;war;wo;xh;yi;yo;zh-Hans;zh-Hant;zu,
SCEaOZy7bR4,2025,257,False,True,,aa;ab;af;ak;am;ar;as;ay;az;ba;be;bg;bho;bn;bo;br;bs;ca;ceb;co;crs;cs;cy;da;de;dv;dz;ee;el;en;eo;es;et;eu;fa;fi;fil;fj;fo;fr;fy;ga;gaa;gd;gl;gn;gu;gv;ha;haw;hi;hmn;hr;ht;hu;hy;id;ig;is;it;iu;iw;ja;jv;ka;kha;kk;kl;km;kn;ko;kri;ku;ky;la;lb;lg;ln;lo;lt;lua;luo;lv;mfe;mg;mi;mk;ml;mn;mr;ms;mt;my;ne;new;nl;no;nso;ny;oc;om;or;os;pa;pam;pl;ps;pt;pt-PT;qu;rn;ro;ru;ru-orig;rw;sa;sd;sg;si;sk;sl;sm;sn;so;sq;sr;ss;st;su;sv;sw;ta;te;tg;th;ti;tk;tn;to;tr;ts;tt;tum;ug;uk;ur;uz;ve;vi;war;wo;xh;yi;yo;zh-Hans;zh-Hant;zu,
Tr0wH8EonoI,2025,1102,False,True,,aa;ab;af;ak;am;ar;as;ay;az;ba;be;bg;bho;bn;bo;br;bs;ca;ceb;co;crs;cs;cy;da;de;dv;dz;ee;el;en;eo;es;et;eu;fa;fi;fil;fj;fo;fr;fy;ga;gaa;gd;gl;gn;gu;gv;ha;haw;hi;hmn;hr;ht;hu;hy;id;ig;is;it;iu;iw;ja;jv;ka;kha;kk;kl;km;kn;ko;kri;ku;ky;la;lb;lg;ln;lo;lt;lua;luo;lv;mfe;mg;mi;mk;ml;mn;mr;ms;mt;my;ne;new;nl;no;nso;ny;oc;om;or;os;pa;pam;pl;ps;pt;pt-PT;qu;rn;ro;ru;ru-orig;rw;sa;sd;sg;si;sk;sl;sm;sn;so;sq;sr;ss;st;su;sv;sw;ta;te;tg;th;ti;tk;tn;to;tr;ts;tt;tum;ug;uk;ur;uz;ve;vi;war;wo;xh;yi;yo;zh-Hans;zh-Hant;zu,
3RynKVBN60Y,2025,1732,False,True,,aa;ab;af;ak;am;ar;as;ay;az;ba;be;bg;bho;bn;bo;br;bs;ca;ceb;co;crs;cs;cy;da;de;dv;dz;ee;el;en;eo;es;et;eu;fa;fi;fil;fj;fo;fr;fy;ga;gaa;gd;gl;gn;gu;gv;ha;haw;hi;hmn;hr;ht;hu;hy;id;ig;is;it;iu;iw;ja;jv;ka;kha;kk;kl;km;kn;ko;kri;ku;ky;la;lb;lg;ln;lo;lt;lua;luo;lv;mfe;mg;mi;mk;ml;mn;mr;ms;mt;my;ne;new;nl;no;nso;ny;oc;om;or;os;pa;pam;pl;ps;pt;pt-PT;qu;rn;ro;ru;ru-orig;rw;sa;sd;sg;si;sk;sl;sm;sn;so;sq;sr;ss;st;su;sv;sw;ta;te;tg;th;ti;tk;tn;to;tr;ts;tt;tum;ug;uk;ur;uz;ve;vi;war;wo;xh;yi;yo;zh-Hans;zh-Hant;zu,
anfWpz9JtWw,2025,2017,False,True,,aa;ab;af;ak;am;ar;as;ay;az;ba;be;bg;bho;bn;bo;br;bs;ca;ceb;co;crs;cs;cy;da;de;dv;dz;ee;el;en;eo;es;et;eu;fa;fi;fil;fj;fo;fr;fy;ga;gaa;gd;gl;gn;gu;gv;ha;haw;hi;hmn;hr;ht;hu;hy;id;ig;is;it;iu;iw;ja;jv;ka;kha;kk;kl;km;kn;ko;kri;ku;ky;la;lb;lg;ln;lo;lt;lua;luo;lv;mfe;mg;mi;mk;ml;mn;mr;ms;mt;my;ne;new;nl;no;nso;ny;oc;om;or;os;pa;pam;pl;ps;pt;pt-PT;qu;rn;ro;ru;ru-orig;rw;sa;sd;sg;si;sk;sl;sm;sn;so;sq;sr;ss;st;su;sv;sw;ta;te;tg;th;ti;tk;tn;to;tr;ts;tt;tum;ug;uk;ur;uz;ve;vi;war;wo;xh;yi;yo;zh-Hans;zh-Hant;zu,
BryP3pcV5Aw,2025,1562,False,True,,aa;ab;af;ak;am;ar;as;ay;az;ba;be;bg;bho;bn;bo;br;bs;ca;ceb;co;crs;cs;cy;da;de;dv;dz;ee;el;en;eo;es;et;eu;fa;fi;fil;fj;fo;fr;fy;ga;gaa;gd;gl;gn;gu;gv;ha;haw;hi;hmn;hr;ht;hu;hy;id;ig;is;it;iu;iw;ja;jv;ka;kha;kk;kl;km;kn;ko;kri;ku;ky;la;lb;lg;ln;lo;lt;lua;luo;lv;mfe;mg;mi;mk;ml;mn;mr;ms;mt;my;ne;new;nl;no;nso;ny;oc;om;or;os;pa;pam;pl;ps;pt;pt-PT;qu;rn;ro;ru;ru-orig;rw;sa;sd;sg;si;sk;sl;sm;sn;so;sq;sr;ss;st;su;sv;sw;ta;te;tg;th;ti;tk;tn;to;tr;ts;tt;tum;ug;uk;ur;uz;ve;vi;war;wo;xh;yi;yo;zh-Hans;zh-Hant;zu,
vOgU9vCY_VI,2025,2047,False,True,,aa;ab;af;ak;am;ar;as;ay;az;ba;be;bg;bho;bn;bo;br;bs;ca;ceb;co;crs;cs;cy;da;de;dv;dz;ee;el;en;eo;es;et;eu;fa;fi;fil;fj;fo;fr;fy;ga;gaa;gd;gl;gn;gu;gv;ha;haw;hi;hmn;hr;ht;hu;hy;id;ig;is;it;iu;iw;ja;jv;ka;kha;kk;kl;km;kn;ko;kri;ku;ky;la;lb;lg;ln;lo;lt;lua;luo;lv;mfe;mg;mi;mk;ml;mn;mr;ms;mt;my;ne;new;nl;no;nso;ny;oc;om;or;os;pa;pam;pl;ps;pt;pt-PT;qu;rn;ro;ru;ru-orig;rw;sa;sd;sg;si;sk;sl;sm;sn;so;sq;sr;ss;st;su;sv;sw;ta;te;tg;th;ti;tk;tn;to;tr;ts;tt;tum;ug;uk;ur;uz;ve;vi;war;wo;xh;yi;yo;zh-Hans;zh-Hant;zu,
sau83nBl4X0,2025,1165,False,True,,aa;ab;af;ak;am;ar;as;ay;az;ba;be;bg;bho;bn;bo;br;bs;ca;ceb;co;crs;cs;cy;da;de;dv;dz;ee;el;en;eo;es;et;eu;fa;fi;fil;fj;fo;fr;fy;ga;gaa;gd;gl;gn;gu;gv;ha;haw;hi;hmn;hr;ht;hu;hy;id;ig;is;it;iu;iw;ja;jv;ka;kha;kk;kl;km;kn;ko;kri;ku;ky;la;lb;lg;ln;lo;lt;lua;luo;lv;mfe;mg;mi;mk;ml;mn;mr;ms;mt;my;ne;new;nl;no;nso;ny;oc;om;or;os;pa;pam;pl;ps;pt;pt-PT;qu;rn;ro;ru;ru-orig;rw;sa;sd;sg;si;sk;sl;sm;sn;so;sq;sr;ss;st;su;sv;sw;ta;te;tg;th;ti;tk;tn;to;tr;ts;tt;tum;ug;uk;ur;uz;ve;vi;war;wo;xh;yi;yo;zh-Hans;zh-Hant;zu,
subBu85HvxM,2025,,,,,,ERROR: [youtube] subBu85HvxM: Video unavailable. This video has been removed by the uploader
bpiYDgcqS6g,2025,,,,,,ERROR: [youtube] bpiYDgcqS6g: Video unavailable. This video has been removed by the uploader
E632HvWvdfE,,2188,False,True,,aa;ab;af;ak;am;ar;as;ay;az;ba;be;bg;bho;bn;bo;br;bs;ca;ceb;co;crs;cs;cy;da;de;dv;dz;ee;el;en;eo;es;et;eu;fa;fi;fil;fj;fo;fr;fy;ga;gaa;gd;gl;gn;gu;gv;ha;haw;hi;hmn;hr;ht;hu;hy;id;ig;is;it;iu;iw;ja;jv;ka;kha;kk;kl;km;kn;ko;kri;ku;ky;la;lb;lg;ln;lo;lt;lua;luo;lv;mfe;mg;mi;mk;ml;mn;mr;ms;mt;my;ne;new;nl;no;nso;ny;oc;om;or;os;pa;pam;pl;ps;pt;pt-PT;qu;rn;ro;ru;ru-orig;rw;sa;sd;sg;si;sk;sl;sm;sn;so;sq;sr;ss;st;su;sv;sw;ta;te;tg;th;ti;tk;tn;to;tr;ts;tt;tum;ug;uk;ur;uz;ve;vi;war;wo;xh;yi;yo;zh-Hans;zh-Hant;zu,
MQtrDaHBQ4c,,1716,False,True,,aa;ab;af;ak;am;ar;as;ay;az;ba;be;bg;bho;bn;bo;br;bs;ca;ceb;co;crs;cs;cy;da;de;dv;dz;ee;el;en;eo;es;et;eu;fa;fi;fil;fj;fo;fr;fy;ga;gaa;gd;gl;gn;gu;gv;ha;haw;hi;hmn;hr;ht;hu;hy;id;ig;is;it;iu;iw;ja;jv;ka;kha;kk;kl;km;kn;ko;kri;ku;ky;la;lb;lg;ln;lo;lt;lua;luo;lv;mfe;mg;mi;mk;ml;mn;mr;ms;mt;my;ne;new;nl;no;nso;ny;oc;om;or;os;pa;pam;pl;ps;pt;pt-PT;qu;rn;ro;ru;ru-orig;rw;sa;sd;sg;si;sk;sl;sm;sn;so;sq;sr;ss;st;su;sv;sw;ta;te;tg;th;ti;tk;tn;to;tr;ts;tt;tum;ug;uk;ur;uz;ve;vi;war;wo;xh;yi;yo;zh-Hans;zh-Hant;zu,
X1ZWDWAKLIw,,1941,False,True,,aa;ab;af;ak;am;ar;as;ay;az;ba;be;bg;bho;bn;bo;br;bs;ca;ceb;co;crs;cs;cy;da;de;dv;dz;ee;el;en;eo;es;et;eu;fa;fi;fil;fj;fo;fr;fy;ga;gaa;gd;gl;gn;gu;gv;ha;haw;hi;hmn;hr;ht;hu;hy;id;ig;is;it;iu;iw;ja;jv;ka;kha;kk;kl;km;kn;ko;kri;ku;ky;la;lb;lg;ln;lo;lt;lua;luo;lv;mfe;mg;mi;mk;ml;mn;mr;ms;mt;my;ne;new;nl;no;nso;ny;oc;om;or;os;pa;pam;pl;ps;pt;pt-PT;qu;rn;ro;ru;ru-orig;rw;sa;sd;sg;si;sk;sl;sm;sn;so;sq;sr;ss;st;su;sv;sw;ta;te;tg;th;ti;tk;tn;to;tr;ts;tt;tum;ug;uk;ur;uz;ve;vi;war;wo;xh;yi;yo;zh-Hans;zh-Hant;zu,
3hq15luxhKk,,5273,False,True,,aa;ab;af;ak;am;ar;as;ay;az;ba;be;bg;bho;bn;bo;br;bs;ca;ceb;co;crs;cs;cy;da;de;dv;dz;ee;el;en;eo;es;et;eu;fa;fi;fil;fj;fo;fr;fy;ga;gaa;gd;gl;gn;gu;gv;ha;haw;hi;hmn;hr;ht;hu;hy;id;ig;is;it;iu;iw;ja;jv;ka;kha;kk;kl;km;kn;ko;kri;ku;ky;la;lb;lg;ln;lo;lt;lua;luo;lv;mfe;mg;mi;mk;ml;mn;mr;ms;mt;my;ne;new;nl;no;nso;ny;oc;om;or;os;pa;pam;pl;ps;pt;pt-PT;qu;rn;ro;ru;ru-orig;rw;sa;sd;sg;si;sk;sl;sm;sn;so;sq;sr;ss;st;su;sv;sw;ta;te;tg;th;ti;tk;tn;to;tr;ts;tt;tum;ug;uk;ur;uz;ve;vi;war;wo;xh;yi;yo;zh-Hans;zh-Hant;zu,
vIQ_-uAmIGg,,9968,False,True,,aa;ab;af;ak;am;ar;as;ay;az;ba;be;bg;bho;bn;bo;br;bs;ca;ceb;co;crs;cs;cy;da;de;dv;dz;ee;el;en;eo;es;et;eu;fa;fi;fil;fj;fo;fr;fy;ga;gaa;gd;gl;gn;gu;gv;ha;haw;hi;hmn;hr;ht;hu;hy;id;ig;is;it;iu;iw;ja;jv;ka;kha;kk;kl;km;kn;ko;kri;ku;ky;la;lb;lg;ln;lo;lt;lua;luo;lv;mfe;mg;mi;mk;ml;mn;mr;ms;mt;my;ne;new;nl;no;nso;ny;oc;om;or;os;pa;pam;pl;ps;pt;pt-PT;qu;rn;ro;ru;ru-orig;rw;sa;sd;sg;si;sk;sl;sm;sn;so;sq;sr;ss;st;su;sv;sw;ta;te;tg;th;ti;tk;tn;to;tr;ts;tt;tum;ug;uk;ur;uz;ve;vi;war;wo;xh;yi;yo;zh-Hans;zh-Hant;zu,
AF6_VJh5erU,,2034,False,True,,aa;ab;af;ak;am;ar;as;ay;az;ba;be;bg;bho;bn;bo;br;bs;ca;ceb;co;crs;cs;cy;da;de;dv;dz;ee;el;en;eo;es;et;eu;fa;fi;fil;fj;fo;fr;fy;ga;gaa;gd;gl;gn;gu;gv;ha;haw;hi;hmn;hr;ht;hu;hy;id;ig;is;it;iu;iw;ja;jv;ka;kha;kk;kl;km;kn;ko;kri;ku;ky;la;lb;lg;ln;lo;lt;lua;luo;lv;mfe;mg;mi;mk;ml;mn;mr;ms;mt;my;ne;new;nl;no;nso;ny;oc;om;or;os;pa;pam;pl;ps;pt;pt-PT;qu;rn;ro;ru;ru-orig;rw;sa;sd;sg;si;sk;sl;sm;sn;so;sq;sr;ss;st;su;sv;sw;ta;te;tg;th;ti;tk;tn;to;tr;ts;tt;tum;ug;uk;ur;uz;ve;vi;war;wo;xh;yi;yo;zh-Hans;zh-Hant;zu,
xP0rwyZjkek,,2059,False,True,,aa;ab;af;ak;am;ar;as;ay;az;ba;be;bg;bho;bn;bo;br;bs;ca;ceb;co;crs;cs;cy;da;de;dv;dz;ee;el;en;eo;es;et;eu;fa;fi;fil;fj;fo;fr;fy;ga;gaa;gd;gl;gn;gu;gv;ha;haw;hi;hmn;hr;ht;hu;hy;id;ig;is;it;iu;iw;ja;jv;ka;kha;kk;kl;km;kn;ko;kri;ku;ky;la;lb;lg;ln;lo;lt;lua;luo;lv;mfe;mg;mi;mk;ml;mn;mr;ms;mt;my;ne;new;nl;no;nso;ny;oc;om;or;os;pa;pam;pl;ps;pt;pt-PT;qu;rn;ro;ru;ru-orig;rw;sa;sd;sg;si;sk;sl;sm;sn;so;sq;sr;ss;st;su;sv;sw;ta;te;tg;th;ti;tk;tn;to;tr;ts;tt;tum;ug;uk;ur;uz;ve;vi;war;wo;xh;yi;yo;zh-Hans;zh-Hant;zu,
j1jbDMCRK5I,,1375,False,True,,aa;ab;af;ak;am;ar;as;ay;az;ba;be;bg;bho;bn;bo;br;bs;ca;ceb;co;crs;cs;cy;da;de;dv;dz;ee;el;en;eo;es;et;eu;fa;fi;fil;fj;fo;fr;fy;ga;gaa;gd;gl;gn;gu;gv;ha;haw;hi;hmn;hr;ht;hu;hy;id;ig;is;it;iu;iw;ja;jv;ka;kha;kk;kl;km;kn;ko;kri;ku;ky;la;lb;lg;ln;lo;lt;lua;luo;lv;mfe;mg;mi;mk;ml;mn;mr;ms;mt;my;ne;new;nl;no;nso;ny;oc;om;or;os;pa;pam;pl;ps;pt;pt-PT;qu;rn;ro;ru;ru-orig;rw;sa;sd;sg;si;sk;sl;sm;sn;so;sq;sr;ss;st;su;sv;sw;ta;te;tg;th;ti;tk;tn;to;tr;ts;tt;tum;ug;uk;ur;uz;ve;vi;war;wo;xh;yi;yo;zh-Hans;zh-Hant;zu,
BwRm1sFPofQ,,8573,False,True,,aa;ab;af;ak;am;ar;as;ay;az;ba;be;bg;bho;bn;bo;br;bs;ca;ceb;co;crs;cs;cy;da;de;dv;dz;ee;el;en;eo;es;et;eu;fa;fi;fil;fj;fo;fr;fy;ga;gaa;gd;gl;gn;gu;gv;ha;haw;hi;hmn;hr;ht;hu;hy;id;ig;is;it;iu;iw;ja;jv;ka;kha;kk;kl;km;kn;ko;kri;ku;ky;la;lb;lg;ln;lo;lt;lua;luo;lv;mfe;mg;mi;mk;ml;mn;mr;ms;mt;my;ne;new;nl;no;nso;ny;oc;om;or;os;pa;pam;pl;ps;pt;pt-PT;qu;rn;ro;ru;ru-orig;rw;sa;sd;sg;si;sk;sl;sm;sn;so;sq;sr;ss;st;su;sv;sw;ta;te;tg;th;ti;tk;tn;to;tr;ts;tt;tum;ug;uk;ur;uz;ve;vi;war;wo;xh;yi;yo;zh-Hans;zh-Hant;zu,
yaDLFU1Bh5k,,13487,False,True,,aa;ab;af;ak;am;ar;as;ay;az;ba;be;bg;bho;bn;bo;br;bs;ca;ceb;co;crs;cs;cy;da;de;dv;dz;ee;el;en;eo;es;et;eu;fa;fi;fil;fj;fo;fr;fy;ga;gaa;gd;gl;gn;gu;gv;ha;haw;hi;hmn;hr;ht;hu;hy;id;ig;is;it;iu;iw;ja;jv;ka;kha;kk;kl;km;kn;ko;kri;ku;ky;la;lb;lg;ln;lo;lt;lua;luo;lv;mfe;mg;mi;mk;ml;mn;mr;ms;mt;my;ne;new;nl;no;nso;ny;oc;om;or;os;pa;pam;pl;ps;pt;pt-PT;qu;rn;ro;ru;ru-orig;rw;sa;sd;sg;si;sk;sl;sm;sn;so;sq;sr;ss;st;su;sv;sw;ta;te;tg;th;ti;tk;tn;to;tr;ts;tt;tum;ug;uk;ur;uz;ve;vi;war;wo;xh;yi;yo;zh-Hans;zh-Hant;zu,
1Jl4JItHMH0,,9727,False,True,,aa;ab;af;ak;am;ar;as;ay;az;ba;be;bg;bho;bn;bo;br;bs;ca;ceb;co;crs;cs;cy;da;de;dv;dz;ee;el;en;eo;es;et;eu;fa;fi;fil;fj;fo;fr;fy;ga;gaa;gd;gl;gn;gu;gv;ha;haw;hi;hmn;hr;ht;hu;hy;id;ig;is;it;iu;iw;ja;jv;ka;kha;kk;kl;km;kn;ko;kri;ku;ky;la;lb;lg;ln;lo;lt;lua;luo;lv;mfe;mg;mi;mk;ml;mn;mr;ms;mt;my;ne;new;nl;no;nso;ny;oc;om;or;os;pa;pam;pl;ps;pt;pt-PT;qu;rn;ro;ru;ru-orig;rw;sa;sd;sg;si;sk;sl;sm;sn;so;sq;sr;ss;st;su;sv;sw;ta;te;tg;th;ti;tk;tn;to;tr;ts;tt;tum;ug;uk;ur;uz;ve;vi;war;wo;xh;yi;yo;zh-Hans;zh-Hant;zu,
sZWe9RmAiLU,,11158,False,True,,aa;ab;af;ak;am;ar;as;ay;az;ba;be;bg;bho;bn;bo;br;bs;ca;ceb;co;crs;cs;cy;da;de;dv;dz;ee;el;en;eo;es;et;eu;fa;fi;fil;fj;fo;fr;fy;ga;gaa;gd;gl;gn;gu;gv;ha;haw;hi;hmn;hr;ht;hu;hy;id;ig;is;it;iu;iw;ja;jv;ka;kha;kk;kl;km;kn;ko;kri;ku;ky;la;lb;lg;ln;lo;lt;lua;luo;lv;mfe;mg;mi;mk;ml;mn;mr;ms;mt;my;ne;new;nl;no;nso;ny;oc;om;or;os;pa;pam;pl;ps;pt;pt-PT;qu;rn;ro;ru;ru-orig;rw;sa;sd;sg;si;sk;sl;sm;sn;so;sq;sr;ss;st;su;sv;sw;ta;te;tg;th;ti;tk;tn;to;tr;ts;tt;tum;ug;uk;ur;uz;ve;vi;war;wo;xh;yi;yo;zh-Hans;zh-Hant;zu,
