att_id,filename,ext,size_mb,poster,year,subject,bucket,confidence,evidence,verdict_source
137,shabkar_flight-of-the-garuda.pdf,pdf,0.85,Stepan,2025,Разница между सत्त्व и सत्व,D-third,high,"Shabkar / Flight of the Garuda, Tony Duff transl. (Kindle) — in copyright and marked restricted by its own front matter",override
196,PRANYAMA MANTRA.pdf,pdf,2.36,Alexander Myltsev,2025,Аудио с правильным произношением prāṇāyāmamantrāḥ,E,low,"PRANYAMA MANTRA.pdf — no text layer, provenance unclear",override
204,Йогасутра-Ошибка в заголовке.pdf,pdf,0.31,Mihail Rachitskiy,2025,Йогасутра. Ошибка в заголовке (имя Патанджали),D-author,high,"Рачицкий, замечания к публикации Йога-сутр — his own note",override
205,перечень изданий по йоге.pdf,pdf,0.55,Mihail Rachitskiy,2025,Йогасутра. Ошибка в заголовке (имя Патанджали),D-third,medium,перечень изданий по йоге — Tamil library catalogue sheet,override
238,Йога.pdf,pdf,0.75,Владимир Карицкий,2025,Бхаджа Говиндам,D-author,high,"Карицкий, Йога essay — his own",override
239,Говинда-Дамодара-стотрам.pdf,pdf,0.5,Владимир Карицкий,2025,Бхаджа Говиндам,D-author,high,"Карицкий's own teaching materials/translations (Аштадхьяя lessons, Упанишады, БГ, стотры, ВСНС) — author-posted; permission one email away",series-rule
240,Бхаджа Говиндам.pdf,pdf,0.17,Владимир Карицкий,2025,Бхаджа Говиндам,D-author,high,"Карицкий's own teaching materials/translations (Аштадхьяя lessons, Упанишады, БГ, стотры, ВСНС) — author-posted; permission one email away",series-rule
241,Шанкара_БхаджаГовиндам(перевод_МГалкина).pdf,pdf,0.28,Mihail Rachitskiy,2025,Бхаджа Говиндам,D-author,high,"Шанкара Бхаджа Говиндам, перевод М. Галкина — translator-posted-adjacent; permission via Рачицкий/Галкин",override
255,kha-ошибки PWG-к исправлению.pdf,pdf,0.35,Mihail Rachitskiy,2025,Ошибки в Кёльнских словарях,D-author,high,"Рачицкий, ошибки PWG — his own errata note",override
291,Список повторяющихся Имён.doc,doc,0.05,Владимир Карицкий,2024,Вишну-сахасра-нама-стотра с комментарием Шанкары,D-author,high,"Карицкий's own teaching materials/translations (Аштадхьяя lessons, Упанишады, БГ, стотры, ВСНС) — author-posted; permission one email away",series-rule
292,Vishnu_22_12_2024.doc,doc,3.1,Владимир Карицкий,2024,Вишну-сахасра-нама-стотра с комментарием Шанкары,D-author,high,"Карицкий's own teaching materials/translations (Аштадхьяя lessons, Упанишады, БГ, стотры, ВСНС) — author-posted; permission one email away",series-rule
293,Vishnu_26_11_2024.doc,doc,3.06,Владимир Карицкий,2024,Вишну-сахасра-нама-стотра с комментарием Шанкары,D-author,high,"Карицкий's own teaching materials/translations (Аштадхьяя lessons, Упанишады, БГ, стотры, ВСНС) — author-posted; permission one email away",series-rule
294,ВСНС_Шанкара-бхашья_26_11_2024.pdf,pdf,4.78,Владимир Карицкий,2024,Вишну-сахасра-нама-стотра с комментарием Шанкары,D-author,high,"Карицкий's own teaching materials/translations (Аштадхьяя lessons, Упанишады, БГ, стотры, ВСНС) — author-posted; permission one email away",series-rule
295,ВСНС_Шанкара-бхашья_24_11_2024.pdf,pdf,4.73,Владимир Карицкий,2024,Вишну-сахасра-нама-стотра с комментарием Шанкары,D-author,high,"Карицкий's own teaching materials/translations (Аштадхьяя lessons, Упанишады, БГ, стотры, ВСНС) — author-posted; permission one email away",series-rule
296,Введение.pdf,pdf,0.15,Владимир Карицкий,2024,Вишну-сахасра-нама-стотра с комментарием Шанкары,D-author,high,"Карицкий's own teaching materials/translations (Аштадхьяя lessons, Упанишады, БГ, стотры, ВСНС) — author-posted; permission one email away",series-rule
311,buhler.docx,docx,0.58,Constantine,2024,"Верный ли перевод конструкции ""эти..другие..""Х",D-author,medium,buhler.docx — study excerpt/exercise from poster,override
324,Sandhi-Overview-A4.pdf,pdf,0.07,Konstantin Ivanov,2024,Таблица сандхи,D-third,medium,"Sandhi overview A4 (English intro chapter numbering) — from a Western textbook, unidentified edition",override
411,bhuler_sample.docx,docx,0.02,Alexander Myltsev,2023,Деванагари в системе LaTeX и Microsoft Word,D-author,medium,bhuler_sample.docx — poster's own LaTeX/Word sample,override
418,Taitiria_upanishad_Schankara-bkhashyam_08 02 24.pdf,pdf,5.54,Владимир Карицкий,2024,Упанишады,D-author,high,"Карицкий's own teaching materials/translations (Аштадхьяя lessons, Упанишады, БГ, стотры, ВСНС) — author-posted; permission one email away",series-rule
436,"Тихвинский В.И., Густяков Ю.М. Адипарва 1, 208-210.pdf",pdf,0.07,tvitaly1,2023,Грядет добавка из книги первой Махабхараты,D-author,high,Тихвинский/Густяков Адипарва 208-210 — authors' own,override
477,Глава из Шри Кшетры.pdf,pdf,0.2,Владимир Карицкий,2023,upaniṣad,D-third,medium,"Шри Кшетра chapter / Храм Джаганнатхи — devotional book excerpts, in copyright",override
478,Храм Джаганнатхи в Пури.doc,doc,0.07,Владимир Карицкий,2023,upaniṣad,D-third,medium,"Шри Кшетра chapter / Храм Джаганнатхи — devotional book excerpts, in copyright",override
596,GuhyaKali_Sudha_Dhara_Stava_from_Mahakala_Samhita_-_Ram_Murti_Shastri.pdf,pdf,5.16,Даниил Кокурин,2022,Текст 108 имен Богини Сарасвати,D-third,medium,"GuhyaKali Sudha Dhara Stava (Ram Murti scan) — devotional scan, provenance unclear, treat in copyright",override
599,Vishnu_markup_05_02_2022.pdf,pdf,4.39,Владимир Карицкий,2022,Доброта Вишну. Вопрос.,D-author,high,"Карицкий's own teaching materials/translations (Аштадхьяя lessons, Упанишады, БГ, стотры, ВСНС) — author-posted; permission one email away",series-rule
600,Бхаджо Говиндам.pdf,pdf,0.11,Владимир Карицкий,2022,Доброта Вишну. Вопрос.,D-author,high,"Карицкий's own teaching materials/translations (Аштадхьяя lessons, Упанишады, БГ, стотры, ВСНС) — author-posted; permission one email away",series-rule
619,aura i svechenie _ Caraka samhita.docx,docx,0.12,Darius Sruoginis,2022,Какое санскритское слово в Чарака-самхите Р. Свобода переводит словом «аура»,D-third,medium,Caraka-saṃhitā Svoboda-transl. discussion excerpt — quotes an in-copyright translation,override
669,Таитирия пуруша.pdf,pdf,0.79,Владимир Карицкий,2021,Таитирия Пуруша,D-author,high,"Карицкий's own teaching materials/translations (Аштадхьяя lessons, Упанишады, БГ, стотры, ВСНС) — author-posted; permission one email away",series-rule
678,4-22.docx,docx,0.27,basil alibabaevich,2023,Мои ответы к учебнику Голдмана,D-author,medium,ответы к учебнику Голдмана — poster's own exercises (quotes Goldman's textbook),override
706,Некоторые военные вопросы в древнеиндийском эпосе _ В.И. Кальянов _ed.pdf,pdf,4.3,Darius Sruoginis,2022,Виды оружия у древних индийцев,D-third,high,"Кальянов, Некоторые военные вопросы… — Soviet-era article, in copyright (d. 2001)",override
778,On Chandālas.pdf,pdf,0.24,Natālija Burišina,2021,Срочно нужна помощь,D-third,high,"Bose, The Chandāla — Indian History Congress 1939 via JSTOR — in copyright",override
832,DTP work profile.pdf,pdf,5.06,Vikas Murarka,2020,Typesetter in Sanskrit and Hindi,D-author,high,Vikas Murarka's own DTP portfolio — his own document,override
925,Знакомство с Аштадхьяей_3_3.doc,doc,0.13,Владимир Карицкий,2020,Знакомство с Аштадхьяей_3_3,D-author,high,"Карицкий's own teaching materials/translations (Аштадхьяя lessons, Упанишады, БГ, стотры, ВСНС) — author-posted; permission one email away",series-rule
926,Знакомство с Аштадхьяей_3_3.pdf,pdf,0.76,Владимир Карицкий,2020,Знакомство с Аштадхьяей_3_3,D-author,high,"Карицкий's own teaching materials/translations (Аштадхьяя lessons, Упанишады, БГ, стотры, ВСНС) — author-posted; permission one email away",series-rule
927,Знакомство с Аштадхьяей_3_2.doc,doc,0.23,Владимир Карицкий,2019,Знакомство с Аштадхьяей_3_2,D-author,high,"Карицкий's own teaching materials/translations (Аштадхьяя lessons, Упанишады, БГ, стотры, ВСНС) — author-posted; permission one email away",series-rule
928,Знакомство с Аштадхьяей_3_2.pdf,pdf,0.89,Владимир Карицкий,2019,Знакомство с Аштадхьяей_3_2,D-author,high,"Карицкий's own teaching materials/translations (Аштадхьяя lessons, Упанишады, БГ, стотры, ВСНС) — author-posted; permission one email away",series-rule
944,Знакомство с Аштадхьяей_4_5_अष्टाध्याय्यां प्रत्ययः प्रक्रिया च – समग्रदृष्टिः.doc,doc,0.39,Владимир Карицкий,2020,Знакомство с Аштадхьяей_4_5_अष्टाध्याय्यां प्रत्ययः प्रक्रिया च – समग्रदृष्टिः,D-author,high,"Карицкий's own teaching materials/translations (Аштадхьяя lessons, Упанишады, БГ, стотры, ВСНС) — author-posted; permission one email away",series-rule
945,Знакомство с Аштадхьяей_4_5_अष्टाध्याय्यां प्रत्ययः प्रक्रिया च – समग्रदृष्टिः.pdf,pdf,0.82,Владимир Карицкий,2020,Знакомство с Аштадхьяей_4_5_अष्टाध्याय्यां प्रत्ययः प्रक्रिया च – समग्रदृष्टिः,D-author,high,"Карицкий's own teaching materials/translations (Аштадхьяя lessons, Упанишады, БГ, стотры, ВСНС) — author-posted; permission one email away",series-rule
946,Знакомство с Аштадхьяей_4_4_सार्वधातुकलकाराः आर्धधातुकलकाराः च – अधिकचिन्तनम्.doc,doc,0.3,Владимир Карицкий,2020,Знакомство с Аштадхьяей_4_4_सार्वधातुकलकाराः आर्धधातुकलकाराः च – अधिकचिन्तनम्,D-author,high,"Карицкий's own teaching materials/translations (Аштадхьяя lessons, Упанишады, БГ, стотры, ВСНС) — author-posted; permission one email away",series-rule
947,Знакомство с Аштадхьяей_4_4_सार्वधातुकलकाराः आर्धधातुकलकाराः च – अधिकचिन्तनम्.pdf,pdf,0.7,Владимир Карицкий,2020,Знакомство с Аштадхьяей_4_4_सार्वधातुकलकाराः आर्धधातुकलकाराः च – अधिकचिन्तनम्,D-author,high,"Карицкий's own teaching materials/translations (Аштадхьяя lessons, Упанишады, БГ, стотры, ВСНС) — author-posted; permission one email away",series-rule
948,Знакомство с Аштадхьяей_4_3_तिङ्‌-सिद्धेः च लकाराणां च समग्रदृष्टिः.doc,doc,0.25,Владимир Карицкий,2020,Знакомство с Аштадхьяей_4_3_तिङ्‌-सिद्धेः च लकाराणां च समग्रदृष्टिः,D-author,high,"Карицкий's own teaching materials/translations (Аштадхьяя lessons, Упанишады, БГ, стотры, ВСНС) — author-posted; permission one email away",series-rule
949,Знакомство с Аштадхьяей_4_3_तिङ्‌-सिद्धेः च लकाराणां च समग्रदृष्टिः.pdf,pdf,0.83,Владимир Карицкий,2020,Знакомство с Аштадхьяей_4_3_तिङ्‌-सिद्धेः च लकाराणां च समग्रदृष्टिः,D-author,high,"Карицкий's own teaching materials/translations (Аштадхьяя lessons, Упанишады, БГ, стотры, ВСНС) — author-posted; permission one email away",series-rule
950,Знакомство с Аштадхьяей_4_2_अष्टाध्याय्याः समग्रदृष्टिः.doc,doc,0.31,Владимир Карицкий,2020,Знакомство с Аштадхьяей_4_2_अष्टाध्याय्याः समग्रदृष्टिः,D-author,high,"Карицкий's own teaching materials/translations (Аштадхьяя lessons, Упанишады, БГ, стотры, ВСНС) — author-posted; permission one email away",series-rule
951,Знакомство с Аштадхьяей_4_2_अष्टाध्याय्याः समग्रदृष्टिः.pdf,pdf,0.83,Владимир Карицкий,2020,Знакомство с Аштадхьяей_4_2_अष्टाध्याय्याः समग्रदृष्टिः,D-author,high,"Карицкий's own teaching materials/translations (Аштадхьяя lessons, Упанишады, БГ, стотры, ВСНС) — author-posted; permission one email away",series-rule
952,Знакомство с Аштадхьяей_4_1_.doc,doc,0.16,Владимир Карицкий,2020,Знакомство с Аштадхьяей_4_1,D-author,high,"Карицкий's own teaching materials/translations (Аштадхьяя lessons, Упанишады, БГ, стотры, ВСНС) — author-posted; permission one email away",series-rule
953,Знакомство с Аштадхьяей_4_1_.pdf,pdf,0.62,Владимир Карицкий,2020,Знакомство с Аштадхьяей_4_1,D-author,high,"Карицкий's own teaching materials/translations (Аштадхьяя lessons, Упанишады, БГ, стотры, ВСНС) — author-posted; permission one email away",series-rule
954,Знакомство с Аштадхьяей_3 А_3_इड्‌व्यवस्था.pdf,pdf,0.58,Владимир Карицкий,2020,Знакомство с Аштадхьяей_3 А_3_2,D-author,high,"Карицкий's own teaching materials/translations (Аштадхьяя lessons, Упанишады, БГ, стотры, ВСНС) — author-posted; permission one email away",series-rule
955,Знакомство с Аштадхьяей_3 А_3_इड्‌व्यवस्था.doc,doc,0.19,Владимир Карицкий,2020,Знакомство с Аштадхьяей_3 А_3_2,D-author,high,"Карицкий's own teaching materials/translations (Аштадхьяя lessons, Упанишады, БГ, стотры, ВСНС) — author-posted; permission one email away",series-rule
956,Знакомство с Аштадхьяей_3 А_3_स्वरविज्ञानम्‌.pdf,pdf,0.82,Владимир Карицкий,2020,Знакомство с Аштадхьяей_3 А_3,D-author,high,"Карицкий's own teaching materials/translations (Аштадхьяя lessons, Упанишады, БГ, стотры, ВСНС) — author-posted; permission one email away",series-rule
957,Знакомство с Аштадхьяей_3 А_3_स्वरविज्ञानम्‌_पदव्यवस्था_पदव्यवस्था.doc,doc,0.17,Владимир Карицкий,2020,Знакомство с Аштадхьяей_3 А_3,D-author,high,"Карицкий's own teaching materials/translations (Аштадхьяя lessons, Упанишады, БГ, стотры, ВСНС) — author-posted; permission one email away",series-rule
958,Знакомство с Аштадхьяей_3 А_2_2_उपधादीर्घः.doc,doc,0.05,Владимир Карицкий,2020,Знакомство с Аштадхьяей_3 А_2_उपधादीर्घः,D-author,high,"Карицкий's own teaching materials/translations (Аштадхьяя lessons, Упанишады, БГ, стотры, ВСНС) — author-posted; permission one email away",series-rule
959,Знакомство с Аштадхьяей_3 А_2_2_उपधादीर्घः.pdf,pdf,0.51,Владимир Карицкий,2020,Знакомство с Аштадхьяей_3 А_2_उपधादीर्घः,D-author,high,"Карицкий's own teaching materials/translations (Аштадхьяя lessons, Упанишады, БГ, стотры, ВСНС) — author-posted; permission one email away",series-rule
960,Знакомство с Аштадхьяей_3 А_2_2_नुमागमः.doc,doc,0.16,Владимир Карицкий,2020,Знакомство с Аштадхьяей_3 А_2_नुमागमः,D-author,high,"Карицкий's own teaching materials/translations (Аштадхьяя lessons, Упанишады, БГ, стотры, ВСНС) — author-posted; permission one email away",series-rule
961,Знакомство с Аштадхьяей_3 А_2_2_नुमागमः.pdf,pdf,0.99,Владимир Карицкий,2020,Знакомство с Аштадхьяей_3 А_2_नुमागमः,D-author,high,"Карицкий's own teaching materials/translations (Аштадхьяя lessons, Упанишады, БГ, стотры, ВСНС) — author-posted; permission one email away",series-rule
962,Знакомство с Аштадхьяей_3 А_2_2_नत्वम्‌.doc,doc,0.08,Владимир Карицкий,2020,Знакомство с Аштадхьяей_3 А_2_1,D-author,high,"Карицкий's own teaching materials/translations (Аштадхьяя lessons, Упанишады, БГ, стотры, ВСНС) — author-posted; permission one email away",series-rule
963,Знакомство с Аштадхьяей_3 А_2_2_नत्वम्‌.pdf,pdf,0.5,Владимир Карицкий,2020,Знакомство с Аштадхьяей_3 А_2_1,D-author,high,"Карицкий's own teaching materials/translations (Аштадхьяя lessons, Упанишады, БГ, стотры, ВСНС) — author-posted; permission one email away",series-rule
964,Знакомство с Аштадхьяей_3 А_2_1_सत्वम्‌.doc,doc,0.1,Владимир Карицкий,2020,Знакомство с Аштадхьяей_3 А_2_1,D-author,high,"Карицкий's own teaching materials/translations (Аштадхьяя lessons, Упанишады, БГ, стотры, ВСНС) — author-posted; permission one email away",series-rule
965,Знакомство с Аштадхьяей_3 А_2_1_सत्वम्‌.pdf,pdf,0.73,Владимир Карицкий,2020,Знакомство с Аштадхьяей_3 А_2_1,D-author,high,"Карицкий's own teaching materials/translations (Аштадхьяя lessons, Упанишады, БГ, стотры, ВСНС) — author-posted; permission one email away",series-rule
966,Знакомство с Аштадхьяей_3 А_1.doc,doc,0.17,Владимир Карицкий,2020,Знакомство с Аштадхьяей_3 А_1,D-author,high,"Карицкий's own teaching materials/translations (Аштадхьяя lessons, Упанишады, БГ, стотры, ВСНС) — author-posted; permission one email away",series-rule
967,Знакомство с Аштадхьяей_3 А_1.pdf,pdf,0.82,Владимир Карицкий,2020,Знакомство с Аштадхьяей_3 А_1,D-author,high,"Карицкий's own teaching materials/translations (Аштадхьяя lessons, Упанишады, БГ, стотры, ВСНС) — author-posted; permission one email away",series-rule
968,Знакомство с Аштадхьяей_3_4.doc,doc,0.14,Владимир Карицкий,2020,Знакомство с Аштадхьяей_3_4,D-author,high,"Карицкий's own teaching materials/translations (Аштадхьяя lessons, Упанишады, БГ, стотры, ВСНС) — author-posted; permission one email away",series-rule
969,Знакомство с Аштадхьяей_3_4.pdf,pdf,0.86,Владимир Карицкий,2020,Знакомство с Аштадхьяей_3_4,D-author,high,"Карицкий's own teaching materials/translations (Аштадхьяя lessons, Упанишады, БГ, стотры, ВСНС) — author-posted; permission one email away",series-rule
976,ashta-mantra.pdf,pdf,0.12,Anna Kaval,2020,перевод тантрических терминов भूतसम्भवम् श्रीपादुकां देवाम्बा,D-third,medium,"bija-mantra chart — compiled sheet, compiler unknown",override
978,ashta-mantra.pdf,pdf,0.17,Anna Kaval,2020,перевод тантрических терминов भूतसम्भवम् श्रीपादुकां देवाम्बा,D-third,medium,bija-mantra chart (variant),override
985,Презентация писателя Яна Козака.docx,docx,0.02,Roman Čada,2019,Корни индоевропейской духовной традиции - книга,D-author,high,"Ян Козак book presentation/demo — author's own promo materials, posted by his circle",override
986,Корни - Демонстрация.docx,docx,0.21,Roman Čada,2019,Корни индоевропейской духовной традиции - книга,D-author,high,"Ян Козак book presentation/demo — author's own promo materials, posted by his circle",override
990,[Kale M R] A Higher Sanskrit Grammar-1961-Tense and moods.pdf,pdf,0.07,Narayan Prasad,2019,знакомство с Аштадхьяей,D-third,high,"Kale, A Higher Sanskrit Grammar 1961 printing pages — reprint-era; treat as in copyright",override
991,Знакомство с Аштадхьяей_2_2.pdf,pdf,0.75,Владимир Карицкий,2019,знакомство с Аштадхьяей_2_2,D-author,high,"Карицкий's own teaching materials/translations (Аштадхьяя lessons, Упанишады, БГ, стотры, ВСНС) — author-posted; permission one email away",series-rule
992,Знакомство с Аштадхьяей_2_2_.doc,doc,0.17,Владимир Карицкий,2019,знакомство с Аштадхьяей_2_2,D-author,high,"Карицкий's own teaching materials/translations (Аштадхьяя lessons, Упанишады, БГ, стотры, ВСНС) — author-posted; permission one email away",series-rule
993,Знакомство с Аштадхьяей_2_1.pdf,pdf,0.55,Владимир Карицкий,2019,: знакомство с Аштадхьяей_2_1,D-author,high,"Карицкий's own teaching materials/translations (Аштадхьяя lessons, Упанишады, БГ, стотры, ВСНС) — author-posted; permission one email away",series-rule
994,Знакомство с Аштадхьяей_2_1.pdf,pdf,0.55,Владимир Карицкий,2019,знакомство с Аштадхьяей_2_1,D-author,high,"Карицкий's own teaching materials/translations (Аштадхьяя lessons, Упанишады, БГ, стотры, ВСНС) — author-posted; permission one email away",series-rule
995,Знакомство с Аштадхьяей_1_1.pdf,pdf,0.56,Владимир Карицкий,2019,: знакомство с Аштадхьяей_1_3,D-author,high,"Карицкий's own teaching materials/translations (Аштадхьяя lessons, Упанишады, БГ, стотры, ВСНС) — author-posted; permission one email away",series-rule
996,Знакомство с Аштадхьяей_1_2.pdf,pdf,0.48,Владимир Карицкий,2019,: знакомство с Аштадхьяей_1_3,D-author,high,"Карицкий's own teaching materials/translations (Аштадхьяя lessons, Упанишады, БГ, стотры, ВСНС) — author-posted; permission one email away",series-rule
997,Знакомство с Аштадхьяей_1_3.pdf,pdf,0.53,Владимир Карицкий,2019,: знакомство с Аштадхьяей_1_3,D-author,high,"Карицкий's own teaching materials/translations (Аштадхьяя lessons, Упанишады, БГ, стотры, ВСНС) — author-posted; permission one email away",series-rule
998,Знакомство с Аштадхьяей_1_3.pdf,pdf,0.6,Владимир Карицкий,2019,знакомство с Аштадхьяей_1_3,D-author,high,"Карицкий's own teaching materials/translations (Аштадхьяя lessons, Упанишады, БГ, стотры, ВСНС) — author-posted; permission one email away",series-rule
1007,Список Гасунса.docx,docx,0.15,Агафья Винокурова,2019,Лексические параллели списка Гасмунса и Пекарского,D-author,medium,"Винокурова, лексические параллели — poster's own notes",override
1008,Щримад-Бхагавад-гита_4.pdf,pdf,2.04,Владимир Карицкий,2020,"Чтение ""Щримад-Бхагавад-гиты"" с комментариями ачарьев_глава 4_текст 42_Мадхусудана",D-author,high,"Карицкий's own teaching materials/translations (Аштадхьяя lessons, Упанишады, БГ, стотры, ВСНС) — author-posted; permission one email away",series-rule
1025,Словарная работа.docx,docx,0.02,Агафья Винокурова,2019,Лексические параллели Кочергиной и Пекарского,D-author,medium,"Винокурова, лексические параллели — poster's own notes",override
1028,Знакомство с Аштадхьяей_3_1.doc,doc,0.21,Владимир Карицкий,2019,Знакомство с Аштадхьяей_3_1,D-author,high,"Карицкий's own teaching materials/translations (Аштадхьяя lessons, Упанишады, БГ, стотры, ВСНС) — author-posted; permission one email away",series-rule
1029,Знакомство с Аштадхьяей_3_1.pdf,pdf,0.86,Владимир Карицкий,2019,Знакомство с Аштадхьяей_3_1,D-author,high,"Карицкий's own teaching materials/translations (Аштадхьяя lessons, Упанишады, БГ, стотры, ВСНС) — author-posted; permission one email away",series-rule
1030,Знакомство с Аштадхьяей_2_4.doc,doc,0.2,Владимир Карицкий,2019,Знакомство с Аштадхьяей_2_4,D-author,high,"Карицкий's own teaching materials/translations (Аштадхьяя lessons, Упанишады, БГ, стотры, ВСНС) — author-posted; permission one email away",series-rule
1031,Знакомство с Аштадхьяей_2_4.pdf,pdf,0.86,Владимир Карицкий,2019,Знакомство с Аштадхьяей_2_4,D-author,high,"Карицкий's own teaching materials/translations (Аштадхьяя lessons, Упанишады, БГ, стотры, ВСНС) — author-posted; permission one email away",series-rule
1032,Знакомство с Аштадхьяей_1_1.doc,doc,0.08,Владимир Карицкий,2019,: Знакомство с Аштадхьяей_2_3,D-author,high,"Карицкий's own teaching materials/translations (Аштадхьяя lessons, Упанишады, БГ, стотры, ВСНС) — author-posted; permission one email away",series-rule
1033,Знакомство с Аштадхьяей_1_2.doc,doc,0.07,Владимир Карицкий,2019,: Знакомство с Аштадхьяей_2_3,D-author,high,"Карицкий's own teaching materials/translations (Аштадхьяя lessons, Упанишады, БГ, стотры, ВСНС) — author-posted; permission one email away",series-rule
1034,Знакомство с Аштадхьяей_1_3.doc,doc,0.11,Владимир Карицкий,2019,: Знакомство с Аштадхьяей_2_3,D-author,high,"Карицкий's own teaching materials/translations (Аштадхьяя lessons, Упанишады, БГ, стотры, ВСНС) — author-posted; permission one email away",series-rule
1035,Знакомство с Аштадхьяей_1_4.doc,doc,0.15,Владимир Карицкий,2019,: Знакомство с Аштадхьяей_2_3,D-author,high,"Карицкий's own teaching materials/translations (Аштадхьяя lessons, Упанишады, БГ, стотры, ВСНС) — author-posted; permission one email away",series-rule
1036,Знакомство с Аштадхьяей_2_1.doc,doc,0.08,Владимир Карицкий,2019,: Знакомство с Аштадхьяей_2_3,D-author,high,"Карицкий's own teaching materials/translations (Аштадхьяя lessons, Упанишады, БГ, стотры, ВСНС) — author-posted; permission one email away",series-rule
1037,Знакомство с Аштадхьяей_2_2.doc,doc,0.18,Владимир Карицкий,2019,: Знакомство с Аштадхьяей_2_3,D-author,high,"Карицкий's own teaching materials/translations (Аштадхьяя lessons, Упанишады, БГ, стотры, ВСНС) — author-posted; permission one email away",series-rule
1038,Знакомство с Аштадхьяей_2_3.doc,doc,0.09,Владимир Карицкий,2019,: Знакомство с Аштадхьяей_2_3,D-author,high,"Карицкий's own teaching materials/translations (Аштадхьяя lessons, Упанишады, БГ, стотры, ВСНС) — author-posted; permission one email away",series-rule
1039,Знакомство с Аштадхьяей_2_3.doc,doc,0.09,Владимир Карицкий,2019,Знакомство с Аштадхьяей_2_3,D-author,high,"Карицкий's own teaching materials/translations (Аштадхьяя lessons, Упанишады, БГ, стотры, ВСНС) — author-posted; permission one email away",series-rule
1040,Знакомство с Аштадхьяей_2_3.pdf,pdf,0.55,Владимир Карицкий,2019,Знакомство с Аштадхьяей_2_3,D-author,high,"Карицкий's own teaching materials/translations (Аштадхьяя lessons, Упанишады, БГ, стотры, ВСНС) — author-posted; permission one email away",series-rule
1051,"Ударение в словах с su-, duh-.docx",docx,0.36,Anatoliy Artemenko,2019,"Ударение в словах с su-, duh-",D-author,medium,"Артеменко, ударение в su-/duh- — poster's own note",override
1067,Mahabharata-Adiparvan-ch-17.pdf,pdf,0.7,tvitaly1,2019,Как добыли Амриту,D-author,high,Тихвинский/Густяков Mahābhārata Adiparvan transl. chapter — authors' own,override
1070,ХвП pdf 1- 11.pdf,pdf,3.35,Даяна Батырова,2019,Начало русского перевода Харивамша-пураны,D-author,medium,"Батырова, ХвП перевод начало — poster's own draft",override
1071,Grammar of archetypal space.doc,doc,0.12,Владимир Карицкий,2019,янтра,D-author,medium,"Карицкий, Grammar of archetypal space — his own",override
1098,509_swamiji-devi-bhajans_vande-vande-vanim_english.pdf,pdf,0.07,Рамананда,2019,Ом. Намастэ. Помогите с переводом вот этим Бхаджанов!,C-cand,medium,"dattapeetham.com bhajan sheets — freely circulated devotional handouts from the publisher's own site; licence unstated, confirm",override
1099,509_swamiji-devi-bhajans_vande-vande-vanim_hindi.pdf,pdf,0.07,Рамананда,2019,Ом. Намастэ. Помогите с переводом вот этим Бхаджанов!,C-cand,medium,"dattapeetham.com bhajan sheets — freely circulated devotional handouts from the publisher's own site; licence unstated, confirm",override
1100,518_swamiji-devi-bhajans_amba-vandanam-jagadamba-vandanam_english.pdf,pdf,0.07,Рамананда,2019,Ом. Намастэ. Помогите с переводом вот этим Бхаджанов!,C-cand,medium,"dattapeetham.com bhajan sheets — freely circulated devotional handouts from the publisher's own site; licence unstated, confirm",override
1101,518_swamiji-devi-bhajans_amba-vandanam-jagadamba-vandanam_hindi.pdf,pdf,0.07,Рамананда,2019,Ом. Намастэ. Помогите с переводом вот этим Бхаджанов!,C-cand,medium,"dattapeetham.com bhajan sheets — freely circulated devotional handouts from the publisher's own site; licence unstated, confirm",override
1102,1482_swamiji-other-bhajans_om-aim-hrim-srim-sivarama-anagha-dattaya-namah_english.pdf,pdf,0.07,Рамананда,2019,Ом. Намастэ. Помогите с переводом вот этим Бхаджанов!,C-cand,medium,"dattapeetham.com bhajan sheets — freely circulated devotional handouts from the publisher's own site; licence unstated, confirm",override
1103,1482_swamiji-other-bhajans_om-aim-hrim-srim-sivarama-anagha-dattaya-namah_hindi.pdf,pdf,0.07,Рамананда,2019,Ом. Намастэ. Помогите с переводом вот этим Бхаджанов!,C-cand,medium,"dattapeetham.com bhajan sheets — freely circulated devotional handouts from the publisher's own site; licence unstated, confirm",override
1104,2184_swamiji-mangalam-bhajans_om-mangalam-onkara-mangalam_english.pdf,pdf,0.07,Рамананда,2019,Ом. Намастэ. Помогите с переводом вот этим Бхаджанов!,C-cand,medium,"dattapeetham.com bhajan sheets — freely circulated devotional handouts from the publisher's own site; licence unstated, confirm",override
1105,2184_swamiji-mangalam-bhajans_om-mangalam-onkara-mangalam_hindi.pdf,pdf,0.07,Рамананда,2019,Ом. Намастэ. Помогите с переводом вот этим Бхаджанов!,C-cand,medium,"dattapeetham.com bhajan sheets — freely circulated devotional handouts from the publisher's own site; licence unstated, confirm",override
1121,zaliznyak_a_a_lingvisticheskie_zadachi.pdf,pdf,0.23,Marcis,2017,лингвистические задачи,D-third,high,"Зализняк, Лингвистические задачи (МЦНМО, ISBN) — in copyright (d. 2017)",override
1149,Мандукья 7.pdf,pdf,0.09,tvitaly1,2018,Частица на?,D-author,high,Тихвинский/Густяков own translation-project files,series-rule
1155,MSS-Details-Trivandrum-806-and-817.djvu,djvu,0.1,Narayan Prasad,2017,акад. А.А. Зализняк (1935-2017),D-third,medium,Trivandrum MSS catalogue pages (djvu) — catalogue scan,override
1157,likhushina-17.12.15_dream.pdf,pdf,0.13,Marcis,2018,"atha ""чтобы""",D-third,high,"Likhushina reader page (dream, Панчатантра) — living author",override
1163,srivaishnava_prayer_book_2014 (pdf.io).pdf,pdf,0.1,Trivikram das,2018,॥धाटीपञ्चकम्॥,C-cand,medium,Srivaishnava Prayer Book (srimatham.com 2014) — freely circulated; licence unstated,override
1170,Адипарва.pdf,pdf,0.19,tvitaly1,2018,Из Адипарвы,D-author,high,Тихвинский/Густяков СОВЕРШЕНСТВО(САНСКРИТ) изд. 3 excerpt — authors' own,override
1207,НР. Пример синтаксического разбора _гита 2-33_.pdf,pdf,0.06,Radim Navyan,2018,Катха-упанишада 1.1:3 (практикум),D-author,high,"Navyan's own translations/analyses (Гита разборы, ТА сказы, ГАС)",override
1208,Важнейшие корни по Зализняку.pdf,pdf,0.08,Marcis,2017,Важнейшие корни по Зализняку,A,high,"MG's own working materials: tables, plans, errata, ligature lists, specimens, notes, own papers",override
1210,lies_sl.pdf,pdf,2.69,Marcis,2017,Транслитерация гласных для кириллицы,C-cand,high,"Scharf & Hyman, Linguistic Issues in Encoding Sanskrit (2011) — distributed free by The Sanskrit Library; confirm licence terms before serving",override
1216,Sarasvatikanthabharana - the magnum opus of Sanskrit grammar-Sambodhi-2002.djvu,djvu,0.56,Narayan Prasad,2017,Two scanned articles on Sanskrit Grammar,D-third,medium,"scanned grammar articles/lists (Sarasvatikanthabharana; kit-ngit-prakarana) — journal scans, in copyright",override
1217,Treatment of kit-ngit-prakarana (P.1.2.1-26) in the post-Panianian systems of Sanskrit Grammar-JOIB-Mar-Jun-2009.djvu,djvu,0.48,Narayan Prasad,2017,Two scanned articles on Sanskrit Grammar,D-third,medium,"scanned grammar articles/lists (Sarasvatikanthabharana; kit-ngit-prakarana) — journal scans, in copyright",override
1219,SB_1-3.pdf,pdf,0.43,Каника/Наташа Храмова,2017,"Шримад Бхагаватам, однотомное издание!",E,low,no rule matched — unidentified,default
1220,Kudrav-NacalnSlovar1917.pdf,pdf,2.36,Marcis,2017,Начальный курсъ САНСКРИТСКАГО ЯЗЫКА(ищу утраченный электронный вариант),B,high,"Кудрявский, Начальный курс санскритского языка, 1917; Kudrjavskij d. 1920 — PD (70 pma, RU/EU)",override
1221,Sanskrit04-HeartSutra-deva-trans.pdf,pdf,0.04,ShamanThaiRus13,2017,"प्रज्ञपारमिता हॄदयसूत्र, Сутра Сердца на санскрите! помогите разобраться!",E,low,no rule matched — unidentified,default
1226,Reconstruction-of-dhatupatha-JIOB-vol-55-Sep-2005-Jun-2006.djvu,djvu,0.22,Narayan Prasad,2017,कृत्-प्रत्यय,D-third,medium,"Reconstruction of Dhatupatha, JAOB 2005 scan — in copyright (article by the poster? journal scan — treat third-party)",override
1227,Narayan Prasad-ska-sambodhi-Unicode.docx,docx,0.08,Narayan Prasad,2017,कृत्-प्रत्यय,D-author,high,"Narayan Prasad's own articles (asiddhavad, saṃkhyātānudeśa, ska-sambodhi) — author-posted",override
1231,List of kRt suffixes.djvu,djvu,0.04,Narayan Prasad,2017,कृत्-प्रत्यय,D-third,medium,"scanned grammar articles/lists (Sarasvatikanthabharana; kit-ngit-prakarana) — journal scans, in copyright",override
1232,MW roots from MWlex.pdf,pdf,0.23,Marcis,2017,10476 корней из MW,A,high,"MG's own working materials: tables, plans, errata, ligature lists, specimens, notes, own papers",override
1241,Doc1.pdf,pdf,0.21,Kosta Bentchev,2017,В. А. Кочергина - Учебник 1994 г. - упражнения,E,low,no rule matched — unidentified,default
1242,asidhvad-joib-2002.pdf,pdf,0.93,Narayan Prasad,2017,Two more articles on Sanskrit Grammar,D-author,high,"Narayan Prasad's own articles (asiddhavad, saṃkhyātānudeśa, ska-sambodhi) — author-posted",override
1243,samkhyatanudesh-joib-2008.pdf,pdf,0.54,Narayan Prasad,2017,Two more articles on Sanskrit Grammar,D-author,high,"Narayan Prasad's own articles (asiddhavad, saṃkhyātānudeśa, ska-sambodhi) — author-posted",override
1249,Щри-Бхагавад-гита_1.pdf,pdf,2.06,Владимир Карицкий,2019,"Чтение ""Щримад-Бхагавад-гиты"" с комментариями ачарьев_главы первая и вторая",D-author,high,"Карицкий's own teaching materials/translations (Аштадхьяя lessons, Упанишады, БГ, стотры, ВСНС) — author-posted; permission one email away",series-rule
1250,Щри-Бхагавад-гита_2.pdf,pdf,2.78,Владимир Карицкий,2019,"Чтение ""Щримад-Бхагавад-гиты"" с комментариями ачарьев_главы первая и вторая",D-author,high,"Карицкий's own teaching materials/translations (Аштадхьяя lessons, Упанишады, БГ, стотры, ВСНС) — author-posted; permission one email away",series-rule
1251,Bhagvadgita-2-47.pdf,pdf,3.04,Narayan Prasad,2018,"Чтение ""Щримад-Бхагавад-гиты"" с комментариями ачарьев_глава 2_стих 47",E,low,no rule matched — unidentified,default
1254,Бхагавад-гита.pdf,pdf,2.06,Владимир Карицкий,2017,"Чтение ""Бхагавад-гиты"" с комментариями ачарьев_глава 1",D-author,high,"Карицкий's own teaching materials/translations (Аштадхьяя lessons, Упанишады, БГ, стотры, ВСНС) — author-posted; permission one email away",series-rule
1275,Pages from buhler-17.04.16.pdf,pdf,3.46,Marcis,2016,"Руководство Бюлера, 2016",B,high,Bühler Leitfaden pages (2016 re-set of 1923 ed. incl. portrait); Bühler d. 1898 — underlying text PD; the 2016 typesetting layer is MG's (A-component),override
1278,включение макросов.doc,doc,0.16,Тихвинский Виталий Игоревич,2016,Генератор модуля расширения клавиатуры для программы Word.,D-author,high,"Тихвинский project docs (словари Excel, макросы) — his own",override
1285,Катха 1.0 Щанкара.docx,docx,0.11,Brahman,2017,Толковый словарь_उपनिषत्,D-author,high,Катха-упанишат Щанкара учебный перевод — poster's circle's own translation,override
1287,Катха 1.0 Щанкара.pdf,pdf,0.13,Radim Navyan,2017,Толковый словарь_उपनिषत्,D-author,high,Катха-упанишат Щанкара учебный перевод — poster's circle's own translation,override
1288,1164329.pdf,pdf,0.34,Мария Устинова,2016,Как Вишну обретает сударшана чакру.,D-third,low,Шива-махапурана excerpt scan 1164329.pdf — unclear edition,override
1289,shiva108namavalli_v.2.pdf,pdf,0.16,Radim Navyan,2016,Нужен переводчик!,D-author,high,"Navyan, 108 имен Шивы — his own translation drafts",override
1290,shiva108namavalli_v1.2.pdf,pdf,0.16,Radim Navyan,2016,Нужен переводчик!,D-author,high,"Navyan, 108 имен Шивы — his own translation drafts",override
1291,shiva108namavalli_v1.1.pdf,pdf,0.16,Radim Navyan,2016,Нужен переводчик!,D-author,high,"Navyan, 108 имен Шивы — his own translation drafts",override
1292,shiva108namavalli.pdf,pdf,0.16,Radim Navyan,2016,Нужен переводчик!,D-author,high,"Navyan, 108 имен Шивы — his own translation drafts",override
1294,108 имен1.docx,docx,0.02,Guzel,2016,Нужен переводчик!,D-author,medium,108 имен working file — circle's own,override
1296,purushasukta vajasaneyi 31.1-16 .pdf,pdf,0.29,Serge A,2016,Паломничество в Индию.Живой Санскрит,E,low,no rule matched — unidentified,default
1298,Пуруша сукта из Атхарва Веды.doc,doc,0.19,Владимир Карицкий,2016,: Паломничество в Индию.Живой Санскрит,D-author,high,"Карицкий's own teaching materials/translations (Аштадхьяя lessons, Упанишады, БГ, стотры, ВСНС) — author-posted; permission one email away",series-rule
1299,Пуруша сукта из Сама Веды.doc,doc,0.18,Владимир Карицкий,2016,: Паломничество в Индию.Живой Санскрит,D-author,high,"Карицкий's own teaching materials/translations (Аштадхьяя lessons, Упанишады, БГ, стотры, ВСНС) — author-posted; permission one email away",series-rule
1300,Пуруша сукта из Риг Веды.doc,doc,0.18,Владимир Карицкий,2016,: Паломничество в Индию.Живой Санскрит,D-author,high,"Карицкий's own teaching materials/translations (Аштадхьяя lessons, Упанишады, БГ, стотры, ВСНС) — author-posted; permission one email away",series-rule
1302,Бхагавад-гита_вступление.pdf,pdf,0.26,Владимир Карицкий,2017,"Чтение ""Бхагавад-гиты"" с комментариями ачарьев",D-author,high,"Карицкий's own teaching materials/translations (Аштадхьяя lessons, Упанишады, БГ, стотры, ВСНС) — author-posted; permission one email away",series-rule
1304,Аббревиатуры Коссовича.pdf,pdf,0.02,Marcis,2016,Аббревиатуры Коссовича,A,high,"MG's own working materials: tables, plans, errata, ligature lists, specimens, notes, own papers",override
1306,WSC 2018 - first circular.pdf,pdf,1.64,Marina Savelieva,2016,The 17th World Sanskrit Conference,C-cand,medium,WSC 2018 first circular — conference announcement meant for distribution,override
1308,0411080.pdf,pdf,0.27,Yury Panikov,2016,Периодическая таблица Менделеева и Шива Сутра Панини,D-third,medium,"Kak, Mendeleev and the Periodic Table… — author-circulated paper; author permission plausible but third-party here",override
1310,Слово санскрит Гасунс 2016.pdf,pdf,0.09,Marcis,2016,Слово «санскрит» (заметка в журнал),A,high,"MG's own working materials: tables, plans, errata, ligature lists, specimens, notes, own papers",override
1315,Pages from kossovich-tiff-133.pdf,pdf,0.31,Marcis,2016,"Сегодня обнаружил отсутсвие страниц в скане Санскрито-русскiй словарь, составленный К.А. Коссовичемъ",B,high,Pages from Коссович Sanskrit-Russian dict. scan (1854); d. 1883 — PD,override
1316,Pages from kossovich-tiff 131.pdf,pdf,0.33,Marcis,2016,"Сегодня обнаружил отсутсвие страниц в скане Санскрито-русскiй словарь, составленный К.А. Коссовичемъ",B,high,Pages from Коссович Sanskrit-Russian dict. scan (1854); d. 1883 — PD,override
1317,mahalakshmi ashtaka.pdf,pdf,0.08,Serge A,2016,"Опечатки в книги Натальи Лихушиной ""Новая книга для чтения на санскрите""",E,low,no rule matched — unidentified,default
1321,274 from Eliz-VedGram1982.pdf,pdf,0.12,Marcis,2017,: Курс санскритской стилистики В.Ш. Апте,D-third,high,"Елизаренкова, Ведийская грамматика 1982 page — in copyright (d. 2007)",override
1322,Apte_urok_20.docx,docx,0.03,Marcis,2015,Курс санскритской стилистики В.Ш. Апте,D-third,medium,Apte stylistics course excerpt (учебный) — compiled from in-copyright course,override
1323,श्रीश्रीमद्भगवद्गीता.doc,doc,4.35,Владимир Карицкий,2015,: Полезные ссылки_Гита 8 и 11 комментариев,D-author,high,"Карицкий's own teaching materials/translations (Аштадхьяя lessons, Упанишады, БГ, стотры, ВСНС) — author-posted; permission one email away",series-rule
1324,11767327-The-Gita-as-it-was-by-Phulgenda-Sinha-Rediscovering-the-Original-Bhagavadgita.pdf,pdf,2.06,Marcis,2015,Ищу книгу. Может у кого есть,D-third,high,"Sinha, The Gita As It Was (Open Court 1987) — in copyright",override
1325,РВ 10-129-4 + Саяна.doc,doc,0.06,Владимир Карицкий,2017,: Насадия-сукта (Ригведа 10:129),D-author,high,"Карицкий's own teaching materials/translations (Аштадхьяя lessons, Упанишады, БГ, стотры, ВСНС) — author-posted; permission one email away",series-rule
1326,РВ 10-129-4 + Саяна.doc,doc,0.06,Radim Navyan,2016,Насадия-сукта (Ригведа 10:129),D-author,high,Navyan's own translation drafts,series-rule
1327,РВ 10-129-4 + Саяна.pdf,pdf,0.14,Radim Navyan,2016,Насадия-сукта (Ригведа 10:129),D-author,high,Navyan's own translation drafts,series-rule
1328,RV_10_129_skt.pdf,pdf,0.19,Dmitri,2015,Насадия-сукта (Ригведа 10:129),D-author,medium,"Semenov, Nāsadīya Hymn from Adhyātma Perspective — author-posted own paper",override
1336,Pages from buhler-17.04.16.pdf,pdf,3.45,Marcis,2016,Список опечаток в Бюлере 1923,B,high,Bühler Leitfaden pages (2016 re-set of 1923 ed. incl. portrait); Bühler d. 1898 — underlying text PD; the 2016 typesetting layer is MG's (A-component),override
1337,замечания.pdf,pdf,0.04,Мария Устинова,2016,Список опечаток в Бюлере 1923,E,low,no rule matched — unidentified,default
1338,Buhler_Errata_01_04_16.doc,doc,0.35,Marcis,2016,Список опечаток в Бюлере 1923,A,high,MG's own Bühler errata lists,override
1339,Buhler_Errata_06_02_16.pdf,pdf,0.15,Marcis,2016,Список опечаток в Бюлере 1923,A,high,MG's own Bühler errata lists,override
1373,Опечати в Бюлере.pdf,pdf,0.16,Marcis,2015,Список опечаток в Бюлере 1923,A,high,MG's own Bühler errata lists,override
1376,Опечатки_Бюлер1923.pdf,pdf,0.1,Marcis,2015,Список опечаток в Бюлере 1923,A,high,MG's own Bühler errata lists,override
1377,Опечатки_Бюлер5.pdf,pdf,0.1,Marcis,2015,Список опечаток в Бюлере 1923,A,high,MG's own Bühler errata lists,override
1378,Опечатки_Бюлер4.pdf,pdf,0.09,Marcis,2015,Список опечаток в Бюлере 1923,A,high,MG's own Bühler errata lists,override
1379,Опечатки_Бюлер3.pdf,pdf,0.08,Marcis,2015,Список опечаток в Бюлере 1923,A,high,MG's own Bühler errata lists,override
1380,Опечатки_Бюлер.pdf,pdf,0.08,Marcis,2015,Список опечаток в Бюлере 1923,A,high,MG's own Bühler errata lists,override
1381,Опечатки_Бюлер.pdf,pdf,0.08,Marcis,2015,Список опечаток в Бюлере 1923,A,high,MG's own Bühler errata lists,override
1382,Опечатки_Бюлер.pdf,pdf,0.06,Marcis,2015,Список опечаток в Бюлере 1923,A,high,MG's own Bühler errata lists,override
1392,Нараяна упанишада.pdf,pdf,0.17,Владимир Карицкий,2015,Упанишады_13_Нараяна-упанишада,D-author,high,"Карицкий's own teaching materials/translations (Аштадхьяя lessons, Упанишады, БГ, стотры, ВСНС) — author-posted; permission one email away",series-rule
1395,Грамматический указатель.pdf,pdf,0.04,Marcis,2015,Грамматический указатель к учебнику Бюлера,A,high,MG's own грамматический указатель к Бюлеру,override
1397,Systematisches-Inhaltsverzeichniss.pdf,pdf,0.23,Marcis,2015,Грамматический указатель к учебнику Бюлера,B,high,Bühler Leitfaden Inhaltsverzeichnis (WBG Darmstadt reprint of 1927); text PD (d. 1898); reprint layout post-1930 — serve from the 1927 original only,override
1398,Table of Contents.pdf,pdf,0.14,Marcis,2015,Грамматический указатель к учебнику Бюлера,B,medium,"Perry, A Sanskrit Primer 1913 ToC; Perry d. 1938 — 70 pma lapses 2009 — PD",override
1399,Антону тату помыслы.pdf,pdf,0.04,Marcis,2015,... и помыслы мои чисты,A,high,MG's tattoo-transliteration note,override
1409,"Транслитерция Коссовича, решение.doc",doc,0.17,Brahman,2015,Транслитерация Коссовича,D-author,medium,Brahman: транслитерация Коссовича решение — poster's own note,override
1411,"Транслитерция Коссовича, решение.pdf",pdf,0.11,Brahman,2015,Транслитерация Коссовича,D-author,medium,Brahman: транслитерация Коссовича решение — poster's own note,override
1412,Sandhi n(t)s.pdf,pdf,0.19,Serge A,2015,Сандхи носовых (тяжелые случаи),E,low,no rule matched — unidentified,default
1422,стихи.docx,docx,0.02,Trivikram das,2015,Нужна помощь с переводом,E,low,no rule matched — unidentified,default
1426,zaliznyak-konspekt-2015-11-X_bd_t.pdf,pdf,0.26,Marcis,2015,Ведийские особенности Зализняка,A,high,"MG's digitization/analysis of Zalizniak konspekt — the typeset layer is MG's; underlying text Zalizniak (d. 2017, in copyright) — do not serve without the D-third caveat on content",override
1429,Мудгала упанишада.pdf,pdf,0.27,Владимир Карицкий,2015,Упанишады_14_Мудгала упанишада_Пуруша и Нараяана сукты_приостановка цикла,D-author,high,"Карицкий's own teaching materials/translations (Аштадхьяя lessons, Упанишады, БГ, стотры, ВСНС) — author-posted; permission one email away",series-rule
1430,Пуруша-суктам.pdf,pdf,0.33,Владимир Карицкий,2015,Упанишады_14_Мудгала упанишада_Пуруша и Нараяана сукты_приостановка цикла,D-author,high,"Карицкий's own teaching materials/translations (Аштадхьяя lessons, Упанишады, БГ, стотры, ВСНС) — author-posted; permission one email away",series-rule
1431,knauer-27.02.pdf,pdf,3.1,Marcis,2015,невероятная многомерность грамматики Панини,A,high,MG's own Knauer edition (Bibliotheca Sanscritica III) — his re-set; base text PD (Knauer d. 1917),override
1433,Гита-бхашья 11-55.pdf,pdf,0.13,Radim Navyan,2016,Бхагавад-гита. С миру по нитке,D-author,high,"Navyan's own translations/analyses (Гита разборы, ТА сказы, ГАС)",override
1434,Чхандогья упанишада_глава 8.pdf,pdf,0.36,Владимир Карицкий,2015,Упанишады_8_Чхандогья_глава 8 и полная с 1-8,D-author,high,"Карицкий's own teaching materials/translations (Аштадхьяя lessons, Упанишады, БГ, стотры, ВСНС) — author-posted; permission one email away",series-rule
1435,Чхандогья упанишада.pdf,pdf,1.98,Владимир Карицкий,2015,Упанишады_8_Чхандогья_глава 8 и полная с 1-8,D-author,high,"Карицкий's own teaching materials/translations (Аштадхьяя lessons, Упанишады, БГ, стотры, ВСНС) — author-posted; permission one email away",series-rule
1438,शैलपोटेव मे कुलम्.docx,docx,0.01,Marcis,2015,Translation,A,medium,translation exercise sheet from MG's circle,override
1439,शैलपोटेव मे कुलम्.pdf,pdf,0.08,Marcis,2015,Translation,A,medium,translation exercise sheet from MG's circle,override
1440,Чхандогья упанишада_глава 2.doc,doc,0.34,Владимир Карицкий,2015,Упанишады_8_Чхандогья упанишада_глава 2,D-author,high,"Карицкий's own teaching materials/translations (Аштадхьяя lessons, Упанишады, БГ, стотры, ВСНС) — author-posted; permission one email away",series-rule
1441,Чхандогья упанишада_глава 2.doc,doc,0.34,Владимир Карицкий,2015,Упанишады_8_Чхандогья упанишада_глава 2,D-author,high,"Карицкий's own teaching materials/translations (Аштадхьяя lessons, Упанишады, БГ, стотры, ВСНС) — author-posted; permission one email away",series-rule
1444,devanagari.pdf,pdf,0.18,Marcis,2015,Редактрую книгу по основам санскрита. Есть два вопроса.,A,medium,devanagari basics pages — MG's editing project excerpt,override
1445,Чхандогья упанишад_глава 5.pdf,pdf,0.39,Владимир Карицкий,2015,Упанишады_8_Чхандогья_глава 5,D-author,high,"Карицкий's own teaching materials/translations (Аштадхьяя lessons, Упанишады, БГ, стотры, ВСНС) — author-posted; permission one email away",series-rule
1446,Опечатки_5.pdf,pdf,0.05,Marcis,2015,Список опечаток в Миллер-Кнауэр 1891,A,high,Опечатки в Миллер-Кнауэр 1891 — MG's own errata lists over a PD book,override
1447,Опечатки_5.pdf,pdf,0.05,Marcis,2015,Список опечаток в Миллер-Кнауэр 1891,A,high,Опечатки в Миллер-Кнауэр 1891 — MG's own errata lists over a PD book,override
1448,Опечатки_4.pdf,pdf,0.05,Marcis,2015,Список опечаток в Миллер-Кнауэр 1891,A,high,Опечатки в Миллер-Кнауэр 1891 — MG's own errata lists over a PD book,override
1449,Опечатки_3.pdf,pdf,0.05,Marcis,2015,Список опечаток в Миллер-Кнауэр 1891,A,high,Опечатки в Миллер-Кнауэр 1891 — MG's own errata lists over a PD book,override
1450,Опечатки.pdf,pdf,0.04,Marcis,2015,Список опечаток в Миллер-Кнауэр 1891,A,high,Опечатки в Миллер-Кнауэр 1891 — MG's own errata lists over a PD book,override
1451,Опечатки.pdf,pdf,0.02,Marcis,2015,Список опечаток в Миллер-Кнауэр 1891,A,high,Опечатки в Миллер-Кнауэр 1891 — MG's own errata lists over a PD book,override
1459,Шветашватара упанишада.pdf,pdf,0.42,Владимир Карицкий,2015,Упанишады_11_Шветашватара упанишада,D-author,high,"Карицкий's own teaching materials/translations (Аштадхьяя lessons, Упанишады, БГ, стотры, ВСНС) — author-posted; permission one email away",series-rule
1462,Ramayana 1.8.8.pdf,pdf,0.33,Mandala Pati (Владислав),2015,Застрял на очередном стихе Рамайаны.,E,low,no rule matched — unidentified,default
1463,ra-la-panini_.pdf,pdf,0.09,Serge A,2015,Лагху-сиддханта-каумуди (LSK),E,low,no rule matched — unidentified,default
1465,Брихад-аранйака упанишада_глава 5.pdf,pdf,0.3,Владимир Карицкий,2015,Упанишады_10_Брихад-араньяка упанишада_глава 5,D-author,high,"Карицкий's own teaching materials/translations (Аштадхьяя lessons, Упанишады, БГ, стотры, ВСНС) — author-posted; permission one email away",series-rule
1466,Аитарейа упанишада.pdf,pdf,0.25,Владимир Карицкий,2015,Упанишады_9_Аитарея упанишада,D-author,high,"Карицкий's own teaching materials/translations (Аштадхьяя lessons, Упанишады, БГ, стотры, ВСНС) — author-posted; permission one email away",series-rule
1467,Гопала-тапани упанишада.pdf,pdf,0.62,Владимир Карицкий,2015,Упанишады_12_Гопала-тапани-упанишада,D-author,high,"Карицкий's own teaching materials/translations (Аштадхьяя lessons, Упанишады, БГ, стотры, ВСНС) — author-posted; permission one email away",series-rule
1468,Брихад-аранйака упанишада_глава 4.pdf,pdf,0.54,Владимир Карицкий,2015,Упанишады_10_Брихад-араньяка упанишада_глава 4,D-author,high,"Карицкий's own teaching materials/translations (Аштадхьяя lessons, Упанишады, БГ, стотры, ВСНС) — author-posted; permission one email away",series-rule
1469,Sanskrit-Grammar-Tables-2004.pdf,pdf,0.52,Marcis,2015,Элементарные таблицы классического санскрита,A,high,"MG's own working materials: tables, plans, errata, ligature lists, specimens, notes, own papers",override
1471,Plan_NIR_1940.pdf,pdf,0.16,Marcis,2015,"В.И. Кальянов. Санскритская хрестоматия, 1940.",B-cand,medium,ЛГУ План НИР 1940 — Soviet institutional document 1940; RU PD status for corporate/anonymous works needs the 70y-from-publication rule confirmed,override
1472,Аштадхйайа_8.4.58-59.doc,doc,0.39,Владимир Карицкий,2015,: Определение термина anunāsika,D-author,high,"Карицкий's own teaching materials/translations (Аштадхьяя lessons, Упанишады, БГ, стотры, ВСНС) — author-posted; permission one email away",series-rule
1473,Брихад-аранйака упанишада_10_2.pdf,pdf,0.54,Владимир Карицкий,2015,Упанишады_10_Брихад-араньяка_2,D-author,high,"Карицкий's own teaching materials/translations (Аштадхьяя lessons, Упанишады, БГ, стотры, ВСНС) — author-posted; permission one email away",series-rule
1476,ТА 1-11 Летучий черепашонок.pdf,pdf,0.1,Radim Navyan,2015,Лёгкий санскрит. Личное мнение,D-author,high,"Navyan's own translations/analyses (Гита разборы, ТА сказы, ГАС)",override
1479,Pages from knauer-10.02.2015.pdf,pdf,0.36,Marcis,2015,Лёгкий санскрит. Личное мнение,B,high,Pages from Кнауэр Учебник (1908); Knauer d. 1917 — PD (base text); 2015 additions are MG's,override
1483,003 - ГАС-06 draft.pdf,pdf,0.11,Radim Navyan,2015,Совместные чтения. Гита-артха-санграха 6:1-9,D-author,high,"Navyan's own translations/analyses (Гита разборы, ТА сказы, ГАС)",override
1484,Брихад-аранйака упанишада_10_1.pdf,pdf,0.53,Владимир Карицкий,2015,Упанишады_10_Брихад-араньяка_глава 1,D-author,high,"Карицкий's own teaching materials/translations (Аштадхьяя lessons, Упанишады, БГ, стотры, ВСНС) — author-posted; permission one email away",series-rule
1487,Субхашитани_.pdf,pdf,1.47,Владимир Карицкий,2015,Вопрос по поводу видов санскрита,D-author,high,"Карицкий's own teaching materials/translations (Аштадхьяя lessons, Упанишады, БГ, стотры, ВСНС) — author-posted; permission one email away",series-rule
1488,Чхандогья упанишада_8_глава 7.pdf,pdf,0.37,Владимир Карицкий,2015,Упанишады_8_глава 7,D-author,high,"Карицкий's own teaching materials/translations (Аштадхьяя lessons, Упанишады, БГ, стотры, ВСНС) — author-posted; permission one email away",series-rule
1490,Чхандогья упанишада_глава 4.pdf,pdf,0.35,Владимир Карицкий,2015,Упанишады_8_Чхандогья упанишада_глава 4,D-author,high,"Карицкий's own teaching materials/translations (Аштадхьяя lessons, Упанишады, БГ, стотры, ВСНС) — author-posted; permission one email away",series-rule
1491,Чхандогья упанишада_глава 6.pdf,pdf,0.33,Владимир Карицкий,2015,Упанишады_8_Чхандогья упанишада_глава 6,D-author,high,"Карицкий's own teaching materials/translations (Аштадхьяя lessons, Упанишады, БГ, стотры, ВСНС) — author-posted; permission one email away",series-rule
1492,zaliznyak-konspekt-09.09.pdf,pdf,0.21,Marcis,2015,Санскрит: конспект грамматических сведений. А.А. Зализняк,A,high,"MG's digitization/analysis of Zalizniak konspekt — the typeset layer is MG's; underlying text Zalizniak (d. 2017, in copyright) — do not serve without the D-third caveat on content",override
1493,Чхандогья упанишада_глава 3.pdf,pdf,0.38,Владимир Карицкий,2015,Упанишады_8_Чхандогья упанишада_глава 3,D-author,high,"Карицкий's own teaching materials/translations (Аштадхьяя lessons, Упанишады, БГ, стотры, ВСНС) — author-posted; permission one email away",series-rule
1494,Брихад-аранйака упанишада_глава 6.pdf,pdf,0.45,Владимир Карицкий,2015,Упанишады_10_Брихад-араньяка_глава 6_и 1-6,D-author,high,"Карицкий's own teaching materials/translations (Аштадхьяя lessons, Упанишады, БГ, стотры, ВСНС) — author-posted; permission one email away",series-rule
1495,Брихад-аранйака упанишада.pdf,pdf,1.99,Владимир Карицкий,2015,Упанишады_10_Брихад-араньяка_глава 6_и 1-6,D-author,high,"Карицкий's own teaching materials/translations (Аштадхьяя lessons, Упанишады, БГ, стотры, ВСНС) — author-posted; permission one email away",series-rule
1496,Pages from kleon_l_rodzhersmladshii_kleon_l_rodzhersiii_novyi_lingvisti.pdf,pdf,0.16,Marcis,2015,"Шумные смычные согласные, или вопрос по фонетической терминологии",D-third,medium,"Rodgers, Новый лингв. учебник pages — in copyright",override
1498,knauer-27.02.pdf,pdf,0.32,Marcis,2015,Изящная словесность,A,high,MG's own Knauer edition (Bibliotheca Sanscritica III) — his re-set; base text PD (Knauer d. 1917),override
1499,Pages from knauer-block-march.pdf,pdf,0.1,Marcis,2015,Изящная словесность,A,high,MG's own Knauer edition (Bibliotheca Sanscritica III) — his re-set; base text PD (Knauer d. 1917),override
1500,Брихад-аранйака упанишада_Глава 3.pdf,pdf,0.49,Владимир Карицкий,2015,Упанишады_10_Брихад-араньяка_Глава 3,D-author,high,"Карицкий's own teaching materials/translations (Аштадхьяя lessons, Упанишады, БГ, стотры, ВСНС) — author-posted; permission one email away",series-rule
1501,Чхандогья упанишад_глава 1.pdf,pdf,0.4,Владимир Карицкий,2015,Упанишады_8_Чхандогья_1,D-author,high,"Карицкий's own teaching materials/translations (Аштадхьяя lessons, Упанишады, БГ, стотры, ВСНС) — author-posted; permission one email away",series-rule
1502,Метаязык конспекта Зализняка.pdf,pdf,0.04,Marcis,2015,Метаязык конспекта Зализняка,A,high,"MG's digitization/analysis of Zalizniak konspekt — the typeset layer is MG's; underlying text Zalizniak (d. 2017, in copyright) — do not serve without the D-third caveat on content",override
1503,Чхандогья упанишада_глава 2.pdf,pdf,0.37,Владимир Карицкий,2015,Упанишады_8_Чхандогья упанишад_глава 2_PDF,D-author,high,"Карицкий's own teaching materials/translations (Аштадхьяя lessons, Упанишады, БГ, стотры, ВСНС) — author-posted; permission one email away",series-rule
1504,Сборник Филогическая проблематика 2014-СамГУПС.pdf,pdf,2.33,Marcis,2015,К вопросу о статусе санскрита,D-third,medium,СамГУПС сборник 2014,override
1506,Страницы из belvalkar - recention.pdf,pdf,0.29,Serge A,2015,Бхагавад-гита_745_Вопросы,D-third,high,"Belvalkar articles, ABORI/Ganganatha Jha 1943 — Belvalkar d. 1967, not yet 70 pma — in copyright",override
1507,belvalkar - a fake BG ms.pdf,pdf,0.56,Serge A,2015,Бхагавад-гита_745_Вопросы,D-third,high,"Belvalkar articles, ABORI/Ganganatha Jha 1943 — Belvalkar d. 1967, not yet 70 pma — in copyright",override
1508,belvalkar - gondal ms.pdf,pdf,0.16,Serge A,2015,Бхагавад-гита_745_Вопросы,D-third,high,"Belvalkar articles, ABORI/Ganganatha Jha 1943 — Belvalkar d. 1967, not yet 70 pma — in copyright",override
1513,Scharfs-Corrigenda.pdf,pdf,0.08,Marcis,2014,": Он-лайн курс сансрита, Рамайана, ""облако санскрита""",C-cand,medium,Scharf's own published Corrigenda page (Brown site) — publicly posted errata,override
1515,unadi_sutras.pdf,pdf,0.08,Mandala Pati (Владислав),2015,uṇādi-sūtrāṇi,E,low,no rule matched — unidentified,default
1517,Мундака упанишад.pdf,pdf,0.3,Владимир Карицкий,2015,Упанишады_5_Мундака,D-author,high,"Карицкий's own teaching materials/translations (Аштадхьяя lessons, Упанишады, БГ, стотры, ВСНС) — author-posted; permission one email away",series-rule
1520,Pages from Brockhaus-DruckSans-1841.pdf,pdf,0.24,Marcis,2015,О букве ś = щ,B,high,"Brockhaus, Ueber den Druck sanskritischer Werke, 1841; H. Brockhaus d. 1877 — PD",override
1521,Pages from 01003561212.pdf,pdf,0.15,Marcis,2015,О букве ś = щ,B,high,"Коссович, Греческий глагол, 19th-c. imprint; d. 1883 — PD",override
1523,Zalizniak.pdf,pdf,0.39,Marcis,2015,О букве ś = щ,D-third,high,Зализняк texts (О языке древней Индии lecture; Конспект 2005/2008) — in copyright (d. 2017),override
1528,Zaliznyak-Yazyk-2011.pdf,pdf,0.55,Marcis,2015,Why in the verse word भूमौ in saptamī?,D-third,high,Зализняк texts (О языке древней Индии lecture; Конспект 2005/2008) — in copyright (d. 2017),override
1529,Zaliznyak-Konsp2008.pdf,pdf,0.35,Marcis,2015,Why in the verse word भूमौ in saptamī?,D-third,high,Зализняк texts (О языке древней Индии lecture; Конспект 2005/2008) — in copyright (d. 2017),override
1530,Kena_1-2_16-12-14.doc,doc,0.62,Андрей Андреев,2014,Упанишады_2_Кена,E,low,no rule matched — unidentified,default
1531,Kena_2-1_16-12-14.doc,doc,0.07,Андрей Андреев,2014,Упанишады_2_Кена,E,low,no rule matched — unidentified,default
1535,Ишавасйа упанишад.doc,doc,0.11,Владимир Карицкий,2014,: Упанишады_2_Кена_библиографические сведения_сканы обложек и прочее,D-author,high,"Карицкий's own teaching materials/translations (Аштадхьяя lessons, Упанишады, БГ, стотры, ВСНС) — author-posted; permission one email away",series-rule
1536,Кена упанишад.doc,doc,0.12,Владимир Карицкий,2014,: Упанишады_2_Кена_библиографические сведения_сканы обложек и прочее,D-author,high,"Карицкий's own teaching materials/translations (Аштадхьяя lessons, Упанишады, БГ, стотры, ВСНС) — author-posted; permission one email away",series-rule
1542,Ишавасйа упанишад.doc,doc,0.1,Владимир Карицкий,2014,: Упанишады_2_Кена,D-author,high,"Карицкий's own teaching materials/translations (Аштадхьяя lessons, Упанишады, БГ, стотры, ВСНС) — author-posted; permission one email away",series-rule
1543,Кена упанишад.doc,doc,0.15,Владимир Карицкий,2014,: Упанишады_2_Кена,D-author,high,"Карицкий's own teaching materials/translations (Аштадхьяя lessons, Упанишады, БГ, стотры, ВСНС) — author-posted; permission one email away",series-rule
1545,Lihusina-Upanishady.pdf,pdf,0.2,Marcis,2014,: Упанишады_2_Кена,D-third,high,Likhushina Упанишады pages — living author,override
1546,2_Кена упанишад.pdf,pdf,0.21,Владимир Карицкий,2014,Упанишады_2_Кена,D-author,high,"Карицкий's own teaching materials/translations (Аштадхьяя lessons, Упанишады, БГ, стотры, ВСНС) — author-posted; permission one email away",series-rule
1547,1_Ишавасйа упанишад.pdf,pdf,0.16,Владимир Карицкий,2014,Упанишады_1_Ишавасья,D-author,high,"Карицкий's own teaching materials/translations (Аштадхьяя lessons, Упанишады, БГ, стотры, ВСНС) — author-posted; permission one email away",series-rule
1549,Whitney Roots sorted by Upasarga.pdf,pdf,0.15,Marcis,2014,"Список санскритских глагольных корней У. Уитни, упорядоченный по префиксам",A,high,"MG's own working materials: tables, plans, errata, ligature lists, specimens, notes, own papers",override
1560,Gayatri2011R6.pdf,pdf,0.83,Worga,2015,"Интересное интервью, Елизаренкова рассказ. о Рерихе Ю.Н., Смирнове...",D-author,medium,"Zommer, Gāyatrī Mantra… — author-posted-adjacent essay; treat as its author's work",override
1564,Kraft-1832.pdf,pdf,0.29,Marcis,2015,कृ,B,medium,Kraft 1832 imprint; author pre-1900 era — PD by imprint age; exact author to confirm,override
1565,Alfieri_Root-libre.pdf,pdf,0.22,Dmitri,2015,Состав и строй древнеиндийских корней: история изучения,D-third,medium,"Alfieri, The arrival of the Indian notion of root… — academia.edu-circulated article, in copyright",override
1566,gasuns-dhatu-PhD-ref.pdf,pdf,0.31,Marcis,2014,Состав и строй древнеиндийских корней: история изучения,A,high,"MG's own working materials: tables, plans, errata, ligature lists, specimens, notes, own papers",override
1567,gasuns-dhatu-PhD-text.pdf,pdf,1.53,Marcis,2014,Состав и строй древнеиндийских корней: история изучения,A,high,"MG's own working materials: tables, plans, errata, ligature lists, specimens, notes, own papers",override
1581,Weber-1852.pdf,pdf,2.64,Marcis,2015,Упанишады_Иша_Кена_Катха,B,high,Weber 1852 (Vorlesungen-era pages); A. Weber d. 1901 — PD,override
1584,Ишавасйа упанишад.pdf,pdf,0.17,Владимир Карицкий,2014,Упанишады_Иша_Кена_Катха,D-author,high,"Карицкий's own teaching materials/translations (Аштадхьяя lessons, Упанишады, БГ, стотры, ВСНС) — author-posted; permission one email away",series-rule
1585,Кена упанишад.pdf,pdf,0.2,Владимир Карицкий,2014,Упанишады_Иша_Кена_Катха,D-author,high,"Карицкий's own teaching materials/translations (Аштадхьяя lessons, Упанишады, БГ, стотры, ВСНС) — author-posted; permission one email away",series-rule
1586,Катха упанишад.pdf,pdf,0.38,Владимир Карицкий,2014,Упанишады_Иша_Кена_Катха,D-author,high,"Карицкий's own teaching materials/translations (Аштадхьяя lessons, Упанишады, БГ, стотры, ВСНС) — author-posted; permission one email away",series-rule
1587,Фриш-1_27.11.14.pdf,pdf,0.09,Marcis,2014,Экспресс-аннотации на обложку Фриша,A,high,"MG's own Frish edition materials (Bibliotheca Sanscritica, сост. MG)",override
1588,Таитирийа упанишад.pdf,pdf,0.49,Владимир Карицкий,2015,Упанишады_7_Таитирия,D-author,high,"Карицкий's own teaching materials/translations (Аштадхьяя lessons, Упанишады, БГ, стотры, ВСНС) — author-posted; permission one email away",series-rule
1589,Мандукйа упанишад.pdf,pdf,0.16,Владимир Карицкий,2015,Упанишады_6_Мандукья,D-author,high,"Карицкий's own teaching materials/translations (Аштадхьяя lessons, Упанишады, БГ, стотры, ВСНС) — author-posted; permission one email away",series-rule
1590,Kuznecov_num_7-1-2003.pdf,pdf,0.54,Marcis,2014,Воспоминания П.С. Кузнецова (про Кнауэра),D-third,high,"Кузнецов memoir, Моск. лингв. журнал 2003 — in copyright",override
1591,4_Прашна упанишад.pdf,pdf,0.31,Владимир Карицкий,2014,Упанишады_4_Прашна,D-author,high,"Карицкий's own teaching materials/translations (Аштадхьяя lessons, Упанишады, БГ, стотры, ВСНС) — author-posted; permission one email away",series-rule
1592,BUDDHA.pdf,pdf,0.06,Marcis,2015,Задача BUDDHA,A,high,"MG's own working materials: tables, plans, errata, ligature lists, specimens, notes, own papers",override
1593,YS_devanagari_skt.pdf,pdf,0.07,Dmitri,2015,Из Йогасутры,E,low,no rule matched — unidentified,default
1595,Бхашья и вритти к стиху 1_2_Йога-сутры.doc,doc,0.18,Владимир Карицкий,2014,Из Йогасутры,D-author,high,"Карицкий's own teaching materials/translations (Аштадхьяя lessons, Упанишады, БГ, стотры, ВСНС) — author-posted; permission one email away",series-rule
1596,Vogel-Lexikographie1999.pdf,pdf,1.77,Marcis,2015,Хотел узнать ваше мнение по поводу словаря Ефимовского,D-third,high,Vogel 1999,override
1601,а.djvu,djvu,0.24,Тихвинский Виталий Игоревич,2015,Санскритские словари в формате файлов Excel.,E,low,"а.djvu — cryptic name, no text; unidentifiable",override
1604,Как написать на персидском и арабском.doc,doc,0.22,Brahman,2015,Санскритские словари в формате файлов Excel.,D-author,medium,Brahman: Как написать на персидском и арабском — poster's own note,override
1629,1 Уилсон.pdf,pdf,0.3,Тихвинский Виталий Игоревич,2015,Санскритские словари в формате файлов Excel.,D-author,high,"Тихвинский project docs (словари Excel, макросы) — his own",override
1632,Гумбольт про санскрит 103_1859.pdf,pdf,1.91,Marcis,2015,Гумбольдт про санскрит,B,high,"Гумбольдт про санскрит, 1859 print; W. v. Humboldt d. 1835 — PD",override
1633,Bhagavad Gita Bhashya - Swami Gambhirananda Translation.pdf,pdf,2.2,Владимир Карицкий,2015,: Совместные чтения. БГ 2:16.,D-third,high,Gambhirananda BG transl. (Advaita Ashrama) — in copyright,override
1634,001 - Щанкара БГ 2-16.pdf,pdf,0.21,Radim Navyan,2015,Совместные чтения. БГ 2:16.,D-author,high,"Navyan's own translations/analyses (Гита разборы, ТА сказы, ГАС)",override
1641,Pages from Kochergina-Sanskrit-1998.pdf,pdf,0.16,Marcis,2015,": Кочергина В.А. Учебник санскрита. Учебное пособие. Москва. Добросвет, МЦНМО 2015г.",D-third,high,Kochergina Учебник 1998 scan pages — in copyright,override
1642,Pages from Kochergina-Sanskrit-1998-2.pdf,pdf,0.15,Marcis,2015,": Кочергина В.А. Учебник санскрита. Учебное пособие. Москва. Добросвет, МЦНМО 2015г.",D-third,high,Kochergina Учебник 1998 scan pages — in copyright,override
1650,bayer-commentariiacade04impe.pdf,pdf,1.66,Marcis,2013,"Bayer, Th. S. (1725) Elementa Brachmanica, Tangutana et Mungalica",B,high,Bayer 1735 — PD,override
1657,AHS layout.pdf,pdf,0.62,Marcis,2013,Практикуемся в санскрите читая Рамаяну,A,high,AHS (Aṣṭāṅgahṛdaya) layout files — MG's own typesetting of a PD base text,override
1660,Страницы 82-83 из Dashiev-ChzhudShi-1988.pdf,pdf,1.95,Marcis,2013,Перевод Вагбхаты (с тибетского на русский язык),D-third,high,"Дашиев, Чжуд-Ши transl. 1988 pages — in copyright",override
1663,Specimen шрифта.pdf,pdf,0.12,Marcis,2013,Сделал интерактивный перекодировщик с транслитерации в деванагари для Word.,A,high,"MG's own working materials: tables, plans, errata, ligature lists, specimens, notes, own papers",override
1670,Страницы из 034 tom_Russkiy arhiv_1877_vip 9-12.pdf,pdf,1.9,Marcis,2015,Кириллическая транслитерация. Сделаем мир лучше. Вместе.,B,high,Русский архив 1877 / Коссович biograph. materials 19th c.; Коссович d. 1883 — PD,override
1671,Коссовичъ.pdf,pdf,2.7,Marcis,2015,Кириллическая транслитерация. Сделаем мир лучше. Вместе.,B,high,Русский архив 1877 / Коссович biograph. materials 19th c.; Коссович d. 1883 — PD,override
1672,Рогозинников ИВ88 31 2.pdf,pdf,0.26,Marcis,2015,Кириллическая транслитерация. Сделаем мир лучше. Вместе.,B,high,Русский архив 1877 / Коссович biograph. materials 19th c.; Коссович d. 1883 — PD,override
1675,1 Назначение макросов перекодировок и др..pdf,pdf,0.3,śrīdṛṣṭvā,2013,Кириллическая транслитерация. Сделаем мир лучше. Вместе.,D-author,high,"Тихвинский project docs (словари Excel, макросы) — his own",override
1678,Drevneindiiskie_aforizmy.doc,doc,0.25,Marcis,2013,Indische Sprüche: Otto von Böhtlingk (оба изд.),D-third,medium,"Древнеиндийские афоризмы (Böhtlingk transl. compilation) — Soviet translation, in copyright",override
1680,1-30_Frish-II-2014.pdf,pdf,3.42,Marcis,2014,Хрестоматия санскрита: в 2 т. / сост. О. Фриш. Ред. В. Поржицка,A,high,"MG's own Frish edition materials (Bibliotheca Sanscritica, сост. MG)",override
1683,warnekar-lost.pdf,pdf,0.02,Marcis,2013,लोकहितं मम करणीयम् (не хватает библиографических сведений по тексту ученого Варнекара),E,low,"Marcis-posted, not individually identified this pass — honest E, re-triage on demand",series-rule
1686,1146254_5C885_borisov_l_a_orlov_yu_n_osminin_k_p_identifikaciya_avtora_tek.pdf,pdf,0.54,Marcis,2013,Идентификация автора текста по распределению частот буквосочетаний [лит. наследие Е.И. Рерих],D-third,medium,ИПМ preprint,override
1687,AHS layout.pdf,pdf,0.62,Marcis,2013,"Сочетание деванагари, кириллицы, греческого и IPA символов в LyX",A,high,AHS layout specimen — MG's own typesetting sample,override
1696,Интересные стандартные символы кириллицы.pdf,pdf,0.07,Brahman,2013,Интересные стандартные символы кириллицы.,D-author,medium,Brahman: кириллические символы notes — poster's own,override
1697,Интересные стандартные символы кириллицы.pdf,pdf,0.06,Brahman,2013,Интересные стандартные символы кириллицы.,D-author,medium,Brahman: кириллические символы notes — poster's own,override
1701,1 Назначение макросов перекодировок и др..pdf,pdf,0.3,Brahman,2013,Макросы для перекодировки различных транслитераций санскритского текста в санскритский текст и обрат,D-author,high,"Тихвинский project docs (словари Excel, макросы) — his own",override
1709,dhatupatha-total.pdf,pdf,0.11,Mandala Pati (Владислав),2014,Dhatupatha c рус/англ переводом в pdf,D-third,medium,"Hari-nāmāmṛta-vyākaraṇa Dhātupāṭha sheets (ISKCON-circle) — compiled sheets, licence unstated",override
1710,DP_ABC.pdf,pdf,0.31,Mandala Pati (Владислав),2014,Dhatupatha c рус/англ переводом в pdf,D-third,medium,"Hari-nāmāmṛta-vyākaraṇa Dhātupāṭha sheets (ISKCON-circle) — compiled sheets, licence unstated",override
1711,DP_traditional.pdf,pdf,0.33,Mandala Pati (Владислав),2014,Dhatupatha c рус/англ переводом в pdf,D-third,medium,"Hari-nāmāmṛta-vyākaraṇa Dhātupāṭha sheets (ISKCON-circle) — compiled sheets, licence unstated",override
1712,Palsule-Artha-19.11.pdf,pdf,0.31,Marcis,2014,Dhatupatha c рус/англ переводом в pdf,D-third,high,"Palsule, An Index of Meanings (1955) — in copyright (d. 2005)",override
1713,Whitney-Roots_in_Cols.pdf,pdf,0.08,Marcis,2014,Dhatupatha c рус/англ переводом в pdf,A,high,Whitney roots re-set in columns — MG's derivative table of PD Whitney (d. 1894),override
1714,Whitney-Roots_in_Rows.pdf,pdf,0.08,Marcis,2014,Dhatupatha c рус/англ переводом в pdf,A,high,Whitney roots in rows — same,override
1715,dhatupatha-total.doc,doc,0.59,Yury Panikov,2014,Dhatupatha c рус/англ переводом в pdf,E,low,no rule matched — unidentified,default
1716,Uenger-Varnamala-A4.pdf,pdf,0.39,Marcis,2013,Περὶ τῶν μαθηματικῶν καὶ τῆς ἀστρονομίας,A,high,MG's own varnamala posters (typeset from PD 19th-c. type designs),override
1717,Schlegel-Varnamala-A4.pdf,pdf,0.39,Marcis,2013,Περὶ τῶν μαθηματικῶν καὶ τῆς ἀστρονομίας,A,high,MG's own varnamala posters (typeset from PD 19th-c. type designs),override
1718,Appel-a-Communication_Histoire-des-Theories-Phono-Symboliques_2014.pdf,pdf,0.02,Luca Nobile,2013,Call for papers - Towards a History of Sound Symbolic Theories,C-cand,medium,Call for papers 2013/2014 — announcements meant for distribution,override
1719,Call-for-Papers_History-of-Sound-Symbolic-Theories_2014.pdf,pdf,0.06,Luca Nobile,2013,Call for papers - Towards a History of Sound Symbolic Theories,C-cand,medium,Call for papers 2013/2014 — announcements meant for distribution,override
1726,Некролог Times New Indologique.pdf,pdf,0.03,Marcis,2013,Некролог Times New Indologique (конвертор Times New Indologique),A,high,"MG's own working materials: tables, plans, errata, ligature lists, specimens, notes, own papers",override
1729,Страницы из 76225478-Vision-of-the-Vedic-Poets-Jan-Gonda.pdf,pdf,0.73,Marcis,2013,Издание и перевод словаря MW + оцифровка,D-third,high,"Gonda, The Vision of the Vedic Poets (1963) — in copyright (d. 1991)",override
1730,Pujol Some observations on Sanskrit Dictionaries.pdf,pdf,0.11,Marcis,2013,Издание и перевод словаря MW + оцифровка,D-third,medium,"Pujol, Some observations on Sanskrit dictionaries — modern article, in copyright",override
1741,Способы расположения слов из подстрочника.pdf,pdf,0.63,Marcis,2013,athāto rogānutpādanīyādhyāyaṃ vyākhyāsyāmaḥ (AHS Su 4.1),A,high,"MG's own working materials: tables, plans, errata, ligature lists, specimens, notes, own papers",override
1742,AHS-Su-4.pdf,pdf,0.69,Marcis,2013,athāto rogānutpādanīyādhyāyaṃ vyākhyāsyāmaḥ (AHS Su 4.1),A,high,AHS (Aṣṭāṅgahṛdaya) layout files — MG's own typesetting of a PD base text,override
1743,AHS-Su-5.pdf,pdf,0.78,Marcis,2013,athāto rogānutpādanīyādhyāyaṃ vyākhyāsyāmaḥ (AHS Su 4.1),A,high,AHS (Aṣṭāṅgahṛdaya) layout files — MG's own typesetting of a PD base text,override
1744,AHS_Su_4.1.doc,doc,0.05,Marcis,2013,athāto rogānutpādanīyādhyāyaṃ vyākhyāsyāmaḥ (AHS Su 4.1),A,high,AHS (Aṣṭāṅgahṛdaya) layout files — MG's own typesetting of a PD base text,override
1745,Subhashitas-Eng-Russ-Germ-Boht..docx,docx,0.08,ShaSa,2014,subhAShita everyday,D-third,medium,Böhtlingk Indische Sprüche selections EN/RU/DE compiled sheet — compiler unknown,override
1748,Liste-460-Rigveda-Ligaturen-Statistik-G.pdf,pdf,0.1,Marcis,2014,Подсчет лигатур в определенном тексте,A,high,"MG's own working materials: tables, plans, errata, ligature lists, specimens, notes, own papers",override
1751,Конвертации внутри санскритского текста.pdf,pdf,0.05,Marcis,2013,"Конвертации внутри санскритского текста, постановка задачи",A,high,"MG's own working materials: tables, plans, errata, ligature lists, specimens, notes, own papers",override
1752,Ответ профессоров.doc,doc,0.25,Marcis,2013,ет проф. Императорского Университета Св. Владимира на «Обращение к цивилизованным нациям» и др.,A,high,"MG's own working materials: tables, plans, errata, ligature lists, specimens, notes, own papers",override
1754,Concordance.Preface HOS.doc,doc,0.18,Marcis,2013,General Plan of the Concordance (HOS),A,high,"MG's own working materials: tables, plans, errata, ligature lists, specimens, notes, own papers",override
1756,Kochergina-42_pril-tabl.pdf,pdf,0.12,Marcis,2015,Таблица сочетаний конечных звуков с начальными (saṃdhi),A,high,"MG's own working materials: tables, plans, errata, ligature lists, specimens, notes, own papers",override
1757,Sandhi-Table-11.01.15-Likhushina-ed.doc,doc,0.14,Marcis,2015,Таблица сочетаний конечных звуков с начальными (saṃdhi),A,high,"MG's own working materials: tables, plans, errata, ligature lists, specimens, notes, own papers",override
1758,Pages from Buhler-Leitfaden1927.pdf,pdf,0.06,Marcis,2015,Таблица сочетаний конечных звуков с начальными (saṃdhi),B,high,Pages from Bühler Leitfaden 1927 reprint; Bühler d. 1898 — PD,override
1759,Sandhi-Table-10.01.15.pdf,pdf,0.05,Marcis,2015,Таблица сочетаний конечных звуков с начальными (saṃdhi),A,high,"MG's own working materials: tables, plans, errata, ligature lists, specimens, notes, own papers",override
1760,Sandhi-Table-072013.pdf,pdf,0.22,Marcis,2013,Таблица сочетаний конечных звуков с начальными (saṃdhi),A,high,"MG's own working materials: tables, plans, errata, ligature lists, specimens, notes, own papers",override
1761,Sandhi-Table-072013.pdf,pdf,0.07,Marcis,2013,Таблица сочетаний конечных звуков с начальными (saṃdhi),A,high,"MG's own working materials: tables, plans, errata, ligature lists, specimens, notes, own papers",override
1762,Sandhi-Table-0213.pdf,pdf,0.27,Marcis,2013,Таблица сочетаний конечных звуков с начальными (saṃdhi),A,high,"MG's own working materials: tables, plans, errata, ligature lists, specimens, notes, own papers",override
1769,Программа спецкурса по санскриту 2007 Гасунс.pdf,pdf,0.08,Marcis,2013,Программа спецкурса: Грамматический строй санскрита,A,high,"MG's own working materials: tables, plans, errata, ligature lists, specimens, notes, own papers",override
1780,Schlegel-Varnamala-A4.pdf,pdf,0.39,Marcis,2013,Плакат алфавита деванагари,A,high,MG's own varnamala posters (typeset from PD 19th-c. type designs),override
1781,Uenger-Varnamala-A4.pdf,pdf,0.39,Marcis,2013,Плакат алфавита деванагари,A,high,MG's own varnamala posters (typeset from PD 19th-c. type designs),override
1782,1.pdf,pdf,4.12,manoj sankaranarayana,2013,Сводка для группы nagari@googlegroups.com - Сообщения: 4 в Тем: 1,E,low,1.pdf unnamed 4.1MB — unidentifiable,override
1791,Die Ausspräche der Buchstaben.doc,doc,0.04,Marcis,2013,Die Ausspräche der Buchstaben (1883 г.),E,low,"Marcis-posted, not individually identified this pass — honest E, re-triage on demand",series-rule
1799,zwxindy.pdf,pdf,0.22,Marcis,2013,Сортировка санскрита,E,low,"Marcis-posted, not individually identified this pass — honest E, re-triage on demand",series-rule
1806,concordance-layout-sample.pdf,pdf,0.25,Marcis,2013,Макет карточки (списка) конкорданса известных науке дхату,A,high,"MG's own working materials: tables, plans, errata, ligature lists, specimens, notes, own papers",override
1813,LatinTermsSanskritDictionaries.doc,doc,0.07,Marcis,2013,Latin Terms in Sanskrit Dictionaries (2006 г.),A,high,"MG's own working materials: tables, plans, errata, ligature lists, specimens, notes, own papers",override
1814,LatinTermsSanskritDictionaries.pdf,pdf,0.1,Marcis,2013,Latin Terms in Sanskrit Dictionaries (2006 г.),A,high,"MG's own working materials: tables, plans, errata, ligature lists, specimens, notes, own papers",override
1816,converting-issues.pdf,pdf,0.03,Marcis,2013,Как определить «кашу» при конвертации текстов нагари,A,high,"MG's own working materials: tables, plans, errata, ligature lists, specimens, notes, own papers",override
1823,ИНИОН-Индология-2002.pdf,pdf,0.58,Marcis,2013,Индология в Российской Федерации. Институты и организации (2002 г.),D-third,high,ИНИОН справочник Индология 2002 — in copyright,override
1824,ИНИОН-Индология-2002.doc,doc,0.46,Marcis,2013,Индология в Российской Федерации. Институты и организации (2002 г.),D-third,high,ИНИОН справочник Индология 2002 — in copyright,override
1826,List of German Indologists 2005.doc,doc,0.41,Marcis,2013,"German Indology: A List of Institutions and Persons, 2005",A,high,"MG's own working materials: tables, plans, errata, ligature lists, specimens, notes, own papers",override
1827,План санскрито-русского словаря-минимума.doc,doc,0.06,Marcis,2013,План санскрито-русского словаря-минимума,A,high,"MG's own working materials: tables, plans, errata, ligature lists, specimens, notes, own papers",override
1828,План санскрито-русского словаря-минимума.pdf,pdf,0.1,Marcis,2013,План санскрито-русского словаря-минимума,A,high,"MG's own working materials: tables, plans, errata, ligature lists, specimens, notes, own papers",override
1829,История воззрений на корень в санскрите.doc,doc,0.04,Marcis,2013,История воззрений на корень в санскрите (2006 г.),A,high,"MG's own working materials: tables, plans, errata, ligature lists, specimens, notes, own papers",override
1830,История воззрений на корень в санскрите.pdf,pdf,0.03,Marcis,2013,История воззрений на корень в санскрите (2006 г.),A,high,"MG's own working materials: tables, plans, errata, ligature lists, specimens, notes, own papers",override
1831,Munda lexemes in Sanskrit.doc,doc,0.15,Marcis,2013,"F.B.J. Kuiper, Proto-Munda Words in Sanskrit, 1948",A,high,"MG's own working materials: tables, plans, errata, ligature lists, specimens, notes, own papers",override
1833,ista.doc,doc,0.04,Marcis,2013,Трудности перевода (конвертация текста Sanskrit 1.2 -> Sanskrit 2003),A,high,"MG's own working materials: tables, plans, errata, ligature lists, specimens, notes, own papers",override
1839,sanskrit12.pdf,pdf,0.06,Marcis,2013,Трудности перевода (конвертация текста Sanskrit 1.2 -> Sanskrit 2003),A,high,"MG's own working materials: tables, plans, errata, ligature lists, specimens, notes, own papers",override
1840,sanskrit12.doc,doc,0.04,Marcis,2013,Трудности перевода (конвертация текста Sanskrit 1.2 -> Sanskrit 2003),A,high,"MG's own working materials: tables, plans, errata, ligature lists, specimens, notes, own papers",override
1841,DhatupathaMW.doc,doc,0.29,Marcis,2013,Список (неполный) корней из словаря Монье-Уильяма,A,high,"MG's own working materials: tables, plans, errata, ligature lists, specimens, notes, own papers",override
1842,DhatupathaMW.pdf,pdf,0.13,Marcis,2013,Список (неполный) корней из словаря Монье-Уильяма,A,high,"MG's own working materials: tables, plans, errata, ligature lists, specimens, notes, own papers",override
1850,kena-specimen-01.pdf,pdf,0.04,Marcis,2013,Отладка Santipur OT в боевых условиях,A,high,"MG's own working materials: tables, plans, errata, ligature lists, specimens, notes, own papers",override
1851,reader_2-middle.pdf,pdf,0.11,Marcis,2013,Отладка Santipur OT в боевых условиях,A,high,"MG's own working materials: tables, plans, errata, ligature lists, specimens, notes, own papers",override
1853,sarve-dirgham.pdf,pdf,0.02,Marcis,2013,Отладка Santipur OT в боевых условиях,A,high,"MG's own working materials: tables, plans, errata, ligature lists, specimens, notes, own papers",override
1863,svasti-common-sanskrit-phrases.doc,doc,0.03,Marcis,2013,"Все, кроме ругательств (разговорный санскрит)",A,high,"MG's own working materials: tables, plans, errata, ligature lists, specimens, notes, own papers",override
1865,Восстановление изначального вида Шри Ишопанишад (Атма-аштака).docx,docx,0.03,andron,2013,Восстановление изначального вида Шри Ишопанишад (Атма-аштака).,E,low,no rule matched — unidentified,default
1866,В. И. Топоров. О некоторых аналогиях.doc,doc,0.12,Marcis,2013,В. И. Топоров. О некоторых аналогиях к проблемам и методам современного языкознания в трудах...,D-third,high,Топоров article — in copyright (d. 2005),override
1867,В. И. Топоров. О некоторых аналогиях.pdf,pdf,0.08,Marcis,2013,В. И. Топоров. О некоторых аналогиях к проблемам и методам современного языкознания в трудах...,D-third,high,Топоров article — in copyright (d. 2005),override
1868,Приложение-характеристики.pdf,pdf,0.09,Marcis,2013,Бинарное сопоставление 14 источников глагольных корней,A,high,"MG's own working materials: tables, plans, errata, ligature lists, specimens, notes, own papers",override
1869,gasuns-rootbook-2005.pdf,pdf,0.35,Marcis,2013,Настольная книга санскрита: глагол (2005 г.),A,high,"MG's own working materials: tables, plans, errata, ligature lists, specimens, notes, own papers",override
1873,lihusina-vacabulary.pdf,pdf,0.67,Marcis,2015,Слова из словаря Лихушиной (4495 шт.),D-third,high,Vocabulary derived from Likhushina's dictionary — derivative of a living author's work,override
1881,Raskraska-Lihusonoy.pdf,pdf,1.13,Marcis,2013,Слова из словаря Лихушиной (4495 шт.),D-third,high,Vocabulary derived from Likhushina's dictionary — derivative of a living author's work,override
1882,Lihusina-Vocab.pdf,pdf,0.69,Marcis,2013,Слова из словаря Лихушиной (4495 шт.),D-third,high,Vocabulary derived from Likhushina's dictionary — derivative of a living author's work,override
1885,поправки к дополнениям к индексу.doc,doc,0.03,Marcis,2013,Неучтенные поправки к дополнениям к индексу Кнауэра 2011 г.,A,high,"MG's own working materials: tables, plans, errata, ligature lists, specimens, notes, own papers",override
1901,Санскрит_Падежи.pdf,pdf,3.02,Yury Panikov,2012,сутры по падежам,D-third,medium,Санскрит_Падежи compilation over Кочергина dict — derivative compiled sheet,override
1902,Франц_ немец_ шрифты.pdf,pdf,0.07,Marcis,2013,"First we take Manhattan (drshtva), then we take Berlin (sarve)",A,high,"MG's own working materials: tables, plans, errata, ligature lists, specimens, notes, own papers",override
1903,devanagari-unicode-font-specimens.pdf,pdf,0.06,Marcis,2013,"First we take Manhattan (drshtva), then we take Berlin (sarve)",A,high,"MG's own working materials: tables, plans, errata, ligature lists, specimens, notes, own papers",override
1905,Субхашитани.pdf,pdf,1.27,Владимир Карицкий,2012,Субхашитани,D-author,high,"Карицкий, Субхашитани compilation — his own",override
1906,020B0@0=B88.docx,docx,0.04,andron,2012,Возможная неточность в традиционном переводе стиха.,E,low,no rule matched — unidentified,default
1907,Sanskrit-Grammar-Tables-2004.pdf,pdf,0.52,Marcis,2013,Таблицы склонений и спряжений санскрита (2004 г.),A,high,"MG's own working materials: tables, plans, errata, ligature lists, specimens, notes, own papers",override
1914,Bhandarkar Book 2-155.pdf,pdf,0.06,Arvind Kolhatkar,2011,саМхаХ сарвашвАпадеШу балиШТхаХ как перевести?,E,low,no rule matched — unidentified,default
1915,Arhiv.pdf,pdf,0.06,Marcis,2013,Архив хранит фонд академика Ф.И. Щербатского,A,high,"MG's own working materials: tables, plans, errata, ligature lists, specimens, notes, own papers",override
1917,Авестийский алфавит.pdf,pdf,0.1,Marcis,2013,Авестийский алфавит,A,high,"MG's own working materials: tables, plans, errata, ligature lists, specimens, notes, own papers",override
1918,Авестийский алфавит.doc,doc,0.05,Marcis,2013,Авестийский алфавит,A,high,"MG's own working materials: tables, plans, errata, ligature lists, specimens, notes, own papers",override
1920,BG_Visvanatha Cakravarti Thakura commentary.pdf,pdf,0.91,Mandala Pati,2013,Bhagavad Gita,E,low,no rule matched — unidentified,default
1922,KB0NAL =09B8 2A5 2>7<>6=K5 A B>G:8 7@5=8O 3@0<0B8:8 7=0G5=8O A;>2>A>G5B0=8O IzAvAsyam.pdf,pdf,0.19,andron,2012,Вопросы по Шри Ишопанишад.,E,low,no rule matched — unidentified,default
1925,<0=B@0 18.docx,docx,0.08,andron,2012,Вопросы по Шри Ишопанишад.,E,low,no rule matched — unidentified,default
1927,>@>G5 3>2>@O.docx,docx,0.02,andron,2012,Вопросы по Шри Ишопанишад.,E,low,no rule matched — unidentified,default
1928,'5B2Q@B0O <0=B@0.docx,docx,0.17,andron,2012,Вопросы по Шри Ишопанишад.,E,low,no rule matched — unidentified,default
1936,SANSKRIT_I.pdf,pdf,0.1,Marcis,2012,Материалы по аюрведическому санскриту,D-third,medium,syllabi,override
1937,ug-syllabus-2010.pdf,pdf,0.27,Marcis,2012,Материалы по аюрведическому санскриту,D-third,medium,syllabi,override
1939,Разночтения.doc,doc,0.07,Marcis,2012,Типы разночтений в редакциях санскритских корнесловов,A,high,"MG's own working materials: tables, plans, errata, ligature lists, specimens, notes, own papers",override
1946,stih7.doc,doc,0.04,Тихвинский Виталий Игоревич,2011,"Бхагавадгита, перевод в стихах.",D-author,high,Тихвинский/Густяков own translation-project files,series-rule
1947,stih4.doc,doc,0.03,Тихвинский Виталий Игоревич,2011,"Бхагавадгита, перевод в стихах.",D-author,high,Тихвинский/Густяков own translation-project files,series-rule
1948,stih3.doc,doc,0.03,Тихвинский Виталий Игоревич,2011,"Бхагавадгита, перевод в стихах.",D-author,high,Тихвинский/Густяков own translation-project files,series-rule
1949,stih2.doc,doc,0.03,Тихвинский Виталий Игоревич,2011,"Бхагавадгита, перевод в стихах.",D-author,high,Тихвинский/Густяков own translation-project files,series-rule
1950,stih.doc,doc,0.04,Тихвинский Виталий Игоревич,2011,"Бхагавадгита, перевод в стихах.",D-author,high,Тихвинский/Густяков own translation-project files,series-rule
1953,shema_translit2.doc,doc,0.01,Marcis,2012,450 из 1000 Кнауэров распродано за полгода за 450 рупий за шт.,A,high,"MG's own working materials: tables, plans, errata, ligature lists, specimens, notes, own papers",override
1960,karaka_prakarana_course.doc,doc,0.84,Trivikram das,2017,Взаимоотношение слов в предложении,E,low,no rule matched — unidentified,default
1961,!НР. Матрица актантов _схема_.pdf,pdf,0.04,Radim Navyan,2017,Взаимоотношение слов в предложении,D-author,high,Navyan's own translation drafts,series-rule
1964,Шри Вишну-сахасра-нама-стотрам.doc,doc,2.26,Владимир Карицкий,2017,: Вишну-сахасра-нама-стотрам_бхашйа,D-author,high,"Карицкий's own teaching materials/translations (Аштадхьяя lessons, Упанишады, БГ, стотры, ВСНС) — author-posted; permission one email away",series-rule
1967,Шри Вишну-сахасра-нама-стотрам.pdf,pdf,1.9,Владимир Карицкий,2011,Вишну-сахасра-нама-стотрам_бхашйа,D-author,high,"Карицкий's own teaching materials/translations (Аштадхьяя lessons, Упанишады, БГ, стотры, ВСНС) — author-posted; permission one email away",series-rule
1986,Bayarin-Panini.pdf,pdf,0.25,Marcis,2015,Книги Панини,E,low,"Marcis-posted, not individually identified this pass — honest E, re-triage on demand",series-rule
1989,Liste-807-ed2014.pdf,pdf,0.46,Marcis,2014,часто употребляемые лигатуры,A,high,"MG's own working materials: tables, plans, errata, ligature lists, specimens, notes, own papers",override
1990,Ugnern-Devanagari-2.0.pdf,pdf,0.36,Marcis,2013,часто употребляемые лигатуры,A,high,"MG's own working materials: tables, plans, errata, ligature lists, specimens, notes, own papers",override
1991,Ligaturen-Liste-2013b.pdf,pdf,0.51,Marcis,2013,часто употребляемые лигатуры,A,high,"MG's own working materials: tables, plans, errata, ligature lists, specimens, notes, own papers",override
1992,10-initial-ligatures.pdf,pdf,0.01,Marcis,2013,часто употребляемые лигатуры,A,high,"MG's own working materials: tables, plans, errata, ligature lists, specimens, notes, own papers",override
1993,Stiehl2007-color.pdf,pdf,0.45,Marcis,2013,часто употребляемые лигатуры,D-third,medium,"Stiehl 2007 ligature list (color) — in-copyright reference sheet, freely circulated on author's site",override
1994,Stiehl2007-small.pdf,pdf,0.09,Marcis,2013,часто употребляемые лигатуры,D-third,medium,Stiehl 2007 ligature list (small) — same,override
1995,SanskritHelpRus.doc,doc,0.07,vladimir,2009,часто употребляемые лигатуры,E,low,no rule matched — unidentified,default
2009,УРОК III.doc,doc,0.04,Simurg Gamayun,2008,Бюлер,E,low,no rule matched — unidentified,default
2010,УРОК I.doc,doc,0.03,Marcis Gasuns,2008,Бюлер,E,low,no rule matched — unidentified,default
2011,УРОК II.doc,doc,0.04,Marcis Gasuns,2008,Бюлер,E,low,no rule matched — unidentified,default
2012,УРОК III.doc,doc,0.03,Marcis Gasuns,2008,Бюлер,E,low,no rule matched — unidentified,default
2013,УРОК IV.doc,doc,0.05,Marcis Gasuns,2008,Бюлер,E,low,no rule matched — unidentified,default
2014,Урок V.doc,doc,0.04,Marcis Gasuns,2008,Бюлер,E,low,no rule matched — unidentified,default
2015,УРОК VI.doc,doc,0.04,Marcis Gasuns,2008,Бюлер,E,low,no rule matched — unidentified,default
2016,Doc3.doc,doc,0.04,Наталия Маркова,2007,время пришло,E,low,no rule matched — unidentified,default
2017,Doc2.doc,doc,0.03,Наталия Маркова,2007,время пришло,E,low,no rule matched — unidentified,default
2018,Doc2.doc,doc,0.03,Наталия Маркова,2007,время пришло,E,low,no rule matched — unidentified,default
2019,Doc1.doc,doc,0.04,Наталия Маркова,2007,время пришло,E,low,no rule matched — unidentified,default
2020,sandhihandbook.pdf,pdf,0.13,Dmitri,2015,Что такое сандхи и как его донести до студентов,E,low,no rule matched — unidentified,default
2021,Sandhi-Table-27.04.15-Likhushina-ed.pdf,pdf,0.05,Marcis,2015,Что такое сандхи и как его донести до студентов,A,high,"MG's own working materials: tables, plans, errata, ligature lists, specimens, notes, own papers",override
2022,Knauer festgrussanrudo00kuhngoog.pdf,pdf,16.46,Marcis,2013,Посоветуйте учебники санскрита!,B,high,Festgruss an Rudolf von Roth 1893 / Göttingische gelehrte Anzeigen 19th c. — PD by age,override
2023,Knauer gttingischegele30sachgoog.pdf,pdf,11.97,Marcis,2013,Посоветуйте учебники санскрита!,B,high,Festgruss an Rudolf von Roth 1893 / Göttingische gelehrte Anzeigen 19th c. — PD by age,override
2024,Zu-iti-ca-FestBohtlingk.pdf,pdf,2.12,Marcis,2013,Посоветуйте учебники санскрита!,B,high,Festgruss an Otto von Böhtlingk 1888 — PD,override
2025,_portal_Soc_Gum_Pni_2008_08ivcozu.pdf,pdf,0.33,Marcis,2013,Посоветуйте учебники санскрита!,D-third,medium,"Черказьянова, Немцы—российские ученые… 2008 article — in copyright",override
2026,Кнауэр 3-е изд. библиография 2013.pdf,pdf,0.08,Marcis,2013,Посоветуйте учебники санскрита!,B,high,"Кнауэр materials: библиография (own 2013 compilation on PD sources) / Чтения 1889 / ЖМНП 1904 — imprints pre-1917, authors d. pre-1930 — PD",override
2028,Курганы Кнауэра ChOINL_03_1889.pdf,pdf,1.57,Marcis,2013,Посоветуйте учебники санскрита!,B,high,"Кнауэр materials: библиография (own 2013 compilation on PD sources) / Чтения 1889 / ЖМНП 1904 — imprints pre-1917, authors d. pre-1930 — PD",override
2029,Кнауэр Гамбург Часть 356_1904.pdf,pdf,1.63,Marcis,2013,Посоветуйте учебники санскрита!,B,high,"Кнауэр materials: библиография (own 2013 compilation on PD sources) / Чтения 1889 / ЖМНП 1904 — imprints pre-1917, authors d. pre-1930 — PD",override
